TradeName,ScientifiName,Size,SizeUnit,DrugType,LegalStatus,Manufacture Name,Manufacture_Country,AuthorizationStatus,LastUpdate,,
OS-CAL TAB 500MG,CALCIUM CARBONATE,-,-,NCE,OTC,PFIZER,Canada,Valid,8/29/2022,,
ORUVAIL S-R CAPS 100 MG,KETOPROFEN,-,-,NCE,Prescription,sanofi-aventis,United Kingdom,Valid,8/29/2022,,
ORTHOVISC 15MG-ML SOLU FOR I-A Injection*,SODIUM HYALURONATE,2,ml,Generic,Prescription,ANIKA THERAPEUTICS,United States,Valid,8/29/2022,,
ORS New (50 SACHET),"SODIUM CHLORIDE,POTASSIUM CHLORIDE,TRI SODIUM CITRATE,DEXTROSE",-,-,Generic,OTC,NATIONAL PHARMACEUTICAL INDUSTRIES CO,Oman,Valid,11/30/2022,,
ORS 30GM SACHET,"SODIUM CHLORIDE,POTASSIUM CHLORIDE,TRI SODIUM CITRATE,DEXTROSE",-,-,Generic,OTC,NATIONAL PHARMACEUTICAL INDUSTRIES CO,Oman,Valid,7/8/2025,,
ORENCIA 250MG POWDER FOR SOLUTION FOR INFUSION,ABATACEPT,10,ml,NCE,Prescription,BRISTOL-MYERS SQUIBB,United States,Valid,7/2/2025,,
ORENCIA 125MG Solution for injection in pre-filled syringe,ABATACEPT,1,ml,NCE,Prescription,"BRISTOL-MYERS SQUIBB HOLDINGS PHARMA, Ltd. LIABBILITY COMPANY",United States,Valid,8/1/2022,,
ORELOX 100MG TABLETS,CEFPODOXIME,-,-,Generic,Prescription,SANOFI WINTHROP INDUSTRIE,France,Valid,8/29/2022,,
OSPEN 500,PHENOXYMETHYLPENICILLIN,-,-,NCE,Prescription,SANDOZ,Austria,Valid,5/13/2024,,
ORBENIN 500MG VIAL,CLOXACILLIN,-,-,NCE,Prescription,SMIITHKLINE BEECHAM,United Kingdom,Valid,1/9/2025,,
OSPEN 1000 ,PHENOXYMETHYLPENICILLIN,-,-,NCE,Prescription,SANDOZ,Austria,Valid,5/13/2024,,
OPTIRAY 300MG-ML SOLUTION FOR IV. Injection,IOVERSOL,100,ml,Generic,Prescription,LIEBEL  FLARSHEIM  COMPANY  LLC,United States,Valid,8/31/2022,,
OPTIRAY 300MG-ML SOLUTION FOR IV. Injection*,IOVERSOL,100,ml,Generic,Prescription,LIEBEL  FLARSHEIM  COMPANY  LLC,United States,Valid,8/31/2022,,
ORALITE 28GM SACHETS,"DEXTROSE,SODIUM CHLORIDE,SODIUM CITRATE,POTASSIUM CHLORIDE",-,-,Generic,OTC,KUWAIT SAUDI PHARMACEUTICAL INDUSTRIES,Kuwait,Valid,6/6/2024,,
OPTIRAY 350MG-ML SOLUTION FOR IV. Injection*,IOVERSOL,125,ml,Generic,Prescription,LIEBEL  FLARSHEIM  COMPANY  LLC,United States,Valid,8/31/2022,,
OPTIRAY 350MG-ML SOLUTION FOR IV. Injection*,IOVERSOL,100,ml,Generic,Prescription,LIEBEL  FLARSHEIM  COMPANY  LLC,United States,Valid,8/31/2022,,
OPTIRAY 350MG-ML SOLUTION FOR IV. Injection*,IOVERSOL,100,ml,Generic,Prescription,LIEBEL  FLARSHEIM  COMPANY  LLC,United States,Valid,8/31/2022,,
OPTIRAY 320MG-ML SOLUTION FOR IV. Injection*,IOVERSOL,100,ml,Generic,Prescription,LIEBEL  FLARSHEIM  COMPANY  LLC,United States,Valid,8/31/2022,,
OPTIRAY 320MG-ML SOLUTION FOR IV. Injection*,IOVERSOL,125,ml,Generic,Prescription,LIEBEL  FLARSHEIM  COMPANY  LLC,United States,Valid,8/31/2022,,
OPTIRAY 320MG-ML SOLUTION FOR IV. Injection*,IOVERSOL,100,ml,Generic,Prescription,LIEBEL  FLARSHEIM  COMPANY  LLC,United States,Valid,8/31/2022,,
OPTIRAY 320MG-ML SOLUTION FOR IV. Injection*,IOVERSOL,50,ml,Generic,Prescription,LIEBEL  FLARSHEIM  COMPANY  LLC,United States,Valid,8/31/2022,,
OPTIRAY 300MG-ML SOLUTION FOR IV. Injection*,IOVERSOL,50,ml,Generic,Prescription,LIEBEL  FLARSHEIM  COMPANY  LLC,United States,Valid,8/31/2022,,
OPTIRAY 350MG-ML SOLUTION FOR IV. Injection*,IOVERSOL,50,ml,Generic,Prescription,LIEBEL  FLARSHEIM  COMPANY  LLC,United States,Valid,8/31/2022,,
PANDA EXTRA CAPLETS,"PARACETAMOL,CAFFEINE CITRATE",-,-,Generic,OTC,Jordan Sweden Medical and Sterilization Co.,Jordan,Valid,8/15/2023,,
PANDA 500MG CAPLET,PARACETAMOL,-,-,Generic,OTC,Jordan Sweden Medical and Sterilization Co.,Jordan,Valid,3/10/2024,,
PANADREX 500 MG TAB,PARACETAMOL,-,-,Generic,OTC,KUWAIT SAUDI PHARMACEUTICAL INDUSTRIES,Kuwait,Valid,1/16/2025,,
PANADREX 500 MG TAB,PARACETAMOL,-,-,Generic,OTC,KUWAIT SAUDI PHARMACEUTICAL INDUSTRIES,Kuwait,Valid,1/16/2025,,
Panadrex baby and infant ,PARACETAMOL,100,ml,Generic,OTC,KUWAIT SAUDI PHARMACEUTICAL INDUSTRIES,Kuwait,Valid,1/16/2025,,
Panadrex baby and infant,PARACETAMOL,60,ml,Generic,OTC,KUWAIT SAUDI PHARMACEUTICAL INDUSTRIES,Kuwait,Valid,1/16/2025,,
PANADOL SOLUBLE 500MG TAB,PARACETAMOL,-,-,Generic,OTC,GLAXOSMITHKLINE (GSK),Ireland,Valid,3/19/2025,,
PANADOL SINUS CAPLET,"PARACETAMOL,PSEUDOEPHEDRINE HYDROCHLORIDE",-,-,Generic,OTC,Aspen Pharma Pty Ltd,Australia,Valid,10/9/2024,,
PANADOL NIGHT CAPLET,"PARACETAMOL,DIPHENHYDRAMINE HYDROCHLORIDE",-,-,Generic,OTC,GLAXOSMITHKLINE DUNGARVAN LIMITED,Ireland,Valid,10/31/2022,,
PANADOL EXTEND 665MG F.C. TABLETS,PARACETAMOL,-,-,Generic,OTC,Aspen Pharma Pty Ltd,Australia,Valid,7/27/2025,,
PANKREOFLAT TAB,"PANCREATIN,DIMETHICONE",-,-,NCE,OTC,ABBOTT PRODUCTS GMBH,Germany,Valid,2/1/2023,,
PANKREOFLAT TAB,"PANCREATIN,DIMETHICONE",-,-,NCE,OTC,ABBOTT PRODUCTS GMBH,Germany,Valid,2/1/2023,,
PANTHOPHIL 5% OINTMENT,DEXPANTHENOL,30,g,Generic,OTC,PHILADELPHIA PHARMACEUTICAL,Jordan,Valid,8/29/2022,,
PANTOZOL 40MG TAB,PANTOPRAZOLE,-,-,NCE,Prescription,TAKEDA GMBH,Germany,Valid,5/15/2025,,
PANTOZOL 40MG TAB,PANTOPRAZOLE,-,-,NCE,Prescription,TAKEDA GMBH,Germany,Valid,5/15/2025,,
PANTOZOL 40MG I.V Powder for injection,PANTOPRAZOLE,10,ml,NCE,Prescription,TAKEDA GMBH,Germany,Valid,6/19/2025,,
PANTOZOL 20MG E.C TAB,PANTOPRAZOLE,-,-,NCE,Prescription,TAKEDA GMBH,Germany,Valid,5/15/2025,,
PANTOZOL 20MG E.C TAB,PANTOPRAZOLE,-,-,NCE,Prescription,TAKEDA GMBH,Germany,Valid,5/15/2025,,
PANTOVER 40MG E.C. TABLETS,PANTOPRAZOLE,-,-,Generic,Prescription,JORDAN RIVER PHARMACEUTICAL INDUSTRIES,Jordan,Valid,3/6/2025,,
PANTOVER 40MG E.C. TABLETS,PANTOPRAZOLE,-,-,Generic,Prescription,JORDAN RIVER PHARMACEUTICAL INDUSTRIES,Jordan,Valid,7/24/2023,,
PANTOVER 40MG E.C. TABLETS,PANTOPRAZOLE,-,-,Generic,Prescription,JORDAN RIVER PHARMACEUTICAL INDUSTRIES,Jordan,Valid,3/6/2025,,
OTOCOL EAR DROPS,"CHLORAMPHENICOL,BENZOCAINE",10,ml,Generic,Prescription,Amman Pharmaceutical Industries (API),Jordan,Valid,12/15/2024,,
PANADOL ADVANCE 500MG FILM COATED TABLET,PARACETAMOL,-,-,Generic,OTC,GLAXOSMITHKLINE (GSK),Ireland,Valid,7/22/2025,,
OVITRELLE 250MCG-0.5ML PRE-FILLED SYRING,CHORIOGONADOTROPIN ALFA,0.5,ml,Biological,Prescription,SERONO,Italy,Valid,1/15/2025,,
OVITRELLE 250MCG POWDER & SOLVENT FOR INJ,CHORIOGONADOTROPIN ALFA,-,-,Biological,Prescription,SERONO,Italy,Valid,2/27/2024,,
OTRIVIN NASAL DROPS 0.1%,XYLOMETAZOLINE HYDROCHLORIDE,10,ml,NCE,OTC,Haleon CH SARL,Switzerland,Valid,4/30/2025,,
OTRIVIN NASAL DROPS 0.05%,XYLOMETAZOLINE HYDROCHLORIDE,10,ml,NCE,OTC,Haleon CH SARL,Switzerland,Valid,5/14/2025,,
OTRIVIN MENTHOL 0.1% NASAL SPRAY,"MENTHOL, XYLOMETAZOLINE HYDROCHLORIDE",10,mg,NCE,OTC,Haleon CH SARL,Switzerland,Valid,5/14/2025,,
OTRIVIN DOSING SPRAY 0.1%,XYLOMETAZOLINE HYDROCHLORIDE,10,ml,NCE,OTC,Haleon CH SARL,Switzerland,Valid,4/8/2025,,
OTOZOL 1% EAR DROP,CLOTRIMAZOLE,10,ml,Generic,OTC,Amman Pharmaceutical Industries (API),Jordan,Valid,12/15/2024,,
OXALIPLATIN MEDAC 100MG POWDER,OXALIPLATIN,-,-,Generic,Prescription,MEDAC,Germany,Valid,5/8/2025,,
OXALIPLATIN MEDAC 150MG POWDER,OXALIPLATIN,-,-,Generic,Prescription,MEDAC,Germany,Valid,5/8/2025,,
PANADOL ACTIFAST FILM COATED TABLETE,"PARACETAMOL,SODIUM BICARBONATE",-,-,NCE,OTC,GLAXOSMITHKLINE (GSK),Ireland,Valid,7/27/2025,,
PANADOL 500 mg film-coated tablet,PARACETAMOL,-,-,Generic,OTC,GlaxoSmithKline Dungarvan Ltd,Ireland,Valid,7/8/2025,,
PALETA 75mg film-coated tablets,CLOPIDOGREL,-,-,Generic,Prescription,PHARMATHEN INTERNATIONAL,Greece,Valid,7/22/2023,,
PAINSTOP 20MG-ML AMPOULE,NEFOPAM HYDROCHLORIDE,-,-,NCE,Prescription,MEDICAL UNION PHARMACEUTICALS CO,Egypt,Valid,8/31/2022,,
PABAL RTS 100 mcg/ml Solution for Injection,CARBETOCIN,1,ml,NCE,Prescription,Ferring GmbH,Germany,Valid,7/21/2025,,
OXSORALEN LOTION,METHOXSALEN,29.6,ml,NCE,Prescription,I.C.N.PHARMACEUTICALS,United States,Valid,1/19/2023,,
OXSORALEN CAPS 10MG,METHOXSALEN,-,-,NCE,Prescription,I.C.N.PHARMACEUTICALS,United States,Valid,8/29/2022,,
OXIMAL 7.5MG TABLETS,MELOXICAM,-,-,Generic,Prescription,The Jordanian Pharmaceutical Manufacturing Medical Equipment Co. Ltd. (JPM),Jordan,Valid,11/26/2024,,
OXIMAL 7.5MG TABLETS,MELOXICAM,-,-,Generic,Prescription,The Jordanian Pharmaceutical Manufacturing Medical Equipment Co. Ltd. (JPM),Jordan,Valid,11/26/2024,,
OXIMAL 15MG TABLETS,MELOXICAM,-,-,Generic,Prescription,The Jordanian Pharmaceutical Manufacturing Medical Equipment Co. Ltd. (JPM),Jordan,Valid,11/26/2024,,
OXIMAL 15MG TABLETS,MELOXICAM,-,-,Generic,Prescription,The Jordanian Pharmaceutical Manufacturing Medical Equipment Co. Ltd. (JPM),Jordan,Valid,11/26/2024,,
OXICLAV 625MG F.C.TABLETS,"AMOXICILLIN,CLAVULANIC ACID",-,-,Generic,Prescription,NEOPHARMA,United Arab Emirates,Suspended,11/18/2022,,
OXETINE 20MG F.C. TABLETS,FLUOXETINE,-,-,Generic,Prescription,The Jordanian Pharmaceutical Manufacturing Medical Equipment Co. Ltd. (JPM),Jordan,Valid,2/10/2025,,
OXALIPLATIN MEDAC 50MG POWDER,OXALIPLATIN,-,-,Generic,Prescription,MEDAC,Germany,Valid,5/8/2025,,
OXSORALEN CAPS 10MG,METHOXSALEN,-,-,NCE,Prescription,I.C.N.PHARMACEUTICALS,United States,Valid,8/29/2022,,
OPTIFUCIN 1% EYE DROP,FUSIDIC ACID,5,g,Generic,Prescription,Amman Pharmaceutical Industries (API),Jordan,Valid,12/15/2024,,
OGLITON 15 MG Tablet,PIOGLITAZONE,-,-,Generic,Prescription,ACTAVIS,Malta,Valid,7/28/2025,,
OFLOX 0.3% EYE DROPS,OFLOXACIN,5,ml,NCE,Prescription,ALLERGAN PHARMACEUTICALS LTD,Ireland,Valid,6/6/2024,,
OFLACIN 200MG TAB,OFLOXACIN,-,-,Generic,Prescription,Ram Pharmaceutical Industries,Jordan,Valid,2/10/2025,,
OEDEMAX,FUROSEMIDE,-,-,Generic,Prescription,MERCKLE,Germany,Valid,8/29/2022,,
OEDEMAX,FUROSEMIDE,-,-,Generic,Prescription,MERCKLE,Germany,Valid,8/29/2022,,
OCTANINE F 500 IU,FACTOR IX,5,ml,Biological,Prescription,OCTAPHARMA,Austria,Valid,3/17/2025,,
OCTANINE F 1000 I.U\10ML VIAL,FACTOR IX,10,ml,Biological,Prescription,OCTAPHARMA,Austria,Valid,3/17/2025,,
OGLITON 30 MG Tablet,PIOGLITAZONE,-,-,Generic,Prescription,ACTAVIS,Malta,Valid,7/28/2025,,
OGLITON 45 MG Tablet,PIOGLITAZONE,-,-,Generic,Prescription,ACTAVIS,Malta,Valid,7/28/2025,,
OLFEN-75,"DICLOFENAC SODIUM,LIDOCAINE HYDROCHLORIDE",2,ml,Generic,Prescription,Haupt Pharma Wulfing GmbH,Germany,Valid,3/20/2023,,
OLFEN-50,DICLOFENAC SODIUM,-,-,Generic,Prescription,ACINO PHARMA AG,Switzerland,Valid,3/20/2023,,
OLFEN-100,DICLOFENAC SODIUM,-,-,Generic,Prescription,ACINO PHARMA AG,Switzerland,Valid,3/20/2023,,
OLFEN,DICLOFENAC SODIUM,50,g,Generic,OTC,Sofarimex SA,Portugal,Valid,5/15/2025,,
OCTANATE 500IU VIAL,HUMAN COAGULATION FACTOR VIII,10,ml,Biological,Prescription,OCTAPHARMA,Austria,Valid,4/30/2024,,
OCTANATE 250IU VIAL,HUMAN COAGULATION FACTOR VIII,-,-,Biological,Prescription,OCTAPHARMA,Austria,Valid,4/30/2024,,
NOVONORM 2MG TABLET,REPAGLINIDE,-,-,NCE,Prescription,BOEHRINGER INGELHEIM,Germany,Valid,6/19/2025,,
NOVONORM 1MG TABLET,REPAGLINIDE,-,-,NCE,Prescription,BOEHRINGER INGELHEIM,Germany,Valid,6/19/2025,,
NOVONORM 0.5MG TABLET,REPAGLINIDE,-,-,NCE,Prescription,BOEHRINGER INGELHEIM,Germany,Valid,6/19/2025,,
NOVOMIX 50 FLEXPEN,"INSULIN ASPART,INSULIN ASPART PROTAMINE",3,ml,Biological,Prescription,NOVO NORDISK,Denmark,Valid,7/26/2023,,
NOVOMIX 30 FLEXPEN 100U\ML,"INSULIN ASPART,INSULIN ASPART PROTAMINE",3,ml,Biological,Prescription,NOVO NORDISK,Denmark,Valid,7/26/2023,,
NOVIRAX CREAM 15 GM,ACYCLOVIR,15,g,Generic,Prescription,OMAN PHARMACEUTICAL PRODUCTS,Oman,Valid,6/19/2025,,
NOVIRAL 5% CREAM,ACYCLOVIR,15,g,Generic,Prescription,JORDAN RIVER PHARMACEUTICAL INDUSTRIES,Jordan,Valid,12/19/2023,,
NO-URIC TAB 300MG,ALLOPURINOL,-,-,Generic,Prescription,EIPICO,Egypt,Valid,8/11/2022,,
NOVORAPID FLEXPEN 100U\ML,INSULIN ASPART,3,ml,Biological,Prescription,NOVO NORDISK,Denmark,Valid,2/11/2025,,
NOVORAPID PEN FILL 100 I.U - ML,INSULIN ASPART,3,ml,Biological,Prescription,NOVO NORDISK,Denmark,Valid,2/11/2025,,
NOVOSEVEN 1MG POWDER FOR SOLUTION FOR INJECTION,RECOMBINAT DNA COAGULATING FACTOR Vlla EPTACOG Alfa ACTIVATED,1,mg,Biological,Prescription,NOVO NORDISK,Denmark,Valid,8/31/2022,,
NOVOSEVEN 2MG POWDER FOR SOLUTION FOR INJECTION,RECOMBINAT DNA COAGULATING FACTOR Vlla EPTACOG Alfa ACTIVATED,2,mg,Biological,Prescription,NOVO NORDISK,Denmark,Valid,8/31/2022,,
OCTAGAM 1GM-20ML I.V,NORMAL HUMAN IMMUNOGLOBULIN,50,ml,Biological,Prescription,OCTAPHARMA,Austria,Valid,1/31/2023,,
OCTAGAM 1GM-20ML I.V,NORMAL HUMAN IMMUNOGLOBULIN,100,ml,Biological,Prescription,OCTAPHARMA,Austria,Valid,2/28/2023,,
OCTACAINE 100 CARTRIDGE,"LIDOCAINE HYDROCHLORIDE,EPINEPHRINE",1.8,ml,Generic,Prescription,NOVOCOL,Canada,Valid,11/8/2022,,
OCAL EYE BATH,MERCURIC OXIDE,300,ml,Generic,Prescription,SOBARA,Belgium,Valid,8/1/2022,,
NYOLOL 0.25% EYE DROP,TIMOLOL MALEATE,5,ml,Generic,Prescription,Excel Vision,France,Valid,8/29/2022,,
OCTANATE 1000 I.U - ML,HUMAN COAGULATION FACTOR VIII,10,ml,Biological,Prescription,OCTAPHARMA,Austria,Valid,4/30/2024,,
NUVARING VAGINAL RING,"ETONOGESTREL,ETHINYLESTRADIOL",-,-,NCE,Prescription,ORGANON,Netherlands,Valid,4/23/2025,,
NUROFEN 200MG TAB,IBUPROFEN,-,-,NCE,OTC,RECKITT BENCKISER HEALTHCARE INTERNATIONAL,United Kingdom,Valid,4/24/2025,,
NUROFEN 100MG-5ML PAEDIATRIC SUSPENSION,IBUPROFEN,150,ml,NCE,OTC,RECKITT BENCKISER HEALTHCARE INTERNATIONAL,United Kingdom,Valid,8/18/2024,,
NOVOSEVEN 5MG POWDER FOR SOLUTION FOR INJECTION,RECOMBINAT DNA COAGULATING FACTOR Vlla EPTACOG Alfa ACTIVATED,3,mg,Biological,Prescription,NOVO NORDISK,Denmark,Valid,8/31/2022,,
NUROFEN 200MG TAB,IBUPROFEN,-,-,NCE,OTC,RECKITT BENCKISER HEALTHCARE INTERNATIONAL,United Kingdom,Valid,8/29/2022,,
OMACE 10MG TABLETS,LISINOPRIL,-,-,Generic,Prescription,NATIONAL PHARMACEUTICAL INDUSTRIES CO,Oman,Valid,4/24/2025,,
OMACE 5MG TABLETS,LISINOPRIL,-,-,Generic,Prescription,NATIONAL PHARMACEUTICAL INDUSTRIES CO,Oman,Valid,4/24/2025,,
OMNITROPE 6.7 MG/ML Solution for injection in cartridge ,SOMATROPIN,1.5,ml,Biological,Prescription,Novartis Pharmaceutical Manufacturing GmbH,Austria,Valid,6/9/2024,,
OMNITROPE 3.3 MG/ML Solution for injection in cartridge ,SOMATROPIN,1.5,ml,Biological,Prescription,Novartis Pharmaceutical Manufacturing GmbH,Austria,Valid,6/9/2024,,
OMNISCAN,GADODIAMIDE,20,ml,NCE,Prescription,GE HEALTHCARE IRELAND LIMITED,Ireland,Valid,12/18/2024,,
OMNISCAN,GADODIAMIDE,10,ml,NCE,Prescription,GE HEALTHCARE IRELAND LIMITED,Ireland,Valid,12/18/2024,,
OMNISCAN,GADODIAMIDE,5,ml,NCE,Prescription,GE HEALTHCARE IRELAND LIMITED,Ireland,Valid,2/5/2025,,
OMNISCAN,GADODIAMIDE,15,ml,NCE,Prescription,GE HEALTHCARE IRELAND LIMITED,Ireland,Valid,4/1/2025,,
OMNIPAQUE 350MG/ML SOLUTION FOR INJECTION ,IOHEXOL,100,ml,NCE,Prescription,GE HEALTHCARE,Ireland,Valid,8/31/2022,,
OMNIPAQUE 350MG/ML SOLUTION FOR INJECTION ,IOHEXOL,50,ml,NCE,Prescription,GE HEALTHCARE,Ireland,Valid,8/31/2022,,
OMNIPAQUE 300MG/ML SOLUTION FOR INJECTION ,IOHEXOL,100,ml,NCE,Prescription,GE HEALTHCARE,Ireland,Valid,8/31/2022,,
OMNIPAQUE 300MG/ML SOLUTION FOR INJECTION ,IOHEXOL,50,ml,NCE,Prescription,GE HEALTHCARE,Ireland,Valid,8/31/2022,,
OMNIPAQUE,IOHEXOL,50,ml,NCE,Prescription,GE HEALTHCARE,Ireland,Valid,8/31/2022,,
OMNIPAQUE,IOHEXOL,100,ml,NCE,Prescription,GE HEALTHCARE,Ireland,Valid,8/31/2022,,
OMNIPAQUE,IOHEXOL,20,ml,NCE,Prescription,GE HEALTHCARE,Ireland,Valid,8/31/2022,,
OMNIPAQUE,IOHEXOL,200,ml,NCE,Prescription,GE HEALTHCARE,Ireland,Valid,8/31/2022,,
OMNIPAQUE,IOHEXOL,20,ml,NCE,Prescription,GE HEALTHCARE,Ireland,Valid,8/31/2022,,
OMOL 120MG\5ML SYRUP,PARACETAMOL,100,ml,Generic,OTC,NATIONAL PHARMACEUTICAL INDUSTRIES CO,Oman,Valid,2/10/2025,,
OMOL 500MG TABLET,PARACETAMOL,-,-,Generic,OTC,NATIONAL PHARMACEUTICAL INDUSTRIES CO,Oman,Valid,6/19/2025,,
OMOL EXTRA TABLETS,"PARACETAMOL,CAFFEINE CITRATE",-,-,Generic,OTC,NATIONAL PHARMACEUTICAL INDUSTRIES CO,Oman,Valid,11/26/2024,,
ONE-ALPHA CAPS 1.0 MICROGM,ALFACALCIDOL,-,-,NCE,Prescription,Leo Pharma,Denmark,Valid,4/23/2024,,
OPTICYCLIN 1 % OINTMENT,TETRACYCLINE,5,g,Generic,Prescription,Amman Pharmaceutical Industries (API),Jordan,Valid,12/15/2024,,
OPRAZOLE 40MG- VIAL I.VI INFUSION,OMEPRAZOLE,-,-,Generic,Prescription,HIKMA ITALIA SPA,Italy,Valid,2/13/2025,,
OPRAZOLE 20MG E.C.TAB,OMEPRAZOLE,-,-,Generic,Prescription,Hikma Pharmaceuticals PLC,Jordan,Valid,4/24/2025,,
OMNIPAQUE,IOHEXOL,50,ml,NCE,Prescription,GE HEALTHCARE,Ireland,Valid,8/31/2022,,
OPIZOLE-B CREAM,"CLOTRIMAZOLE,BETAMETHASONE DIPROPIONATE",20,g,Generic,Prescription,OMAN PHARMACEUTICAL PRODUCTS,Oman,Valid,7/27/2025,,
OPIZOLE 1% CREAM,CLOTRIMAZOLE,15,g,Generic,OTC,OMAN PHARMACEUTICAL PRODUCTS,Oman,Valid,11/28/2022,,
ONE-ALPHA DROPS 2MICROGRAM-ML,ALFACALCIDOL,20,ml,NCE,Prescription,Leo Pharma,Denmark,Valid,4/23/2024,,
ONE-ALPHA CAPS 0.25 MICROGM,ALFACALCIDOL,-,-,Generic,Prescription,Leo Pharma,Denmark,Valid,4/23/2024,,
ONE-ALPHA 2MCG-ML AMP.,ALFACALCIDOL,0.5,ml,NCE,Prescription,CENEXI,France,Valid,4/24/2025,,
OPIZOLE 1% CREAM,CLOTRIMAZOLE,20,g,Generic,OTC,OMAN PHARMACEUTICAL PRODUCTS,Oman,Valid,8/29/2022,,
OMACE 20MG TABLETS,LISINOPRIL,-,-,Generic,Prescription,NATIONAL PHARMACEUTICAL INDUSTRIES CO,Oman,Valid,4/24/2025,,
OMNIPAQUE,IOHEXOL,20,ml,NCE,Prescription,GE HEALTHCARE,Ireland,Valid,8/31/2022,,
OMNIPAQUE,IOHEXOL,20,ml,NCE,Prescription,GE HEALTHCARE,Ireland,Valid,8/31/2022,,
OMCET 5MG-5ML SYRUP,CETIRIZINE HYDROCHLORIDE,100,ml,Generic,OTC,NATIONAL PHARMACEUTICAL INDUSTRIES CO,Oman,Valid,2/19/2025,,
OMCET 10MG F.C. TABS,CETIRIZINE HYDROCHLORIDE,-,-,Generic,OTC,NATIONAL PHARMACEUTICAL INDUSTRIES CO,Oman,Valid,2/19/2025,,
OMATHROCIN 250 MG TABLET,ERYTHROMYCIN,-,-,Generic,Prescription,NATIONAL PHARMACEUTICAL INDUSTRIES CO,Oman,Valid,8/29/2022,,
OMATHROCIN 200 ORAL SUSPENSION,ERYTHROMYCIN,100,ml,Generic,Prescription,NATIONAL PHARMACEUTICAL INDUSTRIES CO,Oman,Valid,11/26/2024,,
OMATHROCIN ORAL DROPS 100 MG- 2.5 ML,ERYTHROMYCIN,30,ml,Generic,Prescription,NATIONAL PHARMACEUTICAL INDUSTRIES CO,Oman,Valid,8/29/2022,,
OMAFEN 400 MG F.C TABLETS,IBUPROFEN,-,-,Generic,OTC,NATIONAL PHARMACEUTICAL INDUSTRIES CO,Oman,Valid,2/13/2025,,
OMIPURE 1000 MG SOFT GELATIN CAPSULES,OMEGA-3 POLYUNSATURATED FATTY ACIDS,-,-,Generic,OTC,Patheon Soft Gels BV,Netherlands,Valid,10/3/2024,,
OMACIP 500MG TABLETS,CIPROFLOXACIN,-,-,Generic,Prescription,NATIONAL PHARMACEUTICAL INDUSTRIES CO,Oman,Valid,8/29/2022,,
OMACIP 250MG TABLETS,CIPROFLOXACIN,-,-,Generic,Prescription,NATIONAL PHARMACEUTICAL INDUSTRIES CO,Oman,Valid,8/29/2022,,
OMACILLIN 500MG CAPSULES,AMOXICILLIN,-,-,Generic,Prescription,NATIONAL PHARMACEUTICAL INDUSTRIES CO,Oman,Valid,11/26/2024,,
OMACILLIN 250MG CAP,AMOXICILLIN,-,-,Generic,Prescription,NATIONAL PHARMACEUTICAL INDUSTRIES CO,Oman,Valid,11/26/2024,,
OMACILLIN 125MG-5ML POWDER FOR ORAL SUSP,AMOXICILLIN,100,ml,Generic,Prescription,NATIONAL PHARMACEUTICAL INDUSTRIES CO,Oman,Valid,4/24/2025,,
OMACILLIN 100MG-ML ORAL DROPS,AMOXICILLIN,20,ml,Generic,Prescription,NATIONAL PHARMACEUTICAL INDUSTRIES CO,Oman,Valid,8/29/2022,,
OMACID CHEWABLE TABLETS,"ALUMINUM HYDROXIDE,MAGNESIUM HYDROXIDE",-,-,Generic,OTC,NATIONAL PHARMACEUTICAL INDUSTRIES CO,Oman,Valid,11/19/2022,,
OMACEPH 500MG CAPSULES,CEFALEXIN,-,-,Generic,Prescription,NATIONAL PHARMACEUTICAL INDUSTRIES CO,Oman,Valid,8/29/2022,,
OMFORMIN 500MG F.C. TABLETS,METFORMIN HYDROCHLORIDE,-,-,Generic,Prescription,NATIONAL PHARMACEUTICAL INDUSTRIES CO,Oman,Valid,7/9/2025,,
OMNIPAQUE,IOHEXOL,100,ml,NCE,Prescription,GE HEALTHCARE,Ireland,Valid,8/31/2022,,
OMNIPAQUE,IOHEXOL,10,ml,NCE,Prescription,GE HEALTHCARE,Ireland,Valid,8/31/2022,,
OMNIPAQUE,IOHEXOL,200,ml,NCE,Prescription,GE HEALTHCARE,Ireland,Valid,8/31/2022,,
OMNIPAQUE,IOHEXOL,50,ml,NCE,Prescription,GE HEALTHCARE,Ireland,Valid,8/31/2022,,
OMNIPAQUE,IOHEXOL,20,ml,NCE,Prescription,GE HEALTHCARE,Ireland,Valid,8/31/2022,,
OMNIPAQUE,IOHEXOL,20,ml,NCE,Prescription,GE HEALTHCARE,Ireland,Valid,8/31/2022,,
OMNIPAQUE,IOHEXOL,15,ml,NCE,Prescription,GE HEALTHCARE,Ireland,Valid,8/31/2022,,
OMNIPAQUE,IOHEXOL,10,ml,NCE,Prescription,GE HEALTHCARE,Ireland,Valid,12/18/2024,,
OMNIPAQUE,IOHEXOL,10,ml,NCE,Prescription,GE HEALTHCARE,Ireland,Valid,8/31/2022,,
PARAMOL 500MG TAB.,PARACETAMOL,-,-,Generic,OTC,MISR COMPANY FOR MEDICAL PRODUCTS,Egypt,Valid,8/29/2022,,
PARAMOL SYRUP 120MG-5ML,PARACETAMOL,125,ml,Generic,OTC,MISR COMPANY FOR MEDICAL PRODUCTS,Egypt,Valid,8/29/2022,,
PROLIA 60MG/ML SOLUTION FOR INJECTION,DENOSUMAB,1,ml,NCE,Prescription,AMGEN EUROPE B.V.,Netherlands,Valid,11/27/2024,,
PROHAIR 1 mg film-coated tablet,FINASTERIDE,-,-,Generic,Prescription,HAYAT PHARMACEUTICAL INDUSTRIES,Jordan,Valid,5/22/2025,,
PROGRAF 1 mg capsule,TACROLIMUS,-,-,NCE,Prescription,Astellas Pharma,Ireland,Valid,6/4/2025,,
PROGRAF 5 mg capsule,TACROLIMUS,-,-,NCE,Prescription,Astellas Pharma,Ireland,Valid,6/4/2025,,
PROFILAR 1MG/5ML SYRUP,KETOTIFEN,120,ml,Generic,OTC,UNITED PHARMACEUTICAL COMPANY,Jordan,Valid,8/29/2022,,
PROMANTINE SYRUP,PROMETHAZINE,125,ml,NCE,Prescription,MISR COMPANY FOR MEDICAL PRODUCTS,Egypt,Valid,8/29/2022,,
PROMETIN 5MG\5ML SYRUP,PROMETHAZINE,100,ml,Generic,Prescription,GENERAL NUTRITION CORPORATION,United States,Valid,2/10/2025,,
PROSTIN VR AMP,ALPROSTADIL,-,-,NCE,Prescription,Pfizer Manufacturing Belgium N.V.,Belgium,Valid,4/20/2023,,
PROSTIN E2 1MG VAGINAL GEL IN APPLICATOR,DINOPROSTONE,3,g,NCE,Prescription,Pfizer Manufacturing Belgium N.V.,Belgium,Valid,5/5/2024,,
PROSTIN E2 0.75ML AMP,DINOPROSTONE,0.75,ml,NCE,Prescription,Pfizer Manufacturing Belgium N.V.,Belgium,Valid,8/21/2024,,
PROSTIN E2 0.5ML I.V.AMP,DINOPROSTONE,0.5,ml,NCE,Prescription,Pfizer Manufacturing Belgium N.V.,Belgium,Valid,8/21/2024,,
PROCTOHEAL SUPPOSITORY,"BISMUTH SUBCITRATE,FLUOCINOLONE ACETONIDE,LIDOCAINE HYDROCHLORIDE",-,-,NCE,Prescription,DAR ALDAWA,Jordan,Valid,11/21/2022,,
PROPOFOL-LIPURO1% INJ OR INF AMPOULE,PROPOFOL,20,ml,Generic,Prescription,B. BRAUN,Germany,Valid,1/16/2025,,
PROPOFOL-LIPURO 1%INJ OR INF VIAL,PROPOFOL,50,ml,Generic,Prescription,B. BRAUN,Germany,Valid,1/16/2025,,
PROPESS 10MG VAGINAL DELIVERY SYSTEM,DINOPROSTONE,-,-,NCE,Prescription,FERRING CONTROLLED THERAPEUTICS,United Kingdom,Valid,7/29/2024,,
PROPECIA,FINASTERIDE,-,-,Generic,Prescription,AIAC INTERNATIONAL PHARMA LLC,United States,Valid,4/23/2025,,
PROSNORM,FINASTERIDE,-,-,Generic,Prescription,HAYAT PHARMACEUTICAL INDUSTRIES,Jordan,Valid,5/22/2025,,
PROSULF 10MG/ML SOLUTION FOR INJECTION,PROTAMINE SULFATE,5,ml,Biological,Prescription,CP PHARMACEUTICAL LIMITED,United Kingdom,Valid,5/10/2023,,
PROCTOHEAL OINT.,"FLUOCINOLONE ACETONIDE,LIDOCAINE HYDROCHLORIDE",16,g,Generic,Prescription,DAR ALDAWA,Jordan,Valid,11/21/2022,,
PROCTO GLYVENOL,"TRIBENOSIDE,LIDOCAINE HYDROCHLORIDE",30,g,Generic,Prescription,Haleon CH SARL,Switzerland,Valid,7/22/2025,,
PREXAL 10MG FILM COATED TABLETS,OLANZAPINE,-,-,Generic,Prescription,Jordan Sweden Medical and Sterilization Co.,Jordan,Valid,7/8/2025,,
PRETERAX ARGININE 2.5MG-0.625MG F.C. TAB,"PERINDOPRIL ARGININE,INDAPAMIDE",-,-,NCE,Prescription,SERVIER,Ireland,Valid,7/24/2025,,
PREXAL 5MG FILM COATED TABLETS,OLANZAPINE,-,-,Generic,Prescription,Jordan Sweden Medical and Sterilization Co.,Jordan,Valid,7/8/2025,,
PRIMOLUT N TAB 5 MG,NORETHISTERONE,-,-,NCE,Prescription,BAYER WEIMAR GmbH UND CO. KG,Germany,Valid,10/3/2023,,
PRIMOVIST 0.25MMOL-ML PRE-FILLED SYRINGS,GADOXETIC ACID,10,ml,NCE,Prescription,BAYER AG,Germany,Valid,4/20/2023,,
PROCORALAN 7.5 MG F-C TABLET,IVABRADINE,-,-,NCE,Prescription,SERVIER,Ireland,Valid,8/29/2022,,
PROCORALAN 5 MG F-C TABLETS,IVABRADINE,-,-,NCE,Prescription,SERVIER,Ireland,Valid,8/1/2022,,
PRIZMA 4GM-0.5GM POWDER FOR I.V INFUSION,"PIPERACILLIN,Tazobactam",-,-,Generic,Prescription,LABORATORIO REIG JOFRE,Spain,Suspended,7/6/2025,,
PRIZMA 2GM/0.25GM POWDER FOR I.V. INFUSION,"PIPERACILLIN,Tazobactam",-,-,Generic,Prescription,LABORATORIO REIG JOFRE,Spain,Suspended,7/6/2025,,
PRIVIGEN 10% SOLUTION FOR INFUSION,HUMAN IMMUNOGLOBULIN G,25,ml,Biological,Prescription,CSL BEHRING,Switzerland,Valid,12/4/2023,,
PRIVIGEN 10% SOLUTION FOR INFUSION,HUMAN IMMUNOGLOBULIN G,50,ml,Biological,Prescription,CSL BEHRING,Switzerland,Valid,12/4/2023,,
PROCTO GLYVENOL,"TRIBENOSIDE,LIDOCAINE HYDROCHLORIDE",-,-,NCE,Prescription,DELPHARM HUNINGUE S.A.S.,France,Valid,12/11/2024,,
PRIVIGEN 10% SOLUTION FOR INFUSION,HUMAN IMMUNOGLOBULIN G,100,ml,Biological,Prescription,CSL BEHRING,Switzerland,Valid,12/4/2023,,
PRIORIX-TETRA VACCINE,"MEASLES VIRUS (SCHWARZ) LIVE ATTENUATED,MUMPS VIRUS (JERYL LYNN, STRAIN RIT 4385) LIVE ATTENUATED,RUBELLA VIRUS (WISTAR RA 27/3) LIVE ATTENUATED,VARICELLA ZOSTER VIRUS (OKA STRAIN) LIVE ATTENUATED",3,ml,Biological,Prescription,GLAXOSMITHKLINE (GSK),Belgium,Valid,11/20/2022,,
PRIORIX 0.5ML VIAL,"MUMPS VIRUS (JERYL LYNN, STRAIN RIT 4385) LIVE ATTENUATED,MEASLES VIRUS (SCHWARZ) LIVE ATTENUATED,RUBELLA VIRUS (WISTAR RA 27/3) LIVE ATTENUATED",-,-,Biological,Prescription,GLAXOSMITHKLINE (GSK),Belgium,Valid,5/27/2024,,
PRIMPERAN TAB 10MG,METOCLOPRAMIDE HYDROCHLORIDE,-,-,NCE,Prescription,sanofi-aventis,France,Valid,8/29/2022,,
PRIMPERAN 5MG-ML 2ML-AMP.,METOCLOPRAMIDE HYDROCHLORIDE,2,ml,NCE,Prescription,sanofi-aventis,France,Valid,6/5/2024,,
PRISTIQ 50MG EXTENDED RELEASE TABLETS,DESVENLAFAXINE SUCCINATE,-,-,NCE,Prescription,PFIZER,Ireland,Valid,6/19/2025,,
PROSULF SULPHATE INJ 1%,PROTAMINE SULFATE,5,ml,Biological,Prescription,CP PHARMACEUTICAL LIMITED,United Kingdom,Valid,5/10/2023,,
RAMIPRIL SANDOZ 5MG TABLET,RAMIPRIL,-,-,NCE,Prescription,LEK S.A,Poland,Valid,5/13/2024,,
RAMIPRIL SANDOZ 2.5MG TABLET,RAMIPRIL,-,-,NCE,Prescription,LEK S.A,Poland,Valid,5/13/2024,,
RAMIPRIL SANDOZ 10MG TABLET,RAMIPRIL,-,-,NCE,Prescription,LEK S.A,Poland,Valid,5/30/2024,,
RAZON 40 MG E.C TAB,PANTOPRAZOLE,-,-,Generic,Prescription,The Jordanian Pharmaceutical Manufacturing Medical Equipment Co. Ltd. (JPM),Jordan,Valid,10/15/2024,,
RAZON 20 MG E.C. TABLET,PANTOPRAZOLE,-,-,Generic,Prescription,The Jordanian Pharmaceutical Manufacturing Medical Equipment Co. Ltd. (JPM),Jordan,Valid,8/29/2022,,
RAPIFEN 500MCG-ML AMP,ALFENTANIL,10,ml,NCE,Prescription,DEMO S.A.,Greece,Valid,8/31/2022,,
RAPIFEN 500MCG-ML AMP,ALFENTANIL,2,ml,NCE,Prescription,DEMO S.A.,Greece,Valid,8/31/2022,,
QUESTRAN POWDER,COLESTYRAMINE,-,-,NCE,Prescription,MEADJOHNSON,United States,Valid,8/1/2022,,
PYRAZINAMIDE ANTIBIOTICE,PYRAZINAMIDE,-,-,Generic,Prescription,ANTIBIOTIC S.E,Romania,Valid,6/12/2023,,
PROVISC 10MG-ML SYRINGE FOR I-O USE,SODIUM HYALURONATE,0.55,ml,Generic,Prescription,ALCON LABORATORIES,United States,Valid,8/31/2022,,
PROVISC 10MG-ML SYRINGE FOR I-O USE,SODIUM HYALURONATE,0.4,ml,Generic,Prescription,S.A. Alcon Couvreur N.V,Belgium,Valid,8/29/2022,,
PROTOGYN,TINIDAZOLE,-,-,Generic,Prescription,HAYAT PHARMACEUTICAL INDUSTRIES,Jordan,Valid,5/22/2025,,
PROTHIADEN TAB 75MG,DOTHIEPIN HYDROCHLORIDE,-,-,NCE,Prescription,RECKITT BENCKISER HEALTHCARE INTERNATIONAL,United Kingdom,Valid,8/29/2022,,
PROTHIADEN 25MG CAPS,DOTHIEPIN HYDROCHLORIDE,-,-,NCE,Prescription,RECKITT BENCKISER HEALTHCARE INTERNATIONAL,United Kingdom,Valid,8/1/2022,,
PULMICORT 0.5MG-ML (S.DOSE FOR NUB) SUSP,BUDESONIDE,2,ml,NCE,Prescription,AstraZeneca,Sweden,Valid,6/26/2024,,
PULMICORT TURBUHALER 100MCG-DOSE,BUDESONIDE,-,-,NCE,Prescription,AstraZeneca,Sweden,Valid,6/10/2023,,
PULMICORT TURBUHALER 200MCG-DOSE,BUDESONIDE,-,-,NCE,Prescription,AstraZeneca,Sweden,Valid,6/10/2023,,
PUREGON 600 I.U CARTRIDGE,FOLLITROPIN BETA,-,-,Biological,Prescription,VETTER PHARMA,Germany,Valid,2/27/2024,,
PULMICORT0.25MG-ML SINGLE DOSE PLASTIC U,BUDESONIDE,2,ml,NCE,Prescription,AstraZeneca,Sweden,Valid,8/21/2024,,
PUREGON 300I.U CARTRIDGE,FOLLITROPIN BETA,-,-,Biological,Prescription,VETTER PHARMA,Germany,Valid,2/27/2024,,
PERIACTIN 4MG TABLETS,CYPROHEPTADINE HYDROCHLORIDE,-,-,NCE,Prescription,Algorithm SAL,Lebanon,Suspended,1/29/2025,,
PERGOVERIS 150/75 IU vial,"FOLLITROPIN ALFA,LUTROPIN ALFA",1,ml,Biological,Prescription,MERCK SERONO,Switzerland,Valid,12/18/2024,,
PEPSOLAN 40 MG Powder for solution for injection ,PANTOPRAZOLE,-,-,Generic,Prescription,LEK PHARMACEUTICALS D.D.,Slovenia,Valid,5/13/2024,,
PERITONEAL DIALYSIS SOLN W-4.25%DEXTROSE,PERITONEAL DIALYSIS SOLUTION,2000,ml,Generic,Prescription,McGAW,United States,Valid,8/29/2022,,
PENTOLATE 1% EYE DROPS,CYCLOPENTOLATE,10,ml,Generic,Prescription,Amman Pharmaceutical Industries (API),Jordan,Valid,12/15/2024,,
PARIET 20MG E.C TAB,RABEPRAZOLE SODIUM,-,-,NCE,Prescription,Bushu Pharmaceuticals Ltd. ,Japan,Valid,4/30/2025,,
PEDIAMOL 100MG-ML ORAL DROPS,PARACETAMOL,15,ml,Generic,OTC,NATIONAL PHARMACEUTICAL INDUSTRIES CO,Oman,Valid,7/8/2025,,
PEGASYS 180 MCG-0.5ML PRE-FILLED SYRINGE,PEGINTERFERON ALFA-2A,1,ml,Biological,Prescription,ROCHE,Switzerland,Valid,8/29/2022,,
PENTASA 500 MG SLOW RELEASE TABLET,MESALAZINE,-,-,NCE,Prescription,FERRING PHARMA INTERNATIONAL CENTER,Switzerland,Valid,2/1/2024,,
PENTASA 1GM SUPP.,MESALAZINE,-,-,NCE,Prescription,PHARBIL PHARMA,Germany,Valid,1/15/2025,,
PENTASA 1GM PROLONGED RELEASE GRANULES,MESALAZINE,-,-,NCE,Prescription,FERRING,Switzerland,Valid,5/25/2023,,
PENTASA 1% ENEMA,MESALAZINE,-,-,Generic,Prescription,FERRING,Czech Republic,Valid,4/24/2025,,
PENTASA 1 G CONTROLLED RELEASE TABLET,MESALAZINE,-,-,NCE,Prescription,FERRING,Switzerland,Valid,5/25/2023,,
PENTAGLOBIN AMP I.V,PLASMA PROTEIN FRACTION,10,ml,Biological,Prescription,BIOTEST,Germany,Valid,10/3/2023,,
PENTAGLOBIN AMP I.V,HUMAN IMMUNOGLOBULIN G,20,ml,Biological,Prescription,BIOTEST,Germany,Valid,8/31/2022,,
PENTAGLOBIN,PLASMA PROTEIN FRACTION,100,ml,Biological,Prescription,BIOTEST,Germany,Valid,10/3/2023,,
PENTAGLOBIN,PLASMA PROTEIN FRACTION,50,ml,Biological,Prescription,BIOTEST,Germany,Valid,10/3/2023,,
PERITONEAL DIALYSIS SOLN W-4.25%DEXTROSE,PERITONEAL DIALYSIS SOLUTION,2000,ml,Generic,Prescription,McGAW,United States,Valid,8/29/2022,,
PONSTAN FORTE 500 mg film-coated tablet,MEFENAMIC ACID,-,-,NCE,Prescription,PFIZER,Germany,Valid,2/20/2024,,
POLY-VI-SOL ORAL DROPS,VITAMIN DROPS,30,ml,Generic,OTC,MEADJOHNSON,United States,Valid,8/1/2022,,
POLYTAR 1% LIQUID SHAMPOO,"COAL TAR, JUNIPER, PINE",150,ml,NCE,OTC,STIEFEL LABORATORIES,Ireland,Valid,12/18/2022,,
PLAVIX 75 MG TABLET,CLOPIDOGREL,-,-,NCE,Prescription,SANOFI WINTHROP INDUSTRIE,France,Valid,1/15/2025,,
POTASSIUM ACETATE INJ F.T.V. 40MEQ,POTASSIUM ACETATE,20,ml,Generic,Prescription,HOSPIRA INC. ROCKY MOUNT,United States,Valid,8/31/2022,,
PREDNISOLONE,PREDNISOLONE SODIUM PHOSPHATE,-,-,NCE,Prescription,Globopharm Pharmazeutische Produktions und Handelsgesellschaft GmbH,Austria,Valid,12/12/2024,,
PRED FORTE OPTH. SUSP,PREDNISOLONE,5,ml,NCE,Prescription,ALLERGAN PHARMACEUTICALS LTD,Ireland,Valid,11/20/2022,,
PRECEDEX 100 MCG -ML IV. VIAL,DEXMEDETOMIDINE,2,ml,NCE,Prescription,HOSPIRA,United States,Valid,6/6/2024,,
PRADAXA 75MG CAPSULES,DABIGATRAN ETEXILATE,-,-,NCE,Prescription,BOEHRINGER INGELHEIM,Germany,Valid,10/25/2023,,
PRADAXA 150MG CAPSULES,DABIGATRAN ETEXILATE,-,-,NCE,Prescription,BOEHRINGER INGELHEIM,Germany,Valid,10/25/2023,,
PRADAXA 110MG CAPSULES,DABIGATRAN ETEXILATE,-,-,NCE,Prescription,BOEHRINGER INGELHEIM,Germany,Valid,10/25/2023,,
PRADAXA 110MG CAPSULES,DABIGATRAN ETEXILATE,-,-,NCE,Prescription,BOEHRINGER INGELHEIM,Germany,Valid,10/25/2023,,
PRADAXA 75MG CAPSULES,DABIGATRAN ETEXILATE,-,-,NCE,Prescription,BOEHRINGER INGELHEIM,Germany,Valid,10/25/2023,,
PLASMANATE 5% SOLUTION FOR I.V. INJECTION,PLASMA PROTEIN FRACTION,250,ml,Biological,Prescription,GRIFOLS THERAPEUTICS LLC,United States,Valid,8/31/2022,,
PLASMA PROTEIN FRACTION 5% SOLUTION,PLASMA PROTEIN FRACTION,250,ml,Biological,Prescription,OCTAPHARMA,Austria,Valid,11/5/2023,,
PHENTOLEP 50MG-ML AMPOULE,PHENYTOIN SODIUM,5,ml,Generic,Prescription,Hikma Farmaceutica,Portugal,Valid,2/13/2025,,
PHENICOL 1% OPTHALMIC OINTMENT,CHLORAMPHENICOL,5,g,Generic,Prescription,Amman Pharmaceutical Industries (API),Jordan,Valid,12/15/2024,,
PHAZYME TAB 60MG,SIMETHICONE,-,-,NCE,OTC,RED AND CARNIK,United States,Valid,3/13/2023,,
PHAZYME TAB 60MG,SIMETHICONE,-,-,NCE,OTC,RED AND CARNIK,United States,Valid,3/13/2023,,
PERJETA 420 mg Concentrate for solution for infusion,PERTUZUMAB,14,ml,NCE,Prescription,ROCHE DIAGNOSTICS,Germany,Valid,8/31/2022,,
NO-URIC 100 mg tablet,ALLOPURINOL,-,-,Generic,Prescription,EIPICO,Egypt,Valid,8/29/2022,,
PHILAQUIN FORTE 4% CREAM,HYDROQUINONE,30,g,Generic,Prescription,PHILADELPHIA PHARMACEUTICAL,Jordan,Valid,7/9/2025,,
PLASBUMIN 20% SOLUTION FOR I.V. INJECTION,ALBUMIN HUMAN,50,ml,Biological,Prescription,GRIFOLS THERAPEUTICS LLC,United States,Valid,7/8/2025,,
PLASBUMIN 20% SOLUTION FOR I.V. INJECTION,ALBUMIN HUMAN,100,ml,Biological,Prescription,GRIFOLS THERAPEUTICS LLC,United States,Valid,7/8/2025,,
PK-MERZ,AMANTADINE SULFATE,-,-,NCE,Prescription,MERZ PHARMACEUTICAL,Germany,Valid,8/1/2022,,
PIPERACILLIN - TAZOPACTAM SANDOZ 2.25GM VIAL,"PIPERACILLIN,Tazobactam",2.25,g,Generic,Prescription,SANDOZ,Austria,Valid,5/13/2024,,
PICOPREP POWDER FOR ORAL SOLUTION,"CITRIC ACID ANHYDROUS,MAGNESIUM OXIDE,SODIUM PICOSULFATE",-,-,NCE,Prescription,Ferring Pharmaceutical China Co Ltd,China,Valid,1/24/2023,,
PHYSIOTENS O.4 MG F.C.TAB,MOXONIDINE,-,-,NCE,Prescription,ROTTENDORF PHARMA GMBH,Germany,Valid,8/11/2022,,
PHYSIOTENS 0.2 MG F.C TAB,MOXONIDINE,-,-,NCE,Prescription,ROTTENDORF PHARMA GMBH,Germany,Valid,8/11/2022,,
REBIF 22 MCG PRE-FILLED SYRINGE,INTERFERON BETA-1A,0.5,ml,Biological,Prescription,SERONO,Italy,Valid,12/12/2023,,
MABTHERA 10MG-1ML CONC. FOR I.V INFUSION,RITUXIMAB,50,ml,Biological,Prescription,Roche Diagnostics GmbH ,Germany,Valid,11/30/2022,,
MAALOX SUSPENSION,"ALUMINUM HYDROXIDE,MAGNESIUM HYDROXIDE",180,ml,Generic,OTC,sanofi-aventis,Ireland,Valid,3/20/2023,,
MAALOX PLUS SUSP.,"ALUMINUM HYDROXIDE,MAGNESIUM HYDROXIDE,SIMETHICONE",180,ml,Generic,OTC,sanofi-aventis,Ireland,Valid,3/20/2023,,
LYRICA 25,PREGABALIN,-,-,NCE,Prescription,PFIZER,Germany,Valid,11/14/2024,,
LUVERIS 75 I.U. POWDER FOR SOLU. FOR INJ,LUTROPIN ALFA,3,ml,Biological,Prescription,SERONO,Switzerland,Valid,4/23/2025,,
MABTHERA 10MG-1ML CONC. FOR I.V INFUSION,RITUXIMAB,10,ml,Biological,Prescription,Roche Diagnostics GmbH ,Germany,Valid,11/30/2022,,
MALARONE,"ATOVAQUONE,PROGUANIL HYDROCHLORIDE",-,-,NCE,Prescription,GLAXOWELLCOME,United Kingdom,Valid,11/18/2022,,
LUMIGAN 0.1MG/ML EYE DROPS,BIMATOPROST,3,ml,NCE,Prescription,ALLERGAN PHARMACEUTICALS LTD,Ireland,Valid,3/15/2024,,
MAGNACEF 200MG CAP.,CEFIXIME,-,-,Generic,Prescription,Ram Pharmaceutical Industries,Jordan,Valid,2/10/2025,,
MAGNACEF 100MG\5ML SUSP,CEFIXIME,60,ml,Generic,Prescription,Ram Pharmaceutical Industries,Jordan,Valid,2/10/2025,,
MADOPAR 250 MG TABS,"LEVODOPA,BENSERAZIDE",-,-,NCE,Prescription,"Delpharm Milano, S.r.l.",Italy,Valid,7/27/2025,,
MAGNACEF 400MG CAP,CEFIXIME,-,-,Generic,Prescription,Ram Pharmaceutical Industries,Jordan,Valid,2/10/2025,,
Purout 100 MG TABLETS,ALLOPURINOL,-,-,Generic,Prescription,OMAN PHARMACEUTICAL PRODUCTS,Oman,Valid,3/22/2023,,
LORANO 10MG TABLETS,LORATADINE,-,-,Generic,OTC,HEXAL,Germany,Valid,5/13/2024,,
LORADAY 5 MG - 5 ML SYRUP,LORATADINE,100,ml,Generic,OTC,KUWAIT SAUDI PHARMACEUTICAL INDUSTRIES,Kuwait,Valid,1/16/2025,,
LOWVASC 5MG CAPSULE,AMLODIPINE BESILATE,-,-,Generic,Prescription,The Arab Pharmaceutical Manufacturing PSC Sult,Jordan,Valid,3/28/2023,,
LOWRAC 5MG CAPSULE,AMLODIPINE BESILATE,-,-,Generic,Prescription,The Jordanian Pharmaceutical Manufacturing Medical Equipment Co. Ltd. (JPM),Jordan,Valid,11/26/2024,,
LOSEC MUPS 20MG TAB,OMEPRAZOLE,-,-,NCE,Prescription,AstraZeneca,Sweden,Valid,4/24/2025,,
LOSEC MUPS 10 MG TAB,OMEPRAZOLE,-,-,NCE,Prescription,AstraZeneca AB,Sweden,Valid,2/16/2025,,
MANNITOL,MANNITOL,500,ml,Generic,Prescription,McGAW,United States,Valid,8/31/2022,,
MEGION 0.5GM I.V INJECTION,CEFTRIAXONE,-,-,Generic,Prescription,SANDOZ,Austria,Valid,5/13/2024,,
MEGACE,MEGESTROL ACETATE,-,-,NCE,Prescription,MEADJOHNSON,United States,Valid,8/29/2022,,
MEGACE,MEGESTROL ACETATE,-,-,NCE,Prescription,MEADJOHNSON,United States,Valid,8/1/2022,,
ZOYLEX  5% CREAM,ACYCLOVIR,15,g,Generic,Prescription,MEDPHARMA PHARMACEUTICAL & CHEMICAL INDUSTRIES,United Arab Emirates,Valid,8/1/2024,,
MEGION 1GM I.V - I.M INJECTION,CEFTRIAXONE,-,-,Generic,Prescription,SANDOZ,Austria,Valid,5/13/2024,,
MESPORIN 1000 I.V,CEFTRIAXONE,-,-,Generic,Prescription,LABESFAL,Portugal,Valid,7/27/2025,,
MESPORIN 1000 I.M.,CEFTRIAXONE,-,-,Generic,Prescription,LABESFAL,Portugal,Valid,11/24/2024,,
MEPICATON 3% CARTRIDGES (1.8)ML,MEPIVACAINE HYDROCHLORIDE,1.8,ml,Generic,Prescription,WEIMER PHARMA,Germany,Valid,8/29/2022,,
MEPHAQUIN LACTAB,MEFLOQUINE,-,-,NCE,Prescription,ACINO PHARMA AG,Switzerland,Valid,8/29/2022,,
MENOGON 75 I.U FSH & 75 I.U LH AMPOULES," FOLLICLE STIMULATING HORMONE (FSH),LUTEINIZING HORMONE (LH)",-,-,Biological,Prescription,FERRING,Germany,Valid,2/27/2024,,
MENACTRA 4 MCG SOLUTION FOR INJECTION,"MENINGOCOCCAL GROUP A (NEISSERIA MENINGITIDIS) POLYSACCHARIDE VACCINE,MENINGOCOCCAL GROUP C (NEISSERIA MENINGITIDIS) POLYSACCHARIDE,MENINGOCOCCAL GROUP W (NEISSERIA MENINGITIDIS) POLYSACCHARIDE,MENINGOCOCCAL GROUP Y (NEISSERIA MENINGITIDIS) POLYSACCHARIDE,DIPHTHERIA TOXOID",0.5,ml,Biological,Prescription,SANOFI PASTEUR,United States,Valid,11/30/2022,,
MENACTRA,"MENINGOCOCCAL GROUP A (NEISSERIA MENINGITIDIS) POLYSACCHARIDE VACCINE,MENINGOCOCCAL GROUP C (NEISSERIA MENINGITIDIS) POLYSACCHARIDE,MENINGOCOCCAL GROUP Y (NEISSERIA MENINGITIDIS) POLYSACCHARIDE,MENINGOCOCCAL GROUP W (NEISSERIA MENINGITIDIS) POLYSACCHARIDE,DIPHTHERIA TOXOID",0.5,ml,Biological,Prescription,SANOFI PASTEUR,United States,Valid,11/30/2022,,
MENOGON 75 I.U FSH & 75 I.U LH AMPOULES," FOLLICLE STIMULATING HORMONE (FSH),LUTEINIZING HORMONE (LH)",-,-,Biological,Prescription,FERRING,Germany,Valid,2/27/2024,,
MEDROL 4 mg tablet,METHYLPREDNISOLONE,-,-,NCE,Prescription,PFIZER,Italy,Valid,8/17/2023,,
MEDICAINE 2% CARTRIDGE,"MEPIVACAINE HYDROCHLORIDE,ADRENALINE",1.8,ml,NCE,Prescription,LES LABORATOIRES MEDIS,Tunisia,Valid,7/27/2025,,
MAXIL 1500 VIAL,CEFUROXIME SODIUM,20,ml,Generic,Prescription,Hikma Farmaceutica,Portugal,Valid,11/29/2023,,
MARVELON TAB,"DESOGESTREL,ETHINYLESTRADIOL",-,-,Generic,Prescription,ORGANON,Netherlands,Valid,4/23/2025,,
MANNITOL 20% INJ,MANNITOL,250,ml,Generic,Prescription,McGAW,United States,Valid,8/31/2022,,
MANNITOL 20% INFUSION,MANNITOL,500,ml,Generic,Prescription,GULF INJECT,United Arab Emirates,Valid,6/12/2023,,
MANNITOL 20 % I.V INFUSION 500 ML,MANNITOL,500,ml,Generic,Prescription,KUWAIT SAUDI PHARMACEUTICAL INDUSTRIES,Kuwait,Valid,7/21/2024,,
MANNITOL 10% W-V INFUSION BOTTLES,MANNITOL,500,ml,Generic,Prescription,GULF INJECT,United Arab Emirates,Valid,6/12/2023,,
MAXIL 750 VIAL,CEFUROXIME SODIUM,10,ml,Generic,Prescription,Hikma Farmaceutica,Portugal,Valid,11/29/2023,,
MEDEMYCIN,MIDECAMYCIN,-,-,NCE,Prescription,MEIJI SEIKA,Japan,Valid,8/1/2022,,
MEDAFEN 100MG-5ML SUSPENSION,IBUPROFEN,100,ml,Generic,OTC,MEDPHARMA PHARMACEUTICAL & CHEMICAL INDUSTRIES,United Arab Emirates,Valid,12/9/2024,,
MEDACIN -T 1% TOPICAL SOLUTION,CLINDAMYCIN PHOSPHATE,30,ml,Generic,Prescription,MEDPHARMA PHARMACEUTICAL & CHEMICAL INDUSTRIES,United Arab Emirates,Valid,4/23/2025,,
MEDICAINE 3% CARTRIDGE,MEPIVACAINE HYDROCHLORIDE,1.8,ml,NCE,Prescription,LES LABORATOIRES MEDIS,Tunisia,Valid,7/27/2025,,
MEDACIN -T 1% GEL,CLINDAMYCIN PHOSPHATE,30,g,Generic,Prescription,MEDPHARMA PHARMACEUTICAL & CHEMICAL INDUSTRIES,United Arab Emirates,Valid,8/17/2023,,
MEDACEF 500MG CAPSULES,CEFACLOR,-,-,Generic,Prescription,MEDPHARMA PHARMACEUTICAL & CHEMICAL INDUSTRIES,United Arab Emirates,Valid,8/17/2023,,
MEDACEF 250MG CAPSULES,CEFACLOR,-,-,Generic,Prescription,MEDPHARMA PHARMACEUTICAL & CHEMICAL INDUSTRIES,United Arab Emirates,Valid,8/29/2022,,
MESPORIN 2000 I.V,CEFTRIAXONE,-,-,Generic,Prescription,LABESFAL,Portugal,Valid,7/27/2025,,
LOPRAM 20MG F.C. TABLETS,CITALOPRAM,-,-,Generic,Prescription,OMAN PHARMACEUTICAL PRODUCTS,Oman,Valid,8/29/2022,,
LOPID,GEMFIBROZIL,-,-,NCE,Prescription,PFIZER,Germany,Valid,2/28/2024,,
LECITAL 20MG F.C. CAPLETS,CITALOPRAM,-,-,Generic,Prescription,Jordan Sweden Medical and Sterilization Co.,Jordan,Valid,2/19/2025,,
LAXOLAC SYRUP,LACTULOSE,120,ml,Generic,OTC,MEDICAL UNION PHARMACEUTICALS CO,Egypt,Valid,8/29/2022,,
LAXOLAC SYRUP,LACTULOSE,300,ml,Generic,OTC,MEDICAL UNION PHARMACEUTICALS CO,Egypt,Valid,8/29/2022,,
LASTET 100MG AMP FOR INFUSION,ETOPOSIDE,-,-,Generic,Prescription,NIPPON KAYAKU,Japan,Valid,8/31/2022,,
LASONIL OINT,"HEPARINOID, HYALURONIDASE",40,g,Generic,Prescription,BAYER AG,Germany,Valid,2/16/2023,,
LERCADIP 10MG F.C.TABLET,LERCANIDIPINE HYDROCHLORIDE,-,-,NCE,Prescription,Algorithm SAL,Lebanon,Suspended,1/29/2025,,
LEVSIN TAB 0.125MG,HYOSCYAMINE,-,-,NCE,Prescription,SCHWARTZ PHARMA,United States,Valid,8/1/2022,,
LEVOPHED,NOREPINEPHRINE BITARTRATE,4,ml,NCE,Prescription,HOSPIRA,United States,Valid,11/29/2023,,
LASIX TAB 40 MG,FUROSEMIDE,-,-,NCE,Prescription,SANOFI WINTHROP INDUSTRIE,France,Valid,4/5/2023,,
LEVITRA 5MG TABLET,VARDENAFIL,-,-,NCE,Prescription,BAYER AG,Germany,Valid,11/29/2023,,
LEVITRA 20MG TABLET,VARDENAFIL,-,-,NCE,Prescription,BAYER AG,Germany,Valid,8/6/2023,,
LEVITRA 10MG TABLET,VARDENAFIL,-,-,NCE,Prescription,BAYER AG,Germany,Valid,11/29/2023,,
LEVEMIR FLEX PEN 100IU\ML,INSULIN DETEMIR,3,ml,Biological,Prescription,NOVO NORDISK,Denmark,Valid,12/19/2024,,
LEVOFLOX 500MG F.C. TABLET,LEVOFLOXACIN,-,-,Generic,Prescription,NATIONAL PHARMACEUTICAL INDUSTRIES CO,Oman,Valid,3/27/2023,,
LAMISIL ONCE 1% CUTANEOUS SOLUTION,TERBINAFINE,4,g,NCE,OTC,NOVARTIS,Switzerland,Valid,8/29/2022,,
LAMISIL 250 mg tablet,TERBINAFINE,-,-,NCE,Prescription,NOVARTIS PHARMA PRODUKTIONS GMBH ,Germany,Valid,4/17/2024,,
LAMISIL 1% SPRAY,TERBINAFINE,30,ml,NCE,OTC,DELPHARM HUNINGUE S.A.S.,France,Valid,5/14/2023,,
LAMISIL 1% CREAM,TERBINAFINE,15,g,NCE,OTC,GSK Consumer Healthcare SARL,Switzerland,Valid,8/21/2023,,
LAMICTAL,LAMOTRIGINE,-,-,NCE,Prescription,DELPHARM POZNAN SPOLKA AKCYJNA,Poland,Valid,2/11/2025,,
LAMICTAL,LAMOTRIGINE,-,-,NCE,Prescription,DELPHARM POZNAN SPOLKA AKCYJNA,Poland,Valid,2/11/2025,,
LAMICTAL,LAMOTRIGINE,-,-,NCE,Prescription,DELPHARM POZNAN SPOLKA AKCYJNA,Poland,Valid,2/11/2025,,
LAMICTAL,LAMOTRIGINE,-,-,NCE,Prescription,DELPHARM POZNAN SPOLKA AKCYJNA,Poland,Valid,2/11/2025,,
LAMICTAL,LAMOTRIGINE,-,-,NCE,Prescription,DELPHARM POZNAN SPOLKA AKCYJNA,Poland,Valid,2/11/2025,,
LAMICTAL,LAMOTRIGINE,-,-,NCE,Prescription,DELPHARM POZNAN SPOLKA AKCYJNA,Poland,Valid,2/11/2025,,
LAMOTRIX 100MG TABLET,LAMOTRIGINE,-,-,Generic,Prescription,MEDOCHEMIE LTD.,Cyprus,Valid,3/17/2025,,
LAMOTRIX 25MG TABLET,LAMOTRIGINE,-,-,Generic,Prescription,MEDOCHEMIE LTD.,Cyprus,Valid,3/17/2025,,
LAMOTRIX 50MG TABLET,LAMOTRIGINE,-,-,Generic,Prescription,MEDOCHEMIE LTD.,Cyprus,Valid,3/17/2025,,
LAPRIL 5 mg tablet,ENALAPRIL MALEATE,-,-,Generic,Prescription,SPIMACO,Jordan,Valid,8/29/2022,,
LAPRIL 20MG TABLETS,ENALAPRIL MALEATE,-,-,Generic,Prescription,SPIMACO,Jordan,Valid,8/29/2022,,
LAPRIL 20 MG TABLET,ENALAPRIL MALEATE,-,-,Generic,Prescription,SPIMACO,Jordan,Valid,1/19/2023,,
LAPRIL 10 mg tablet,ENALAPRIL MALEATE,-,-,Generic,Prescription,SPIMACO,Jordan,Valid,1/19/2023,,
LANTUS 100 I.U - ML VIAL,INSULIN GLARGINE,10,ml,Biological,Prescription,sanofi-aventis,Germany,Valid,1/9/2025,,
LANSOMID 30 MG CAPSULE,LANSOPRAZOLE,-,-,Generic,Prescription,SPIMACO,Jordan,Valid,8/29/2022,,
LANTUS SOLOSTAR 100I.U-ML DISPOSABLE PEN,INSULIN GLARGINE,3,ml,Biological,Prescription,sanofi-aventis,Germany,Valid,6/19/2025,,
LIVOSTIN NASAL SPRAY 0.5MG-ML,LEVOCABASTINE,10,ml,NCE,OTC,JANSSEN PHARMACEUTICA N.V.,Belgium,Valid,3/25/2025,,
LIVOSTIN EYE DROPS 0.5MG-ML,LEVOCABASTINE,4,ml,NCE,OTC,JANSSEN PHARMACEUTICA N.V.,Belgium,Valid,3/10/2025,,
LIVIAL 2.5MG TAB,TIBOLONE,-,-,NCE,Prescription,ORGANON,Netherlands,Valid,4/23/2025,,
LIVAZO 4 mg film-coated tablets,PITAVASTATIN,-,-,NCE,Prescription,Algorithm SAL,Lebanon,Suspended,1/29/2025,,
LIVAZO 2 mg film-coated tablets,PITAVASTATIN,-,-,NCE,Prescription,Algorithm SAL,Lebanon,Suspended,1/29/2025,,
LOCERYL 5% NAIL LACQUER,AMOROLFINE,5,ml,NCE,OTC,GALDERMA,France,Valid,7/8/2025,,
LOHIST 5 MG-5 ML SYRUP,LORATADINE,100,ml,Generic,OTC,NATIONAL PHARMACEUTICAL INDUSTRIES CO,Oman,Valid,2/10/2025,,
LOHIST 10 MG TABLETS,LORATADINE,-,-,Generic,OTC,NATIONAL PHARMACEUTICAL INDUSTRIES CO,Oman,Valid,2/10/2025,,
LOFRAL 5MG TABLETS,AMLODIPINE BESILATE,-,-,Generic,Prescription,ACINO PHARMA AG,Switzerland,Valid,4/24/2025,,
LOFRAL 10MG TABLETS,AMLODIPINE BESILATE,-,-,Generic,Prescription,ACINO PHARMA AG,Switzerland,Valid,4/24/2025,,
LOCOID OINT 0.1%,HYDROCORTISONE BUTYRATE,30,g,NCE,OTC,Astellas Pharma,Netherlands,Valid,4/24/2025,,
LOGYNON TAB,"ETHINYLESTRADIOL,LEVONORGESTREL",-,-,NCE,Prescription,BAYER AG,Germany,Valid,11/21/2022,,
LINOPRIL 10MG TABLET,LISINOPRIL,-,-,Generic,Prescription,Pharma International Co.,Jordan,Valid,12/29/2024,,
LIDOCAINE HCL EMERGENCY SYRINGE 2%,LIDOCAINE HYDROCHLORIDE,5,ml,Generic,Prescription,HOSPIRA,United States,Valid,8/1/2022,,
LIDOCAINE HCL EMERGENCY SYRINGE 1%,LIDOCAINE HYDROCHLORIDE,5,ml,Generic,Prescription,HOSPIRA,United States,Valid,8/1/2022,,
LIDOCAINE HCL 2% INJ 20ML,LIDOCAINE HYDROCHLORIDE,20,ml,Generic,Prescription,B. BRAUN,Germany,Valid,1/22/2024,,
LEXOTANIL TAB. 3MG,BROMAZEPAM,-,-,NCE,Prescription,Delpharm Milano S.r.l,Italy,Valid,11/5/2023,,
LINOPRIL 20MG TABLET,LISINOPRIL,-,-,Generic,Prescription,Pharma International Co.,Jordan,Valid,12/29/2024,,
LINOPRIL 5MG TABLET,LISINOPRIL,-,-,Generic,Prescription,Pharma International Co.,Jordan,Valid,12/29/2024,,
LIOCAINE 2% GEL,LIDOCAINE HYDROCHLORIDE,30,g,Generic,OTC,HAYAT PHARMACEUTICAL INDUSTRIES,Jordan,Valid,6/3/2025,,
LIPOFUNDIN MCT-LCT 20% Infusion*,"TRIGLYCERIDES MEDIUM CHAIN,SOYA OIL",500,ml,Generic,Prescription,B. BRAUN,Germany,Valid,2/10/2025,,
LIPOFUNDIN MCT-LCT 20% INFUSION,"TRIGLYCERIDES MEDIUM CHAIN,SOYA OIL",250,ml,Generic,Prescription,B. BRAUN,Germany,Valid,2/10/2025,,
LIORESAL 25MG TAB,BACLOFEN,-,-,NCE,Prescription,"Siegfried Barbera, S.L",Spain,Valid,1/15/2025,,
LIORESAL 10MG TAB,BACLOFEN,-,-,NCE,Prescription,NOVARTIS,Italy,Valid,8/21/2024,,
LIPOFUNDIN MCT-LCT 20% Infusion*,"TRIGLYCERIDES MEDIUM CHAIN,SOYA OIL",100,ml,Generic,Prescription,B. BRAUN,Germany,Valid,2/10/2025,,
MESPORIN 500 I.M.,CEFTRIAXONE,-,-,Generic,Prescription,LABESFAL,Portugal,Valid,11/24/2024,,
NEUPOGEN 48 MU,FILGRASTIM,0.5,ml,Biological,Prescription,ROCHE,Switzerland,Valid,8/31/2022,,
NEOXIDIL 2% SOLN.,MINOXIDIL,60,ml,Generic,OTC,GALDERMA,France,Valid,1/13/2025,,
NEOXICAM 7.5MG TABLETS,MELOXICAM,-,-,Generic,Prescription,NEOPHARMA,United Arab Emirates,Suspended,8/29/2022,,
NEOXICAM 15MG TABLETS,MELOXICAM,-,-,Generic,Prescription,NEOPHARMA,United Arab Emirates,Suspended,8/29/2022,,
NEOVENTIL 2MG-5ML SYRUP,SALBUTAMOL,120,ml,Generic,Prescription,NEOPHARMA,United Arab Emirates,Suspended,8/29/2022,,
NEOTIGASON 25MG CAPS,ACITRETIN,-,-,NCE,Prescription,PATHEON INC,Canada,Valid,8/29/2022,,
NEOTIGASON 10MG CAPS,ACITRETIN,-,-,NCE,Prescription,PATHEON INC,Canada,Valid,8/29/2022,,
NEOSTIGMINE METHYLSULFATE 0.5 MG/ML AMPOULE,NEOSTIGMINE METHYLSULFATE,1,ml,Generic,Prescription,ALAMRIAH FOR PHARMACEUTICALS INDUSTRIES,Egypt,Valid,1/16/2025,,
NEUPOGEN 48 MU,FILGRASTIM,1,ml,Biological,Prescription,ROCHE,Switzerland,Valid,8/31/2022,,
NEUROBION ampoules,"THIAMINE,PYRIDOXINE,CYANOCOBALAMIN",3,ml,NCE,Prescription,CENEXI,France,Valid,9/2/2024,,
NEXAVAR 200 MG F-C TABLETS,SORAFENIB,-,-,NCE,Prescription,BAYER  AG,Germany,Valid,8/3/2025,,
NEUROVIT AMPOULES,"THIAMINE,PYRIDOXINE,CYANOCOBALAMIN",3,ml,NCE,Prescription,ALAMRIAH FOR PHARMACEUTICALS INDUSTRIES,Egypt,Valid,12/6/2023,,
NEUROTRAT FORTE TAB.,MULTIVITAMINS,-,-,Generic,OTC,Knoll Pharmaceuticals,Germany,Valid,8/29/2022,,
NEURORUBINE SOLUTION,"THIAMINE,PYRIDOXINE,CYANOCOBALAMIN",3,ml,Generic,Prescription,Haupt Pharma Wulfing GmbH,Germany,Valid,11/7/2022,,
NEURORUBINE-FORTE,"THIAMINE,PYRIDOXINE,CYANOCOBALAMIN",-,-,Generic,OTC,ACINO PHARMA AG,Switzerland,Valid,10/16/2024,,
NEOPRED - P,"POLYMYXIN B,PREDNISOLONE,NEOMYCIN SULFATE",10,ml,Generic,Prescription,Amman Pharmaceutical Industries (API),Jordan,Valid,12/15/2024,,
NEOMOX 250MG-5ML SUSPENSION,AMOXICILLIN,100,ml,Generic,Prescription,NEOPHARMA,United Arab Emirates,Suspended,8/29/2022,,
NEOMOL 120MG-5ML SUSPENSION,PARACETAMOL,100,ml,Generic,OTC,NEOPHARMA,United Arab Emirates,Suspended,8/29/2022,,
NAROPIN 7.5MG-ML AMP,ROPIVACAINE,20,ml,NCE,Prescription,AstraZeneca,Sweden,Valid,3/6/2025,,
NAROPIN 2MG-ML PLASTIC AMP,ROPIVACAINE,20,ml,NCE,Prescription,AstraZeneca,Sweden,Valid,3/6/2025,,
NAPROX D.S 500MG TAB,NAPROXEN,-,-,Generic,OTC,Hikma Pharmaceuticals PLC,Jordan,Valid,1/19/2023,,
NAPROX 250MG TAB,NAPROXEN,-,-,Generic,OTC,Hikma Pharmaceuticals PLC,Jordan,Valid,1/19/2023,,
NAPROTEX 500 mg tablet,NAPROXEN,-,-,Generic,OTC,APOTEX,Canada,Valid,11/12/2024,,
NAPHCON-A EYE DROPS,"PHENIRAMINE,NAPHAZOLINE HYDROCHLORIDE",15,ml,NCE,OTC,Alcon Singapore Manufacturing Pte. Ltd,Singapore,Valid,5/27/2025,,
NATRILIX 1.5 MG S.R TAB,INDAPAMIDE,-,-,NCE,Prescription,LES LABORATOIRES SERVIER INDUSTRIE,France,Valid,4/6/2025,,
NAVELBINE 10MG-ML I-V VIAL,VINORELBINE,1,ml,NCE,Prescription,FAREVA PAU 1,France,Valid,11/29/2023,,
NAVELBINE 10MG-ML I-V VIAL,VINORELBINE,5,ml,NCE,Prescription,FAREVA PAU 1,France,Valid,11/29/2023,,
NEO-HAEMORRHAN OINT,"ALUMINUM ACETATE, LIDOCAINE, PREDNISOLONE, RUSCUS EXTR",12,g,Generic,Prescription,MISR COMPANY FOR MEDICAL PRODUCTS,Egypt,Valid,8/1/2022,,
NEO-HAEMORRHAN SUPP.,"ALUMINUM ACETATE, LIDOCAINE, PREDNISOLONE, RUSCUS EXTR, ZINC OXIDE",-,-,Generic,Prescription,MISR COMPANY FOR MEDICAL PRODUCTS,Egypt,Valid,8/1/2022,,
NEODEX 0.1 E-E DROP,"DEXAMETHASONE,NEOMYCIN SULFATE",5,ml,NCE,Prescription,Amman Pharmaceutical Industries (API),Jordan,Valid,12/15/2024,,
NEODAY 5MG-5ML SYRUP,LORATADINE,100,ml,Generic,OTC,NEOPHARMA,United Arab Emirates,Suspended,1/19/2023,,
NEODAY 10MG TABLETS,LORATADINE,-,-,Generic,OTC,NEOPHARMA,United Arab Emirates,Suspended,8/29/2022,,
NEOMOX 125MG-5ML SUSPENSION,AMOXICILLIN,100,ml,Generic,Prescription,NEOPHARMA,United Arab Emirates,Suspended,8/29/2022,,
NEOCIPRO 500MG F.C. TABLETS,CIPROFLOXACIN,-,-,Generic,Prescription,NEOPHARMA,United Arab Emirates,Suspended,8/29/2022,,
NEBILET 5MG TABLETS,NEBIVOLOL HYDROCHLORIDE,-,-,NCE,Prescription,BERLIN CHEMIE AG,Germany,Valid,6/6/2024,,
NEBIDO 1000 MG- 4 ML SOLUTION FOR INJ,TESTOSTERONE UNDECANOATE,4,ml,NCE,Prescription,BAYER AG,Germany,Valid,2/27/2024,,
NAXONE 0.4MG-ML INJ,NALOXONE HYDROCHLORIDE,1,ml,Generic,Prescription,Hikma Pharmaceuticals PLC,Jordan,Valid,8/31/2022,,
NAXONE 0.02MG-ML INJ 2ML,NALOXONE HYDROCHLORIDE,2,ml,Generic,Prescription,Hikma Pharmaceuticals PLC,Jordan,Valid,8/31/2022,,
NORACTONE ,SPIRONOLACTONE,-,-,Generic,Prescription,The Jordanian Pharmaceutical Manufacturing Medical Equipment Co. Ltd. (JPM),Jordan,Valid,8/21/2024,,
NOOTROPIL 800 MG FILM COATED,PIRACETAM,-,-,NCE,Prescription,U.C.B.,Belgium,Valid,8/29/2022,,
NORPROLAC 75MCG TABLETS,QUINAGOLIDE,-,-,NCE,Prescription,JELFA PHARMACEUTICAL,Poland,Valid,8/29/2022,,
NORPROLAC 25MCG-50MCG TABLETS,QUINAGOLIDE,-,-,NCE,Prescription,JELFA PHARMACEUTICAL,Poland,Valid,8/1/2022,,
NOROXIN 400MG TABLETS,NORFLOXACIN,-,-,Generic,Prescription,Algorithm SAL,Lebanon,Suspended,1/29/2025,,
NIMOTOP 30MG TAB,NIMODIPINE,-,-,NCE,Prescription,BAYER AG,Germany,Valid,11/6/2023,,
NIMOTOP 10MG-50ML Infusion,NIMODIPINE,50,ml,NCE,Prescription,BAYER AG,Germany,Valid,8/6/2023,,
NIDAZOLE 5MG-ML INFUSION VIAL 100ML,METRONIDAZOLE,100,ml,Generic,Prescription,Hikma Pharmaceuticals PLC,Jordan,Valid,8/31/2022,,
NICOTINELL 1MG LOZENGES,NICOTINE DITATRATE DIHYDRATE,-,-,NCE,OTC,SwissCo Services AG ,Switzerland,Valid,6/29/2025,,
NITRODERM TTS 5 PATCHES,NITROGLYCERIN,-,-,NCE,Prescription,NOVARTIS,Switzerland,Valid,8/21/2024,,
NOMAL 50 MG CAPSULE,TRAMADOL HYDROCHLORIDE,-,-,Generic,Prescription,The Arab Pharmaceutical Manufacturing PSC (Sahab) Co Ltd ,Jordan,Valid,4/24/2025,,
NOLVADEX-D TAB 20MG,TAMOXIFEN,-,-,Generic,Prescription,AstraZeneca,United Kingdom,Valid,8/20/2023,,
NOLVADEX 10 MG TABs,TAMOXIFEN,-,-,NCE,Prescription,AstraZeneca,United Kingdom,Valid,8/20/2023,,
NIZORAL CREAM 2%,KETOCONAZOLE,30,g,NCE,Prescription,JANSSEN PHARMACEUTICA N.V.,Belgium,Valid,8/7/2024,,
NITRODERM TTS-10 SYSTEM,NITROGLYCERIN,-,-,NCE,Prescription,NOVARTIS,Switzerland,Valid,8/21/2024,,
NITRODERM TTS-10 SYSTEM,NITROGLYCERIN,-,-,NCE,Prescription,NOVARTIS,Switzerland,Valid,5/13/2024,,
NITRODERM TTS 5 PATCHES,NITROGLYCERIN,-,-,NCE,Prescription,NOVARTIS,Switzerland,Valid,5/13/2024,,
MYFORTIC 360 MG E.C.TABLET,MYCOPHENOLATE SODIUM,-,-,NCE,Prescription,NOVARTIS PHARMA PRODUKTIONS GMBH ,Germany,Valid,6/6/2024,,
MYDRIACYL 1% EYE DROPS,TROPICAMIDE,15,ml,Generic,Prescription,S.A. Alcon Couvreur N.V,Belgium,Valid,6/29/2025,,
MYDFRIN 2.5% DROPS,PHENYLEPHRINE HYDROCHLORIDE,5,ml,NCE,OTC,ALCON LABORATORIES,United States,Valid,11/26/2024,,
MILK OF MAGNESIA SUSP.,MAGNESIUM HYDROXIDE,200,ml,Generic,OTC,SMIITHKLINE BEECHAM,United Kingdom,Valid,8/1/2022,,
MIDROXIL 500MG\5ML SUSP.,CEFADROXIL,60,ml,Generic,Prescription,SPIMACO,Jordan,Valid,8/29/2022,,
MIDROXIL 500 MG CAPSULE,CEFADROXIL,-,-,Generic,Prescription,SPIMACO,Jordan,Valid,8/29/2022,,
MIDROXIL 250MG\5ML SUSP,CEFADROXIL,60,ml,Generic,Prescription,SPIMACO,Jordan,Valid,8/29/2022,,
MIDRONE EXTRA TAB,"PARACETAMOL,CAFFEINE CITRATE",-,-,Generic,OTC,SPIMACO,Jordan,Valid,3/17/2024,,
MIDAFLEX 500MG CAPSULE,CEFALEXIN,-,-,Generic,Prescription,SPIMACO,Jordan,Valid,8/29/2022,,
MIDAFLEX 250 mg capsule,CEFALEXIN,-,-,Generic,Prescription,SPIMACO,Jordan,Valid,8/29/2022,,
MIDAFLEX 250 mg oral suspension,CEFALEXIN,100,ml,Generic,Prescription,SPIMACO,Jordan,Valid,8/29/2022,,
MIDAFLEX 125MG-5MLSUSP,CEFALEXIN,100,ml,Generic,Prescription,SPIMACO,Jordan,Valid,8/29/2022,,
MICOVER- H CREAM,"MICONAZOLE NITRATE,HYDROCORTISONE",15,g,Generic,Prescription,JORDAN RIVER PHARMACEUTICAL INDUSTRIES,Jordan,Valid,8/23/2023,,
MICOVER 2% CREAM,MICONAZOLE NITRATE,15,g,Generic,OTC,JORDAN RIVER PHARMACEUTICAL INDUSTRIES,Jordan,Valid,7/24/2023,,
MICONAZ 2% POWDER,MICONAZOLE NITRATE,20,g,Generic,OTC,MEDICAL UNION PHARMACEUTICALS CO,Egypt,Valid,1/23/2024,,
MIMPARA 30MG F.C. TABLETS,CINACALCET,-,-,NCE,Prescription,PATHEON,Canada,Valid,3/23/2023,,
MIMPARA 60MG F.C. TABLETS,CINACALCET,-,-,NCE,Prescription,PATHEON,Canada,Valid,3/23/2023,,
MIMPARA 90MG F.C. TABLETS,CINACALCET,-,-,NCE,Prescription,PATHEON,Canada,Valid,3/23/2023,,
MINIMS TROPICAMIDE 1% W-V,TROPICAMIDE,0.5,ml,NCE,Prescription,CHAUVIN BAUSCH & LOMB,United Kingdom,Valid,2/27/2024,,
MINIMS TROPICAMIDE 0.5% EYE DROPS,TROPICAMIDE,0.5,ml,Generic,Prescription,CHAUVIN BAUSCH & LOMB,France,Valid,2/27/2024,,
MINIMS TETRACAINE HCL 1%,TETRACAINE HYDROCHLORIDE,0.5,ml,NCE,Prescription,CHAUVIN BAUSCH & LOMB,United Kingdom,Valid,10/22/2023,,
MINIMS SODIUM CHLORIDE 0.9%,SODIUM CHLORIDE,0.5,ml,Generic,OTC,CHAUVIN BAUSCH & LOMB,France,Valid,10/23/2023,,
MINIMS PILOCARPINE 2%,PILOCARPINE HYDROCHLORIDE,0.5,ml,Generic,Prescription,CHAUVIN BAUSCH & LOMB,United Kingdom,Valid,10/22/2023,,
MINIMS PHENYLEPHRINE HCL 10%,PHENYLEPHRINE HYDROCHLORIDE,0.5,ml,Generic,OTC,CHAUVIN BAUSCH & LOMB,United Kingdom,Valid,1/23/2024,,
MINIMS PHENYLEPHRINE 2.5% W-V,PHENYLEPHRINE HYDROCHLORIDE,0.5,ml,Generic,OTC,CHAUVIN BAUSCH & LOMB,United Kingdom,Valid,1/23/2024,,
MICONAZ 2% CREAM,MICONAZOLE NITRATE,20,g,Generic,OTC,MEDICAL UNION PHARMACEUTICALS CO,Egypt,Valid,3/3/2024,,
MINIMS OXYBUPROCAINE HCL 0.4%,OXYBUPROCAINE,0.5,ml,NCE,Prescription,CHAUVIN BAUSCH & LOMB,United Kingdom,Valid,10/22/2023,,
MINIMS FLUORESCEIN SODIUM 2%,FLUORESCEIN SODIUM,0.5,ml,NCE,Prescription,CHAUVIN BAUSCH & LOMB,United Kingdom,Valid,8/21/2024,,
MINIMS CYCLOPENTOLATE HCL 1%,CYCLOPENTOLATE,0.5,ml,Generic,Prescription,CHAUVIN BAUSCH & LOMB,France,Valid,1/22/2024,,
MINIMS CYCLOPENTOLATE HCL 0.5%,CYCLOPENTOLATE,1.5,ml,NCE,Prescription,CHAUVIN BAUSCH & LOMB,United Kingdom,Valid,1/22/2024,,
MINIMS CHLORAMPHENICOL 0.5%,CHLORAMPHENICOL,0.5,ml,Generic,Prescription,CHAUVIN BAUSCH & LOMB,United Kingdom,Valid,10/22/2023,,
MINIMS ATROPINE SULPHATE 1%,ATROPINE SULFATE,0.5,ml,NCE,Prescription,CHAUVIN BAUSCH & LOMB,United Kingdom,Valid,10/22/2023,,
MINIMS LIDOCAINE and FLUORESCEIN,"FLUORESCEIN SODIUM,LIDOCAINE HYDROCHLORIDE",0.5,ml,NCE,Prescription,CHAUVIN BAUSCH & LOMB,United Kingdom,Valid,11/29/2023,,
MICARDIS PLUS,"TELMISARTAN,HYDROCHLOROTHIAZIDE",-,-,NCE,Prescription,BOEHRINGER INGELHEIM,Germany,Valid,9/19/2024,,
METHOTREXATE 1G-10ML INJ.FOR I.V OR I.M,METHOTREXATE,10,ml,Generic,Prescription,HOSPIRA AUSTRALIA ,Australia,Valid,6/10/2024,,
"METHOTREXATE ""EBEWE"" 10MG-ML VIAL",METHOTREXATE,5,ml,Generic,Prescription, Fareva Unterach GmbH ,Austria,Valid,5/13/2024,,
"METHOTREXATE ""EBEWE"" 100MG-ML VIAL",METHOTREXATE,10,ml,Generic,Prescription, Fareva Unterach GmbH ,Austria,Valid,5/13/2024,,
"METHOTREXATE ""EBEWE"" 100MG-ML VIAL",METHOTREXATE,5,ml,Generic,Prescription, Fareva Unterach GmbH ,Austria,Valid,5/13/2024,,
"METHOTREXATE ""EBEWE"" 100MG-ML VIAL",METHOTREXATE,50,ml,Generic,Prescription, Fareva Unterach GmbH ,Austria,Valid,5/13/2024,,
METHERGINE 0.2MG-ML AMPULES,METHYLERGONOVINE MALEATE,5,ml,NCE,Prescription,NOVARTIS,Switzerland,Valid,8/31/2022,,
METFORMIN HEXAL 1000 MG FILM COATED TABLETS,METFORMIN HYDROCHLORIDE,-,-,Generic,Prescription,LEK S.A,Poland,Valid,5/13/2024,,
METALYSE 10000 U I.V VIAL,TENECTEPLASE,-,-,Biological,Prescription,BOEHRINGER INGELHEIM,Germany,Valid,1/15/2025,,
MESPORIN 500 I.V,CEFTRIAXONE,-,-,Generic,Prescription,LABESFAL,Portugal,Valid,7/27/2025,,
METHOTREXATE 2.5MG TAB.,METHOTREXATE,-,-,Generic,Prescription,HAUPT PHARMA AMAREG GmbH,Germany,Valid,5/13/2024,,
METHOTREXATE 25MG-1ML VIAL,METHOTREXATE,2,ml,Generic,Prescription,HOSPIRA AUSTRALIA ,Australia,Valid,6/19/2025,,
METHOTREXATE 25MG-1ML VIAL,METHOTREXATE,20,ml,Generic,Prescription,HOSPIRA AUSTRALIA ,Australia,Valid,6/19/2025,,
MICARDIS 80 MG TAB,TELMISARTAN,-,-,NCE,Prescription,BOEHRINGER INGELHEIM,Germany,Valid,8/21/2024,,
MICARDIS 40 MG TAB,TELMISARTAN,-,-,NCE,Prescription,BOEHRINGER INGELHEIM,Germany,Valid,8/21/2024,,
MIACIN 500MG-2ML AMP,AMIKACIN,2,ml,Generic,Prescription,Hikma Farmaceutica,Portugal,Valid,2/10/2025,,
MIACIN 100MG-2ML AMP,AMIKACIN,2,ml,Generic,Prescription,Hikma Farmaceutica,Portugal,Valid,2/10/2025,,
MIACALCIC AMP 50 IU-ML,CALCITONIN SALMON,-,-,Biological,Prescription,NOVARTIS,Switzerland,Valid,8/29/2022,,
MIACALCIC 100 IU-ML AMP,CALCITONIN SALMON,-,-,Biological,Prescription,NOVARTIS,Switzerland,Valid,8/29/2022,,
MICARDIS PLUS ,"TELMISARTAN,HYDROCHLOROTHIAZIDE",-,-,NCE,Prescription,BOEHRINGER INGELHEIM,Germany,Valid,8/21/2024,,
METHYCOBAL 500 MCG TABLET,METHYLCOBALAMIN,-,-,Generic,OTC,EISAI,Japan,Valid,4/16/2024,,
METHYCOBAL 500 mcg injection,METHYLCOBALAMIN,-,-,Generic,Prescription,Nipro Pharma Corporation Ise Plant,Japan,Valid,8/31/2022,,
Metronidazole intravenous infusion,METRONIDAZOLE,100,ml,Generic,Prescription,B. BRAUN,Germany,Valid,5/5/2024,,
MINIRIN MELT 240MCG ORAL LYOPHILISATE TABLET,DESMOPRESSIN ACETATE,-,-,NCE,Prescription,CATALENT,United Kingdom,Valid,9/19/2023,,
MINIRIN MELT 120 MCG LYOPHILIZED TABLET,DESMOPRESSIN ACETATE,-,-,NCE,Prescription,CATALENT,United Kingdom,Valid,9/19/2023,,
MUCOFALK,PSYLLIUM HUSK,-,-,NCE,OTC,LOSAN PHARMA GMBH ,Germany,Valid,8/29/2022,,
MUCOFALK,PSYLLIUM HUSK,-,-,NCE,OTC,LOSAN PHARMA GMBH ,Germany,Valid,8/1/2022,,
MUCINEX 600MG EXTENDED RELEASE BI-LAYER TABLET,GUAIFENESIN,-,-,Generic,Prescription,RECKITT BENCKISER HEALTHCARE INTERNATIONAL,United Kingdom,Valid,5/16/2024,,
MOVEN 7.5MG CAPSULE,MELOXICAM,-,-,Generic,Prescription,The Arab Pharmaceutical Manufacturing PSC Sult,Jordan,Valid,11/10/2022,,
MOVEN 7.5MG CAPSULE,MELOXICAM,-,-,Generic,Prescription,The Arab Pharmaceutical Manufacturing PSC Sult,Jordan,Valid,11/10/2022,,
MOVEN 15MG CAPSULE,MELOXICAM,-,-,Generic,Prescription,The Arab Pharmaceutical Manufacturing PSC Sult,Jordan,Valid,11/10/2022,,
MOVEN 15MG CAPSULE,MELOXICAM,-,-,Generic,Prescription,The Arab Pharmaceutical Manufacturing PSC Sult,Jordan,Valid,11/10/2022,,
MOTILIUM TAB 10MG,DOMPERIDONE,-,-,NCE,Prescription,LUSOMEDICAMENTA,Portugal,Valid,11/30/2023,,
MOTILIUM SYRUP 0.1%,DOMPERIDONE,200,ml,NCE,Prescription,JANSSEN PHARMACEUTICA N.V.,Belgium,Valid,8/29/2022,,
MONUROL 3G SACHETS,FOSFOMYCIN,3,g,NCE,Prescription,ZAMBON SWITZERLAND LTD,Switzerland,Valid,4/24/2025,,
MONTEL 5MG CHEWABLE TABLET,MONTELUKAST SODIUM,-,-,Generic,Prescription,Organon Pharma (UK) Limited ,United Kingdom,Valid,12/13/2022,,
MONTEL 4MG CHEWABLE TABLET,MONTELUKAST SODIUM,-,-,Generic,Prescription,Organon Pharma (UK) Limited ,United Kingdom,Valid,12/13/2022,,
MUCOFREE 4MG-5ML SYRUP,BROMHEXINE,100,ml,Generic,OTC,JORDAN RIVER PHARMACEUTICAL INDUSTRIES,Jordan,Valid,8/23/2023,,
MUCOGEL,"ALUMINUM HYDROXIDE,MAGNESIUM HYDROXIDE,OXETHAZAINE",125,ml,Generic,OTC,EIPICO,Egypt,Valid,1/11/2023,,
MUCOSOLVAN 30MG-5ML ORAL LIQUID,AMBROXOL HYDROCHLORIDE,100,ml,Generic,OTC,DELPHARM REIMS S.A.S,France,Valid,4/24/2025,,
MULTIPARIN 1000 UNITS-ML INJ,HEPARIN SODIUM,5,ml,Biological,Prescription,CP PHARMACEUTICAL LIMITED,United Kingdom,Valid,11/12/2023,,
"MYCOSAT 100,000IU\ML ORAL SUSP",NYSTATIN,30,ml,Generic,Prescription,Amman Pharmaceutical Industries (API),Jordan,Valid,12/15/2024,,
MONTEL 10MG FILM COATED TABLET,MONTELUKAST SODIUM,-,-,Generic,Prescription,Organon Pharma (UK) Limited ,United Kingdom,Valid,11/10/2022,,
MYCOHEAL 400MG VAGINAL SUPPOSITORIES,MICONAZOLE NITRATE,-,-,Generic,OTC,DAR ALDAWA,Jordan,Valid,12/26/2023,,
MYCOHEAL 2% ORAL GEL,MICONAZOLE NITRATE,40,g,NCE,OTC,DAR ALDAWA,Jordan,Valid,10/3/2023,,
MYCAMINE 50-10ML VIAL,MICAFUNGIN,10,ml,NCE,Prescription,"ASTELLAS PHARMA TECH. CO. LTD, (TAKAOKA PLANT)",Japan,Valid,10/9/2024,,
MULTIVITOL FORTE SYRUP,"NICOTINAMIDE,ZINC OXIDE,IRON SUCROSE,SODIUM CITRATE,CALCIUM PHOSPHATE,CALCIUM GLUCONATE,ASCORBIC ACID,PANTOTHENIC ACID,PYRIDOXINE (VITAMIN B6), NIACIN (VITAMIN B3),RIBOFLAVIN (VITAMIN B2),THIAMINE,COLECALCIFEROL (VITAMIN D3),RETINOL,DL-ALPHA TOCOFERIL ACETATE",120,ml,Generic,OTC,OCTOBER PHARMA,Egypt,Valid,11/20/2022,,
MULTIPARIN 5000 UNITS-ML INJ,HEPARIN SODIUM,5,ml,Biological,Prescription,CP PHARMACEUTICAL LIMITED,United Kingdom,Valid,11/7/2024,,
MULTIPARIN 25000 UNITS-ML INJ,HEPARIN SODIUM,5,ml,Biological,Prescription,CP PHARMACEUTICAL LIMITED,United Kingdom,Valid,8/31/2022,,
MONOZIDE 25MG TAB,HYDROCHLOROTHIAZIDE,-,-,Generic,Prescription,The Jordanian Pharmaceutical Manufacturing Medical Equipment Co. Ltd. (JPM),Jordan,Valid,8/21/2024,,
MONOZIDE 12.5MG TAB,HYDROCHLOROTHIAZIDE,-,-,Generic,Prescription,The Jordanian Pharmaceutical Manufacturing Medical Equipment Co. Ltd. (JPM),Jordan,Valid,5/5/2024,,
MONOPARIN 5000 U-MLINJ,HEPARIN SODIUM,1,ml,Biological,Prescription,CP PHARMACEUTICAL LIMITED,United Kingdom,Valid,8/31/2022,,
MITOXANTRON EBEWE 2MG-1ML SOL. FOR INFU,MITOXANTRONE HYDROCHLORIDE,10,ml,Generic,Prescription, Fareva Unterach GmbH ,Austria,Valid,5/13/2024,,
MIRENA 52 MG INTRAUTERINE DELIVERY SYSTEM (IUS),LEVONORGESTREL,-,-,NCE,Prescription,BAYER OY,Finland,Valid,4/5/2023,,
MIRCERA 75MCG-0.3ML SOLN. FOR INJ,METHOXY POLYETHYLENE GLYCOL-EPOETIN BETA,-,-,Biological,Prescription,ROCHE DIAGNOSTICS,Germany,Valid,6/1/2023,,
MIRCERA 50MCG-0.3ML SOLN. FOR INJ,METHOXY POLYETHYLENE GLYCOL-EPOETIN BETA,-,-,Biological,Prescription,ROCHE DIAGNOSTICS,Germany,Valid,6/1/2023,,
MIXTARD 30,"INSULIN ISOPHANE,INSULIN HUMAN",10,ml,Biological,Prescription,NOVO NORDISK PRODUCTION S.A.S,France,Valid,12/17/2024,,
MIRCERA 200MCG-0.3ML SOLN. FOR INJ,METHOXY POLYETHYLENE GLYCOL-EPOETIN BETA,-,-,Biological,Prescription,ROCHE DIAGNOSTICS,Germany,Valid,6/1/2023,,
MIRCERA 100MCG-0.3ML SOLN. FOR INJ,METHOXY POLYETHYLENE GLYCOL-EPOETIN BETA,-,-,Biological,Prescription,ROCHE DIAGNOSTICS,Germany,Valid,6/1/2023,,
MINIRIN NASAL SPRAY 0.1MG-ML,DESMOPRESSIN ACETATE,5,ml,NCE,Prescription,FERRING,Germany,Valid,2/6/2025,,
MINIRIN MILT 60 MCG LYOPHILIZED TABLET,DESMOPRESSIN ACETATE,-,-,NCE,Prescription,CATALENT,United Kingdom,Valid,4/20/2023,,
MIRCERA 150MCG-0.3ML SOLN. FOR INJ,METHOXY POLYETHYLENE GLYCOL-EPOETIN BETA,-,-,Biological,Prescription,ROCHE DIAGNOSTICS,Germany,Valid,6/1/2023,,
NORVIR 80MG-ML ORAL SOLN.,RITONAVIR,240,ml,NCE,Prescription,Abbott Laboratories,United States,Valid,8/1/2022,,
MIXTARD 30 PENFILL,"INSULIN ISOPHANE,INSULIN HUMAN",3,ml,Biological,Prescription,Novo Nordisk,Brazil,Valid,12/17/2024,,
MONOPARIN 25000 U-ML INJ,HEPARIN SODIUM,0.2,ml,Biological,Prescription,CP PHARMACEUTICAL LIMITED,United Kingdom,Valid,3/26/2023,,
MONOPARIN 25000 U-ML INJ,HEPARIN SODIUM,1,ml,Biological,Prescription,CP PHARMACEUTICAL LIMITED,United Kingdom,Valid,8/31/2022,,
MONOPARIN 1000 U-ML INJ,HEPARIN SODIUM,1,ml,Biological,Prescription,CP PHARMACEUTICAL LIMITED,United Kingdom,Valid,8/31/2022,,
MOMETAMED 0.1% W-W CREAM,MOMETASONE FUROATE,30,g,Generic,Prescription,MEDPHARMA PHARMACEUTICAL & CHEMICAL INDUSTRIES,United Arab Emirates,Valid,8/17/2023,,
MODURETIC 5-50MG TABLETS,"HYDROCHLOROTHIAZIDE,AMILORIDE",-,-,Generic,Prescription,Algorithm SAL,Lebanon,Suspended,1/29/2025,,
MOBIC 7.5MG TAB,MELOXICAM,-,-,NCE,Prescription,ROTTENDORF PHARMA GMBH,Germany,Valid,7/30/2023,,
MOBIC 15MG TAB,MELOXICAM,-,-,NCE,Prescription,ROTTENDORF PHARMA GMBH,Germany,Valid,7/30/2023,,
LACTULOSE syrup,LACTULOSE,300,ml,Generic,OTC,EIPICO,Egypt,Valid,8/29/2022,,
REBIF 44 MCG PRE-FILLED SYRINGE,INTERFERON BETA-1A,0.5,ml,Biological,Prescription,SERONO,Italy,Valid,8/3/2025,,
RECOFOL 10MG-ML INJECTION,PROPOFOL,50,ml,Generic,Prescription,BAYER OY,Finland,Valid,8/31/2022,,
UNIFED DM SYRUP,"PSEUDOEPHEDRINE HYDROCHLORIDE,DEXTROMETHORPHAN,TRIPROLIDINE",120,ml,Generic,Prescription,UNITED PHARMACEUTICAL COMPANY,Jordan,Valid,1/23/2024,,
UNASYN 500:250MG VIAL,"AMPICILLIN,SULBACTAM",-,-,NCE,Prescription,HAUPT PHARMA LATINA S.R.I.,Italy,Valid,1/30/2025,,
UNASYN 1000:500MG VIAL,"AMPICILLIN,SULBACTAM",-,-,NCE,Prescription,HAUPT PHARMA LATINA S.R.I.,Italy,Valid,1/30/2025,,
UMAN ALBUMIN 20% SOLUTION FOR INFUSION,ALBUMIN HUMAN,50,ml,Biological,Prescription,KEDRION,Italy,Valid,8/21/2024,,
UMAN ALBUMIN 20% SOLUTION FOR INFUSION,ALBUMIN HUMAN,100,ml,Biological,Prescription,KEDRION,Italy,Valid,8/21/2024,,
ULTRAVIST300,IOPROMIDE,100,ml,NCE,Prescription,BAYER AG,Germany,Valid,12/18/2024,,
ULTRAVIST300,IOPROMIDE,50,ml,NCE,Prescription,BAYER AG,Germany,Valid,12/18/2024,,
ULTRAVIST 370,IOPROMIDE,50,ml,NCE,Prescription,BAYER AG,Germany,Valid,9/14/2023,,
ULTRAVIST 370,IOPROMIDE,100,ml,NCE,Prescription,BAYER AG,Germany,Valid,9/14/2023,,
UNIFED SYRUP,"PSEUDOEPHEDRINE HYDROCHLORIDE,TRIPROLIDINE",120,ml,Generic,OTC,UNITED PHARMACEUTICAL COMPANY,Jordan,Valid,11/27/2022,,
V-2 PLUS CAPS,"SODIUM MOLYBDATE,COPPER,MANGANESE,CALCIUM PHOSPHATE,POTASSIUM IODIDE,MAGNESIUM OXIDE,BIOTIN,PHOSPHORUS,ZINC OXIDE,PHOSPHOLIPIDS,ASCORBIC ACID,CYANOCOBALAMIN,PYRIDOXINE (VITAMIN B6),RIBOFLAVIN (VITAMIN B2),THIAMINE,TOCOPHEROL,GINSENG,FERROUS FUMARATE,MAGNESIUM SULFATE,CHOLECALCIFEROL,FOLIC ACID,NICOTINAMIDE,CALCIUM PANTOTHENATE",-,-,Generic,Prescription,PHARCO PHARMACEUTICAL,Egypt,Valid,4/24/2025,,
V-2 CAPS,"PHOSPHORUS,CALCIUM PHOSPHATE,MAGNESIUM OXIDE,POTASSIUM IODIDE,ZINC OXIDE,MANGANESE,COPPER,SODIUM MOLYBDATE,BIOTIN,NICOTINAMIDE,ASCORBIC ACID,CYANOCOBALAMIN,PYRIDOXINE (VITAMIN B6),RIBOFLAVIN (VITAMIN B2),THIAMINE,TOCOPHEROL,GINSENG,FERROUS FUMARATE,MAGNESIUM SULFATE,CHOLECALCIFEROL,FOLIC ACID,CALCIUM PANTOTHENATE,PHOSPHOLIPIDS",-,-,Generic,OTC,PHARCO PHARMACEUTICAL,Egypt,Valid,9/18/2023,,
UVAMIN 100MG RETARD CAPSULES,NITROFURANTOIN,-,-,Generic,Prescription,ACINO PHARMA AG,Switzerland,Valid,6/8/2023,,
URSOFALK 250MG CAPSULE,URSODEOXYCHOLIC ACID,-,-,NCE,Prescription,LOSAN PHARMA GMBH ,Germany,Valid,11/4/2022,,
"UROMITEXAN 600 MG, film coated tablet",MESNA,-,-,NCE,Prescription,Temmler Pharma GmbH,Germany,Valid,3/6/2025,,
UROMITEXAN 400MG-4ML AMP,MESNA,4,ml,NCE,Prescription,BAXTER ONCOLOGY,Germany,Valid,3/6/2025,,
"UROMITEXAN 400 MG, film coated tablet",MESNA,-,-,NCE,Prescription,Temmler Pharma GmbH,Germany,Valid,3/6/2025,,
URALYT-U GRANULES,POTASSIUM SODIUM HYDROGEN CITRATE,280,g,NCE,OTC,Rottapharm|Madaus Group,Germany,Valid,7/15/2025,,
UNIVIT-E 100MG CAPSULE,DL-ALPHA TOCOFERIL ACETATE,-,-,Generic,OTC,UNITED PHARMACEUTICAL COMPANY,Jordan,Valid,8/1/2022,,
UNIVIT-A FORT 50000 I.U. CAPSULE,RETINOL,-,-,Generic,Prescription,UNITED PHARMACEUTICAL COMPANY,Jordan,Valid,8/1/2022,,
TYLENOL SUPP 350 MG,PARACETAMOL,-,-,NCE,OTC,LUSOMEDICAMENTA,Portugal,Valid,3/10/2025,,
TYLENOL SUPP 200 MG,PARACETAMOL,-,-,NCE,OTC,LUSOMEDICAMENTA,Portugal,Valid,3/10/2025,,
TYLENOL SUPP 100 MG,PARACETAMOL,-,-,NCE,OTC,LUSOMEDICAMENTA,Portugal,Valid,3/10/2025,,
TYLENOL FORTE TAB 500MG,PARACETAMOL,-,-,Generic,OTC,JANSSEN-CILAG,Switzerland,Valid,3/10/2025,,
TYGACIL 50MG LYOP. POW. FOR I.V.INFUSION,TIGECYCLINE,-,-,NCE,Prescription,WYETH,Italy,Valid,10/16/2024,,
TWYNSTA,"TELMISARTAN,AMLODIPINE BESILATE",-,-,Generic,Prescription,Cipla Limited ,India,Valid,5/28/2023,,
TWYNSTA,"TELMISARTAN,AMLODIPINE BESILATE",-,-,Generic,Prescription,Cipla Limited ,India,Valid,5/28/2023,,
TWINRIX ADULT MONODOSE PREFLLED SYRINGE,"HEPATITIS A VIRUS,HEPATITIS B VIRUS HBSAG SURFACE ANTIGEN",-,-,Biological,Prescription,GLAXOSMITHKLINE (GSK),Belgium,Valid,11/5/2023,,
TRUXAL TABLETS 50MG,CHLORPROTHIXENE,-,-,NCE,Prescription,H. LUNDBECK,Denmark,Valid,8/1/2022,,
TROPHAMINE 6%(AMINO ACID)INJ.,"AMINO ACIDS, MINERALS",500,ml,Generic,Prescription,McGAW,United States,Valid,8/31/2022,,
TRIVASTAL RETARD 50MG TAB,PIRIBEDIL,-,-,NCE,Prescription,SERVIER,France,Valid,2/10/2025,,
TRISORALEN TABLET 5MG,TRIOXSALEN,-,-,NCE,Prescription,I.C.N.PHARMACEUTICALS,United States,Valid,8/29/2022,,
TYPHM VI CAPSULAR POLYSACCHRIDE SD.SYRIN,POLYSACCHARIDES OF SALMONELLA TYPHI (TY2 STRAIN),0.5,ml,Biological,Prescription,SANOFI PASTEUR,France,Valid,8/1/2022,,
ULTRA-K SYRUP,POTASSIUM GLUCONATE,200,ml,NCE,Prescription,SOBARA,Belgium,Valid,8/1/2022,,
ULTRADERM,"NYSTATIN,NEOMYCIN SULFATE,TRIAMCINOLONE ACETONIDE,GRAMICIDIN",15,g,Generic,Prescription,The Arab Pharmaceutical Manufacturing PSC Sult,Jordan,Valid,11/28/2022,,
ULTRADERM,"NYSTATIN,NEOMYCIN SULFATE,TRIAMCINOLONE ACETONIDE,GRAMICIDIN",15,g,Generic,Prescription,The Arab Pharmaceutical Manufacturing PSC Sult,Jordan,Valid,11/28/2022,,
ULTRACEF 500MG-5ML SUSP,CEFADROXIL,100,ml,NCE,Prescription,BRISTOL-MYERS CO ,United States,Valid,11/13/2022,,
UCIDERM -B CREAM,"FUSIDIC ACID,BETAMETHASONE VALERATE",15,g,Generic,Prescription,PHILADELPHIA PHARMACEUTICAL,Jordan,Valid,11/26/2024,,
UCIDERM 2% W-W GEL,FUSIDIC ACID,15,g,Generic,Prescription,PHILADELPHIA PHARMACEUTICAL,Jordan,Valid,11/26/2024,,
UCIDERM 2% OINTMENT,FUSIDIC ACID,15,g,Generic,Prescription,PHILADELPHIA PHARMACEUTICAL,Jordan,Valid,11/26/2024,,
UCIDERM 2 % CREAM,FUSIDIC ACID,15,g,Generic,Prescription,PHILADELPHIA PHARMACEUTICAL,Jordan,Valid,11/26/2024,,
ULTRACEF 250MG PWD.FOR SUSP,CEFADROXIL,100,ml,NCE,Prescription,BRISTOL-MYERS CO ,United States,Valid,11/13/2022,,
TRISORALEN TABLET 5MG,TRIOXSALEN,-,-,NCE,Prescription,I.C.N.PHARMACEUTICALS,United States,Valid,8/1/2022,,
VALCYTE 450MG FILM - COATED TABLETS,Valganciclovir,-,-,NCE,Prescription,PATHEON INC,Canada,Valid,4/30/2025,,
VALIUM AMP 10MG-2ML,DIAZEPAM,2,ml,Generic,Prescription,CENEXI,France,Valid,10/16/2024,,
VERMOX SUSPN 2%,MEBENDAZOLE,30,ml,NCE,Prescription,JANSSEN PHARMACEUTICA N.V.,Belgium,Valid,4/10/2023,,
VERMOX 100MG TABLET,MEBENDAZOLE,-,-,Generic,Prescription,LUSOMEDICAMENTA,Portugal,Valid,4/2/2023,,
VERSATIS 5% MEDICATED PLASTER,LIDOCAINE HYDROCHLORIDE,0.7,g,Generic,Prescription,TEIKOKU SEIYAKU,Japan,Valid,7/6/2025,,
VERSATIS 5% MEDICATED PLASTER,LIDOCAINE HYDROCHLORIDE,0.7,g,Generic,Prescription,TEIKOKU SEIYAKU,Japan,Valid,6/17/2025,,
VICTOZA 6MG/ML SOLUTION FOR INJECTION,LIRAGLUTIDE,3,ml,Biological,Prescription,NOVO NORDISK,Denmark,Valid,5/13/2025,,
VICKS VAPORUB OINT,"CAMPHOR,TURPENTINE OIL,MENTHOL,EUCALYPTUS OIL",38,g,Generic,OTC,LASHART,France,Valid,11/15/2022,,
VICKS VAPORUB OINTCamphor,"CAMPHOR,TURPENTINE OIL,MENTHOL,EUCALYPTUS OIL",90,g,Generic,OTC,LASHART,France,Valid,11/15/2022,,
VICKS INHALER 0.014 OZ,"CAMPHOR,MENTHOL",1,ml,Generic,OTC,LASHART,France,Valid,11/7/2022,,
VICKS DAY QUIL ALCOHOL FREE SYRUP,"PARACETAMOL,PSEUDOEPHEDRINE HYDROCHLORIDE,DEXTROMETHORPHAN",177,ml,NCE,Prescription,PROCTER & GAMBLE,United States,Valid,1/23/2024,,
VICKS 44 E PEDIATRIC ALCOHOL FREE SYRUP,"GUAIFENESIN,DEXTROMETHORPHAN",118,ml,Generic,Prescription,PROCTER & GAMBLE,United States,Valid,10/30/2022,,
VICKS SINEX NASAL SPRAY.,OXYMETAZOLINE,17.5,ml,Generic,OTC,RICHARD SUN MRIL,United Kingdom,Valid,12/9/2024,,
VIAGRA 25MG F.C TAB,SILDENAFIL,-,-,NCE,Prescription,Fareva Amboise,France,Valid,11/14/2024,,
VEXAL XR 75 MG EXTENDED RELEASE CAPSULE,VENLAFAXINE HYDROCHLORIDE,-,-,Generic,Prescription,PHARMATHEN INTERNATIONAL,Greece,Valid,8/29/2022,,
VEXAL XR 37.5 MG EXTENDED RELEASE CAPSULE,VENLAFAXINE HYDROCHLORIDE,-,-,Generic,Prescription,PHARMATHEN INTERNATIONAL,Greece,Valid,8/29/2022,,
VEXAL XR 150 MG EXTENDED RELEASE CAPSULE,VENLAFAXINE HYDROCHLORIDE,-,-,Generic,Prescription,PHARMATHEN INTERNATIONAL,Greece,Valid,5/25/2023,,
VALDOXAN 25MG FILM COATED TABLET,AGOMELATINE,-,-,NCE,Prescription,SERVIER,Ireland,Valid,8/6/2023,,
VAQTA VACCINE 50 U VIAL,HEPATITIS A VIRUS,-,-,Biological,Prescription,MERCK SHARP AND DOHME LLC,United States,Valid,8/29/2022,,
VAQTA 25U SYRINGE I.M,HEPATITIS A VIRUS STRAIN CR 326F ANTIGEN (FORMALDEHYDE INACTIVATED),0.5,ml,Biological,Prescription,MERCK SHARP AND DOHME LLC,United States,Valid,6/6/2024,,
VANCOMYCIN ALPHARMA 500MG VIAL,VANCOMYCIN,-,-,Generic,Prescription,XELLIA PHARMACEUTICAL APS,Denmark,Valid,7/22/2025,,
VANCOMYCIN ALPHARMA 1GM VIAL,VANCOMYCIN,-,-,Generic,Prescription,XELLIA PHARMACEUTICAL APS,Denmark,Valid,7/22/2025,,
VALONTAN TAB 100MG,DIMENHYDRINATE,-,-,NCE,OTC,RECORDATI,Italy,Valid,8/29/2022,,
VALIUM TAB 5MG,DIAZEPAM,-,-,Generic,Prescription,RECIPHARM LEGANES S.L.U,Spain,Valid,12/13/2023,,
VALIUM TAB 2 MG,DIAZEPAM,-,-,Generic,Prescription,ROCHE,Switzerland,Valid,8/29/2022,,
VALIUM TAB 10 MG,DIAZEPAM,-,-,NCE,Prescription,ROCHE,Switzerland,Valid,8/29/2022,,
VARILRIX 2000 PFU -0.5ML VIAL,VARICELLA ZOSTER VIRUS OKA STRAIN LIVE ATTENUATED,0.5,ml,Biological,Prescription,GLAXOSMITHKLINE (GSK),Belgium,Valid,2/6/2024,,
VENEX XR 75MG CAPSULE,VENLAFAXINE HYDROCHLORIDE,-,-,Generic,Prescription,PHARMATHEN INTERNATIONAL,Greece,Valid,3/30/2023,,
VENEX XR 150MG CAPSULE,VENLAFAXINE HYDROCHLORIDE,-,-,Generic,Prescription,PHARMATHEN INTERNATIONAL,Greece,Valid,5/25/2023,,
VELCADE 3.5MG POWDER FOR I.V. INJECTION,BORTEZOMIB,10,ml,NCE,Prescription,BSP PHARMACEUTICALS,Italy,Valid,8/29/2024,,
VECTIBIX 20MG/ML CONC. SOLUTION FOR INFUSION,PANITUMUMAB,5,ml,NCE,Prescription,AMGEN MANUFACTURING LIMITED,United States,Valid,8/31/2022,,
VENORUTON 300MG CAP,TROXERUTIN,-,-,NCE,Prescription,"Siegfried Barbera, S.L",Spain,Valid,3/23/2025,,
VASTAREL MR 35MG MODIFIED RELEASE TABLET,TRIMETAZIDINE,-,-,NCE,Prescription,SERVIER,France,Valid,8/29/2022,,
TRIPOFED SYRUP,"PSEUDOEPHEDRINE HYDROCHLORIDE,TRIPROLIDINE",100,ml,Generic,OTC,KUWAIT SAUDI PHARMACEUTICAL INDUSTRIES,Kuwait,Valid,11/14/2024,,
TRIPOFED DM SYRUP,"PSEUDOEPHEDRINE HYDROCHLORIDE,DEXTROMETHORPHAN,TRIPROLIDINE",100,ml,NCE,Prescription,KUWAIT SAUDI PHARMACEUTICAL INDUSTRIES,Kuwait,Valid,1/30/2025,,
TEGRETOL TAB 200MG,CARBAMAZEPINE,-,-,NCE,Prescription,NOVARTIS,Italy,Valid,6/8/2023,,
TEGRETOL 2% oral suspension,CARBAMAZEPINE,100,ml,NCE,Prescription,DELPHARM HUNINGUE S.A.S.,France,Valid,6/8/2023,,
TEGRETOL CR 400MG SCORED TAB,CARBAMAZEPINE,-,-,NCE,Prescription,NOVARTIS,Italy,Valid,6/8/2023,,
TAZORAX 4.5 GM Powder for injection,"PIPERACILLIN,Tazobactam",-,-,Generic,Prescription,LABORATOIRES PANPHARMA S.A,France,Valid,2/4/2025,,
TAZORAX 2.25 GM Powder for injection,"PIPERACILLIN,Tazobactam",-,-,Generic,Prescription,LABORATOIRES PANPHARMA S.A,France,Valid,2/4/2025,,
TAZOCIN 4.5GM VIAL + EDTA,"PIPERACILLIN,Tazobactam",50,ml,Generic,Prescription,NUTRA MANUFACTURING INC,United States,Valid,8/21/2024,,
TEKAM 10MG-ML 10ML VIAL,KETAMINE,10,ml,NCE,Prescription,Hikma Pharmaceuticals PLC,Jordan,Valid,8/31/2022,,
TEKAM 50MG-ML 10ML VIAL,KETAMINE,10,ml,NCE,Prescription,Hikma Farmaceutica,Portugal,Valid,6/6/2024,,
TELEBRIX 12 SODIUM 120MG-ML INFUSION,SODIUM IOXITHALAMATE,250,ml,NCE,Prescription,LABORATORIES GUERBET,France,Valid,8/31/2022,,
TESLASCAN 0.01 MMOL-ML I.V Infusion*,MANGAFODIPIR TRISODIUM,50,ml,NCE,Prescription,AMERSHAM HEALTH A.S.,Norway,Valid,8/31/2022,,
TERRELL 100% VAPOUR LIQUID FOR INHALATION,ISOFLURANE,100,ml,NCE,Prescription,PIRAMAL CRITICAL CARE INC,United States,Valid,8/29/2022,,
TERFINA CREAM,TERBINAFINE,15,g,Generic,OTC,OMAN PHARMACEUTICAL PRODUCTS,Oman,Valid,8/29/2022,,
TENORMIN TAB 50MG,ATENOLOL,-,-,NCE,Prescription,Corden Pharma GmbH,Germany,Valid,9/2/2024,,
TENORMIN TAB 100MG,ATENOLOL,-,-,NCE,Prescription,Corden Pharma GmbH,Germany,Valid,9/2/2024,,
TENORETIC TAB,"ATENOLOL,CHLORTHALIDONE",-,-,NCE,Prescription,Corden Pharma GmbH,Germany,Valid,6/19/2025,,
TENORMIN TAB 100MG,ATENOLOL,-,-,NCE,Prescription,Corden Pharma GmbH,Germany,Valid,9/2/2024,,
TESTOVIRON DEPOT 250MG-1ML AMP,TESTOSTERONE,1,ml,NCE,Prescription,BAYER AG,Germany,Valid,2/27/2024,,
TAVANIC 5 MG -1 ML SOLUTION I.V INFUSION,LEVOFLOXACIN,100,ml,NCE,Prescription,sanofi-aventis,Germany,Valid,6/1/2023,,
TachoSil sealant matrix,"HUMAN FIBRINOGEN,HUMAN THROMBIN",-,-,Biological,Prescription,TAKEDA AUSTRIA GmbH,Austria,Valid,3/22/2023,,
TASIGNA 200MG CAPSULES,NILOTINIB,-,-,NCE,Prescription,Novartis Pharmaceutical Manufacturing LLC,Slovenia,Valid,6/10/2025,,
TASIGNA 150MG CAPSULES,NILOTINIB,-,-,NCE,Prescription,Novartis Pharmaceutical Manufacturing LLC,Slovenia,Valid,6/10/2025,,
TAVANIC 500MG F.C TAB,LEVOFLOXACIN,-,-,NCE,Prescription,Opella Healthcare International,France,Valid,4/14/2024,,
TAMIFLU 75 MG CAPSULE,OSELTAMIVIR,-,-,NCE,Prescription,ROCHE,Switzerland,Valid,8/29/2022,,
TAMBOCOR 100MG TAB,FLECAINIDE ACETATE,-,-,NCE,Prescription,3M,United Kingdom,Valid,8/1/2022,,
TAKEPRON 30MG CAPS,LANSOPRAZOLE,-,-,Generic,Prescription,APM,Jordan,Valid,10/5/2022,,
TAKEPRON 15MG CAP.,LANSOPRAZOLE,-,-,Generic,OTC,APM,Jordan,Valid,12/9/2024,,
TRIPOFED EXPECTORANT SYRUP,"GUAIFENESIN,PSEUDOEPHEDRINE HYDROCHLORIDE,TRIPROLIDINE",100,ml,Generic,OTC,KUWAIT SAUDI PHARMACEUTICAL INDUSTRIES,Kuwait,Valid,6/6/2024,,
TETAVAX 40 I.U INJ.,TETANUS TOXOID,100,g,Biological,Prescription,SANOFI PASTEUR,France,Valid,8/29/2022,,
TEVETEN 600MG TAB,EPROSARTAN MESILATE,-,-,NCE,Prescription,Mylan Laboratories SAS ,France,Valid,4/22/2024,,
TRACTOCILE concentrate for solution for infusion,ATOSIBAN,5,ml,NCE,Prescription,FERRING,Germany,Valid,2/27/2023,,
TRACTOCILE solution for injection,ATOSIBAN,0.9,ml,NCE,Prescription,FERRING,Germany,Valid,2/27/2023,,
TRACLEER 62.5 MG FILM COATED TABLET,BOSENTAN,-,-,NCE,Prescription,Haupt Pharma Wulfing GmbH,Germany,Valid,2/1/2024,,
TRACLEER 125 MG FILM COATED TABLET,BOSENTAN,-,-,NCE,Prescription,Haupt Pharma Wulfing GmbH,Germany,Valid,2/1/2024,,
TRABILIN 100MG AMPOULES,TRAMADOL HYDROCHLORIDE,2,ml,Generic,Prescription,MERCKLE,Germany,Valid,6/19/2025,,
TOTAM 1GM IV\IM INJECTION,CEFOTAXIME,-,-,Generic,Prescription,Al Hikma Pharmaceutical Portugal Lda,Portugal,Valid,8/29/2022,,
TORVACOL 40MG F.C. TABLETS,ATORVASTATIN CALCIUM,-,-,Generic,Prescription,The Jordanian Pharmaceutical Manufacturing Medical Equipment Co. Ltd. (JPM),Jordan,Valid,10/16/2024,,
TORVACOL 20MG F.C. TABLETS,ATORVASTATIN CALCIUM,-,-,Generic,Prescription,The Jordanian Pharmaceutical Manufacturing Medical Equipment Co. Ltd. (JPM),Jordan,Valid,7/28/2025,,
TORVACOL 10MG F.C. TABLETS,ATORVASTATIN CALCIUM,-,-,Generic,Prescription,The Jordanian Pharmaceutical Manufacturing Medical Equipment Co. Ltd. (JPM),Jordan,Valid,8/29/2022,,
TRACUTIL SOLUSION FOR INFUSION AMPOULE,"IRON CHLORIDE TETRAHYDRATE,ZINC CHLORIDE,SODIUM FLUORIDE,SODIUM SELENITE PENTAHYDRATE,CHROMIUM CHLORIDE HEXAHYDRATE,SODIUM MOLYBDATE",10,ml,Generic,Prescription,B. BRAUN,Germany,Valid,11/15/2022,,
TRAJENTA 5MG FILM COATED TABLET,LINAGLIPTIN,-,-,NCE,Prescription,Dragenopharm Apotheker Puschl GmbH,Germany,Valid,6/19/2025,,
TRIPACEL VACCINE,"DIPHTHERIA TOXOID,TETANUS TOXOID,ACELLULAR PERTUSSIS",-,-,Biological,Prescription,SANOFI PASTEUR,Canada,Valid,12/18/2022,,
TRIO BE TABLET,"PYRIDOXINE,FOLIC ACID,CYANOCOBALAMIN",-,-,Generic,OTC,RECIP,Sweden,Valid,11/10/2022,,
TRENTAL TAB 400MG,PENTOXIFYLLINE,-,-,NCE,Prescription,sanofi S.R.L,Italy,Valid,4/17/2024,,
TRENTAL TAB 400MG,PENTOXIFYLLINE,-,-,NCE,Prescription,sanofi S.R.L,Italy,Valid,6/12/2025,,
TIGER BALSAM,"MENTHOL,METHYL SALICYLATE,CAMPHOR,EUCALYPTUS OIL",19.4,g,Generic,OTC,TIGER MEDICALS,Singapore,Valid,11/26/2024,,
TIGER BALSAM,"MENTHOL,CAMPHOR,EUCALYPTUS OIL",6,g,Generic,OTC,TIGER MEDICALS,Singapore,Valid,11/7/2022,,
TIDILOR 5 MG - 5 ML SYRUP,LORATADINE,100,ml,Generic,OTC,Pharma International Co.,Jordan,Valid,12/29/2024,,
TIDILOR 10MG TABLET,LORATADINE,-,-,Generic,OTC,Pharma International Co.,Jordan,Valid,12/29/2024,,
TICANASE 0.05% NASAL SPRAY,FLUTICASONE PROPIONATE,120,-,Generic,OTC,EUROPEAN EGYPTIAN PHARMACEUTICAL IND. CO,Egypt,Valid,5/22/2024,,
THEO-DUR TAB 300MG,THEOPHYLLINE,-,-,Generic,Prescription,RECORDATI,Italy,Valid,8/29/2022,,
THEO-DUR TAB 200MG,THEOPHYLLINE,-,-,Generic,Prescription,RECORDATI,Italy,Valid,8/29/2022,,
TEVETEN PLUS 600-12.5MG FILM COATED TAB.,"HYDROCHLOROTHIAZIDE,EPROSARTAN MESILATE",-,-,NCE,Prescription,Mylan Laboratories SAS ,France,Valid,4/22/2024,,
TILCOTIL TAB 20MG,TENOXICAM,-,-,NCE,Prescription,ROCHE,Switzerland,Valid,11/14/2024,,
TOPAMAX 25MG-TAB. F.C.TAB.,TOPIRAMATE,-,-,NCE,Prescription,JANSSEN-CILAG,Switzerland,Valid,7/10/2025,,
TOPAMAX 200MG F.C.TAB.,TOPIRAMATE,-,-,NCE,Prescription,JANSSEN-CILAG,Switzerland,Valid,8/29/2022,,
TOPAMAX 15MG SPRINKLE CAPSULES,TOPIRAMATE,-,-,NCE,Prescription,JANSSEN - ORTHO,Puerto Rico,Valid,8/29/2022,,
TOPAMAX 100MG F.C.TAB.,TOPIRAMATE,-,-,NCE,Prescription,JANSSEN-CILAG,Switzerland,Valid,7/10/2025,,
TOFRANIL 25 MG 50 TAB,IMIPRAMINE HYDROCHLORIDE,-,-,Generic,Prescription,PATHEON,Canada,Valid,8/29/2022,,
TOBRACIN 0.3% EYE OINTMENT,TOBRAMYCIN,5,g,Generic,Prescription,Amman Pharmaceutical Industries (API),Jordan,Valid,12/15/2024,,
TOBRACIN 0.3% EYE DROPS,TOBRAMYCIN,10,ml,Generic,Prescription,Amman Pharmaceutical Industries (API),Jordan,Valid,12/15/2024,,
TIVICAY 50 mg Tablet,DOLUTEGRAVIR,-,-,NCE,Prescription,Delpharm Poznań Spółka Akcyjna,Poland,Valid,6/9/2024,,
VIDROP ORAL DROPS,COLECALCIFEROL,15,ml,Generic,OTC,MEDICAL UNION PHARMACEUTICALS CO,Egypt,Valid,8/21/2024,,
VIFOLIN TAB 5 MG,FOLIC ACID,-,-,Generic,OTC,APM,Jordan,Valid,10/5/2022,,
ZINACEF 750 mg,CEFUROXIME SODIUM,-,-,NCE,Prescription,ACS Dobfar S.P.A,Italy,Valid,5/21/2024,,
ZINACEF 1.5 g,CEFUROXIME SODIUM,-,-,NCE,Prescription,ACS Dobfar S.P.A,Italy,Valid,5/21/2024,,
ZOLECIN 1GM VIAL I.V,CEFAZOLIN,-,-,Generic,Prescription,Hikma Farmaceutica,Portugal,Valid,4/24/2025,,
ZOLADEX DEPOT 3.6MG S-C INJ SYRINGE,GOSERELIN,-,-,NCE,Prescription,AstraZeneca,United Kingdom,Valid,12/18/2024,,
ZOCIN 250MG CAPSULE,AZITHROMYCIN,-,-,Generic,Prescription,The Arab Pharmaceutical Manufacturing PSC Sult,Jordan,Valid,11/10/2022,,
ZOCIN 300 mg/7.5 ml suspension,AZITHROMYCIN,22.5,ml,Generic,Prescription,The Arab Pharmaceutical Manufacturing PSC Sult,Jordan,Valid,6/9/2024,,
ZOCIN 200MG-5ML POW. FOR ORAL SUSPENSION,AZITHROMYCIN,15,ml,Generic,Prescription,The Arab Pharmaceutical Manufacturing PSC Sult,Jordan,Valid,11/10/2022,,
ZITHROMAX 500 MG POWDER FOR IV INFUSION,AZITHROMYCIN,-,-,NCE,Prescription,PHARMACIA UPJOHN,United States,Valid,4/23/2025,,
ZEROX 200MG-5ML POWDER FOR ORAL SUSP.,AZITHROMYCIN,15,ml,Generic,Prescription,The Arab Pharmaceutical Manufacturing PSC Sult,Jordan,Valid,3/13/2025,,
ZEMITRON 8MG F-C TABLET,ONDANSETRON,-,-,Generic,Prescription,The Arab Pharmaceutical Manufacturing PSC Sult,Jordan,Valid,7/28/2025,,
ZEMITRON 4MG F-C TABLET,ONDANSETRON,-,-,Generic,Prescription,The Arab Pharmaceutical Manufacturing PSC Sult,Jordan,Valid,7/28/2025,,
ZELAX 20MG FILM COATED CAPLET,ESCITALOPRAM,-,-,Generic,Prescription,Jordan Sweden Medical and Sterilization Co.,Jordan,Valid,4/24/2025,,
ZELAX 10MG FILM COATED CAPLET,ESCITALOPRAM,-,-,Generic,Prescription,Jordan Sweden Medical and Sterilization Co.,Jordan,Valid,4/24/2025,,
ZEFFIX,LAMIVUDINE,-,-,NCE,Prescription,GLAXO OPERATION,United Kingdom,Valid,2/12/2024,,
ZEROX 200MG-5ML POWDER FOR ORAL SUSP.,AZITHROMYCIN,22.5,ml,Generic,Prescription,The Arab Pharmaceutical Manufacturing PSC Sult,Jordan,Valid,7/8/2025,,
ZEROX 500MG F.C. TABLETS,AZITHROMYCIN,-,-,Generic,Prescription,Hikma Pharmaceuticals PLC,Jordan,Valid,11/28/2022,,
ZEROX 500MG F.C. TABLETS,AZITHROMYCIN,-,-,Generic,Prescription,Hikma Pharmaceuticals PLC,Jordan,Valid,11/28/2022,,
ZIAGEN 300MG TAB,ABACAVIR,-,-,NCE,Prescription,Delpharm Poznan ,Poland,Valid,4/24/2025,,
ZESTRIL 5MG TAB,LISINOPRIL,-,-,NCE,Prescription,Rovi Pharma Industrial Service,Spain,Valid,6/19/2025,,
ZESTRIL 20MG TAB,LISINOPRIL,-,-,NCE,Prescription,Rovi Pharma Industrial Service,Spain,Valid,6/19/2025,,
ZESTRIL 10MG TAB,LISINOPRIL,-,-,NCE,Prescription,Rovi Pharma Industrial Service,Spain,Valid,6/19/2025,,
FLUDARA 50 mg injection,FLUDARABINE PHOSPHATE,-,-,Generic,Prescription,BAXTER ONCOLOGY,Germany,Valid,7/6/2025,,
YONDELIS 1 mg powder for concentrate for solution for infusion ,TRABECTEDIN,25,ml,NCE,Prescription,BAXTER ONCOLOGY,Germany,Valid,8/31/2022,,
RENNIE TAB,"CALCIUM CARBONATE,MAGNESIUM CARBONATE",-,-,NCE,OTC,DELPHARM GAILLARD,France,Valid,9/26/2023,,
IRBETEL 150 mg film-coated tablet,IRBESARTAN,-,-,Generic,Prescription,SANOFI WINTHROP INDUSTRIE,France,Valid,8/29/2022,,
CO-IRBETEL 162.5 mg film-coated tablet,"IRBESARTAN,HYDROCHLOROTHIAZIDE",-,-,Generic,Prescription,SANOFI WINTHROP INDUSTRIE,France,Valid,11/10/2022,,
IRBETEL 300 mg film-coated tablet,IRBESARTAN,-,-,Generic,Prescription,SANOFI WINTHROP INDUSTRIE,France,Valid,8/29/2022,,
XGEVA 120 mg solution for injection,DENOSUMAB,1.7,ml,NCE,Prescription,AMGEN MANUFACTURING LIMITED,United States,Valid,8/1/2022,,
RENVELA 800 mg film-coated tablet,SEVELAMER CARBONATE,-,-,NCE,Prescription,GENZYME IRELAND LIMITED,Ireland,Valid,7/2/2024,,
NEUROVIT tablet,"THIAMINE,PYRIDOXINE,CYANOCOBALAMIN",-,-,Generic,OTC,EUROPEAN EGYPTIAN PHARMACEUTICAL IND. CO,Egypt,Valid,7/3/2025,,
CO-IRBETEL 325 mg film-coated tablet,"IRBESARTAN,HYDROCHLOROTHIAZIDE",-,-,Generic,Prescription,SANOFI WINTHROP INDUSTRIE,France,Valid,11/10/2022,,
CO-IRBETEL 312.5 mg film-coated tablet,"IRBESARTAN,HYDROCHLOROTHIAZIDE",-,-,Generic,Prescription,SANOFI WINTHROP INDUSTRIE,France,Valid,11/10/2022,,
STIVARGA 40 mg film-coated tablet,REGORAFENIB,-,-,NCE,Prescription,BAYER AG,Germany,Valid,8/1/2022,,
ZOVIRAX 250MG IV INFUSION,ACYCLOVIR,100,ml,NCE,Prescription,GLAXOSMITHKLINE (GSK),Italy,Valid,12/19/2023,,
ZOVIRAX 200MG\5ML SUSP,ACYCLOVIR,125,ml,NCE,Prescription,ASPEN,Germany,Valid,4/24/2025,,
ZOVIRAX,ACYCLOVIR,10,g,NCE,Prescription,GLAXOWELLCOME,United Kingdom,Valid,2/11/2025,,
ZOVIRAX,ACYCLOVIR,2,g,NCE,Prescription,GLAXOWELLCOME,United Kingdom,Valid,2/11/2025,,
ZYNOVATE 0.1% CREAM,MOMETASONE FUROATE,15,g,Generic,Prescription,OMAN PHARMACEUTICAL PRODUCTS,Oman,Valid,8/29/2022,,
ZYNOVATE 0.1% CREAM,MOMETASONE FUROATE,30,g,Generic,Prescription,OMAN PHARMACEUTICAL PRODUCTS,Oman,Valid,8/29/2022,,
DESOGEST 0.075 mg tablet,DESOGESTREL,-,-,Generic,Prescription,OMAN PHARMACEUTICAL PRODUCTS,Oman,Valid,8/29/2022,,
ZYRTEC 10MG F.C.TAB,CETIRIZINE HYDROCHLORIDE,-,-,NCE,OTC,U.C.B.,Switzerland,Valid,3/6/2025,,
ZYRTEC 0.1% ORAL SOLN.,CETIRIZINE HYDROCHLORIDE,75,ml,NCE,OTC,Aesica Pharmaceuticals S.r.l.,Italy,Valid,7/17/2024,,
ZYNOVATE 0.1% OINTMENT,MOMETASONE FUROATE,30,g,Generic,Prescription,OMAN PHARMACEUTICAL PRODUCTS,Oman,Valid,8/29/2022,,
ZYNOVATE 0.1% OINTMENT,MOMETASONE FUROATE,15,g,Generic,Prescription,OMAN PHARMACEUTICAL PRODUCTS,Oman,Valid,8/29/2022,,
ZYVOX 2 MG/ML SOLUTION FOR INFUSION,LINEZOLID,300,ml,NCE,Prescription,FRESENIUS KABI,Norway,Valid,2/20/2024,,
VOTREX 75MG-3ML AMP,DICLOFENAC SODIUM,3,ml,Generic,Prescription,HIKMA ITALIA SPA,Italy,Valid,4/24/2025,,
VOTREX 50 TAB,DICLOFENAC SODIUM,-,-,Generic,Prescription,Hikma Pharmaceuticals PLC,Jordan,Valid,3/30/2023,,
VOMINORE TAB,"PYRIDOXINE,MECLOZINE",-,-,Generic,OTC,The Jordanian Pharmaceutical Manufacturing Medical Equipment Co. Ltd. (JPM),Jordan,Valid,8/22/2024,,
VOLTAREN RETARD 100MG TAB,DICLOFENAC SODIUM,-,-,NCE,Prescription,NOVARTIS,Switzerland,Valid,5/5/2024,,
VOLTAREN RETARD 100MG TAB,DICLOFENAC SODIUM,-,-,NCE,Prescription,NOVARTIS FARMA S.P.A,Italy,Valid,5/5/2024,,
WATER FOR INJ. AMP,WATER,10,ml,Generic,Prescription,PHARMA HAMLIN,Germany,Valid,8/31/2022,,
WATER FOR INJ. AMP,WATER,5,ml,Generic,Prescription,PHARMA HAMLIN,Germany,Valid,8/31/2022,,
VOLTAREN EMULGEL 1%,DICLOFENAC DIETHYLAMINE,100,g,NCE,OTC,Haleon CH SARL,Switzerland,Valid,1/30/2025,,
WATER FOR INJ. AMP,WATER,2,ml,Generic,Prescription,PHARMA HAMLIN,Germany,Valid,8/31/2022,,
WARTEC 0.15% W-W CREAM,PODOPHYLLOTOXIN,5,g,NCE,Prescription,STIEFEL LABORATORIES,Ireland,Valid,8/1/2022,,
VOLTAREN EMULGEL 1%,DICLOFENAC DIETHYLAMINE,50,g,NCE,OTC,Haleon CH SARL,Switzerland,Valid,1/30/2025,,
VIVOTIF BERNA CAPS,TYPHOID,-,-,Biological,Prescription,BERNA,Switzerland,Valid,8/1/2022,,
VISCOR 20MG F.C. TABLETS,SIMVASTATIN,-,-,Generic,Prescription,NATIONAL PHARMACEUTICAL INDUSTRIES CO,Oman,Valid,8/29/2022,,
VISCODRIL EXPECTORANT 100ML SYRUP,"AMMONIUM CHLORIDE,DIPHENHYDRAMINE HYDROCHLORIDE",100,ml,NCE,OTC,OMAN PHARMACEUTICAL PRODUCTS,Oman,Valid,11/24/2022,,
VISANNE 2MG TABLETS,DIENOGEST,-,-,NCE,Prescription,BAYER WEIMAR GmbH UND CO. KG,Germany,Valid,7/9/2025,,
VIRUSTAT 200MG TAB,ACYCLOVIR,-,-,Generic,Prescription,Ram Pharmaceutical Industries,Jordan,Valid,9/15/2024,,
VIRAZOLE 20MG-MLUPON RECONSTITUTON INHAL,RIBAVIRIN,-,-,NCE,Prescription,I.C.N.PHARMACEUTICALS,United States,Valid,8/29/2022,,
VISIPAQUE,IODIXANOL,50,ml,Generic,Prescription,GE HEALTHCARE,Ireland,Valid,8/31/2022,,
VISIPAQUE,IODIXANOL,200,ml,Generic,Prescription,GE HEALTHCARE,Ireland,Valid,8/31/2022,,
VISIPAQUE,IODIXANOL,100,ml,Generic,Prescription,GE HEALTHCARE,Ireland,Valid,12/12/2022,,
VISIPAQUE,IODIXANOL,200,ml,Generic,Prescription,GE HEALTHCARE,Ireland,Valid,8/31/2022,,
VITOP CAP,"ASCORBIC ACID, CYANOCOBALAMIN, NICOTINAMIDE, RUTIN, VITAMIN A, VITAMIN B1, VITAMIN B2, VITAMIN B6",-,-,NCE,OTC,MISR COMPANY FOR MEDICAL PRODUCTS,Egypt,Valid,8/29/2022,,
VISIPAQUE 320MG/ML SOLUTION FOR INJECTION,IODIXANOL,100,ml,Generic,Prescription,GE HEALTHCARE,Ireland,Valid,8/31/2022,,
VOCORT CREAM,"DIFLUCORTOLONE VALERATE,ISOCONAZOLE NITRATE",15,g,Generic,Prescription,PHILADELPHIA PHARMACEUTICAL,Jordan,Valid,11/26/2024,,
VISIPAQUE 320MG/ML SOLUTION FOR INJECTION,IODIXANOL,50,ml,Generic,Prescription,GE HEALTHCARE,Ireland,Valid,8/31/2022,,
VISIPAQUE 270MG/ML SOLUTION FOR INJECTION,IODIXANOL,50,ml,Generic,Prescription,GE HEALTHCARE,Ireland,Valid,8/31/2022,,
VISIPAQUE,IODIXANOL,100,ml,Generic,Prescription,GE HEALTHCARE,Ireland,Valid,12/12/2022,,
VISIPAQUE,IODIXANOL,20,ml,Generic,Prescription,GE HEALTHCARE,Ireland,Valid,8/31/2022,,
VISIPAQUE,IODIXANOL,50,ml,Generic,Prescription,GE HEALTHCARE,Ireland,Valid,12/12/2022,,
VISIPAQUE,IODIXANOL,200,ml,Generic,Prescription,GE HEALTHCARE,Ireland,Valid,8/31/2022,,
VISIPAQUE,IODIXANOL,50,ml,Generic,Prescription,GE HEALTHCARE,Ireland,Valid,12/12/2022,,
VISIPAQUE,IODIXANOL,20,ml,Generic,Prescription,GE HEALTHCARE,Ireland,Valid,8/31/2022,,
VISIPAQUE 270MG/ML SOLUTION FOR INJECTION,IODIXANOL,100,ml,Generic,Prescription,GE HEALTHCARE,Ireland,Valid,8/31/2022,,
XYLOCAINE DENTAL ADRENALINE SOLU FOR INJ,"LIDOCAINE HYDROCHLORIDE,EPINEPHRINE",1.8,ml,Generic,Prescription,PIERREL,Italy,Valid,7/8/2025,,
XYLO-MEPHA 0.1% NASAL SPRAY,XYLOMETAZOLINE HYDROCHLORIDE,10,ml,Generic,OTC,MERCKLE,Germany,Valid,3/20/2023,,
XYLONOR SPRAY,"LIDOCAINE HYDROCHLORIDE,CETRIMIDE",-,-,NCE,Prescription,SEPTODENT,France,Valid,11/8/2022,,
ZAMUR 500 MG F- C TABLETS,CEFUROXIME AXETIL,-,-,Generic,Prescription,Steiner,Germany,Valid,3/20/2023,,
XOLAIR 150MG Powder for injection,OMALIZUMAB,-,-,Biological,Prescription,NOVARTIS Pharma Stein AG,Switzerland,Valid,2/13/2025,,
XYNTHA 500 I.U. POWDER FOR SOLUTION FOR INJECTION,MOROCTOCOG ALFA,500,IU,Biological,Prescription,WYETH,Spain,Valid,1/30/2025,,
XYNTHA 250 I.U. POWDER FOR SOLUTION FOR INJECTION,MOROCTOCOG ALFA,250,IU,Biological,Prescription,WYETH,Spain,Valid,1/30/2025,,
XYNTHA 2000 I.U. POWDER FOR SOLUTION FOR INJECTION,MOROCTOCOG ALFA,4,ml,Biological,Prescription,WYETH,Spain,Valid,1/30/2025,,
XYNTHA 1000 I.U. POWDER FOR SOLUTION FOR INJECTION,MOROCTOCOG ALFA,1000,IU,Biological,Prescription,WYETH,Spain,Valid,1/30/2025,,
XYLOPHIL 2% GEL,LIDOCAINE HYDROCHLORIDE,30,g,Generic,OTC,PHILADELPHIA PHARMACEUTICAL,Jordan,Valid,11/26/2024,,
XYZAL 5MG F.C.TABLET,LEVOCETIRIZINE DIHYDROCHLORIDE,-,-,NCE,OTC,U.C.B.,Switzerland,Valid,3/6/2025,,
XERACTAN 20 MG SOFT GELATIN CAPSULE,ISOTRETINOIN,-,-,Generic,Prescription,GAP SA PHARMACEUTICAL,Greece,Valid,6/19/2025,,
XERACTAN 10 MG SOFT GELATIN CAPSULE,ISOTRETINOIN,-,-,Generic,Prescription,GAP SA PHARMACEUTICAL,Greece,Valid,6/19/2025,,
XALACOM EYE DROP,"TIMOLOL MALEATE,LATANOPROST",2.5,ml,NCE,Prescription,Pfizer Manufacturing Belgium N.V.,Belgium,Valid,7/15/2025,,
XALATAN 50MCG\ML EYE DROP,LATANOPROST,2.5,ml,NCE,Prescription,Pfizer Manufacturing Belgium N.V.,Belgium,Valid,7/15/2025,,
XANAX 0.5 MG TABLET,ALPRAZOLAM,-,-,Generic,Prescription,SANICO,Belgium,Valid,7/9/2025,,
XENICAL 120MG CAPSULE,ORLISTAT,-,-,NCE,Prescription,Delpharm Milano S.r.l,Italy,Valid,11/6/2023,,
XENETIX 350MG IODINE-ML SOLN.FOR INJ,IOBITRIDOL,100,ml,NCE,Prescription,LABORATORIES GUERBET,France,Valid,5/21/2024,,
XENETIX 350MG IODINE-ML SOLN.FOR INJ,IOBITRIDOL,50,ml,NCE,Prescription,LABORATORIES GUERBET,France,Valid,5/21/2024,,
XENETIX 300MG IODINE-ML SOLN FOR INJ.,IOBITRIDOL,50,ml,NCE,Prescription,LABORATORIES GUERBET,France,Valid,5/21/2024,,
XENETIX 300MG IODINE-ML SOLN FOR INJ.,IOBITRIDOL,100,ml,NCE,Prescription,LABORATORIES GUERBET,France,Valid,5/21/2024,,
XELODA 500MG TABLET,Capecitabine,-,-,NCE,Prescription,EXCELLA GMBH CO. KG,Germany,Valid,7/22/2025,,
XELODA 150MG TABLET,Capecitabine,-,-,NCE,Prescription,"PRODUCTOSE ROCHE , S.A. DE C.V",Mexico,Valid,9/2/2024,,
XANAX 0.25 MG TABLET,ALPRAZOLAM,-,-,Generic,Prescription,SANICO,Belgium,Valid,3/27/2025,,
XEFO 8MG TAB,LORNOXICAM,-,-,NCE,Prescription,TAKEDA,Germany,Valid,6/19/2025,,
XARELTO 20MG FILM COATED TABLET,RIVAROXABAN,-,-,NCE,Prescription,BAYER AG,Germany,Valid,10/5/2022,,
XARELTO 15MG FILM COATED TABLET,RIVAROXABAN,-,-,NCE,Prescription,BAYER AG,Germany,Valid,10/5/2022,,
XARELTO 15MG FILM COATED TABLET,RIVAROXABAN,-,-,NCE,Prescription,BAYER AG,Germany,Valid,10/5/2022,,
XARELTO 10MG FILM COATED TABLET,RIVAROXABAN,-,-,NCE,Prescription,BAYER AG,Germany,Valid,2/6/2025,,
XANAX 1 MG TABLET,ALPRAZOLAM,-,-,Generic,Prescription,SANICO,Belgium,Valid,7/9/2025,,
XEFO 8MG Powder for injection,LORNOXICAM,-,-,NCE,Prescription,TAKEDA AUSTRIA GmbH,Austria,Valid,7/8/2025,,
RECOFOL 10MG-ML INJECTION,PROPOFOL,20,ml,Generic,Prescription,BAYER OY,Finland,Valid,8/31/2022,,
SYSTANE LUBRICANT EYE DROPS,"POLYETHYLENE GLYCOL,PROPYLENE GLYCOL",15,ml,Generic,OTC,ALCON LABORATORIES,United States,Valid,11/13/2022,,
SYNFLORIX VACCINE,"PNEUMOCOCCAL (STREPTOCOCCUS PNEUMONIAE) POLYSACCHARIDE CONJUGATE (SEROTYPE 1, 4, 5, 6B, 7F, 9V, 14, 18C, 19F AND 23F) VACCINE",-,-,Biological,Prescription,GLAXOSMITHKLINE (GSK),Belgium,Valid,6/9/2024,,
ROACCUTANE 20MG CAPS,ISOTRETINOIN,-,-,NCE,Prescription,CATALENT GERMANY EBERBACH GmbH,Germany,Valid,11/21/2024,,
ROACCUTANE 10MG CAPS,ISOTRETINOIN,-,-,NCE,Prescription,CATALENT GERMANY EBERBACH GmbH,Germany,Valid,11/21/2024,,
RIVOTRIL TAB 2 MG,CLONAZEPAM,-,-,NCE,Prescription,RECIPHARM LEGANES S.L.U,Spain,Valid,7/27/2025,,
RIVOTRIL TAB 0.5MG,CLONAZEPAM,-,-,NCE,Prescription,ROCHE,Switzerland,Valid,11/21/2024,,
RIVOTRIL 2.5MG-ML ORAL SOLUTION,CLONAZEPAM,10,ml,NCE,Prescription,Delpharm Milano S.r.l,Italy,Valid,11/21/2024,,
RITALIN TAB. 10MG,METHYLPHENIDATE,-,-,NCE,Prescription,Siegfried Barbera S.L,Spain,Valid,2/20/2024,,
RISPERDAL CONSTA 50MG I.M VIAL,RISPERIDONE,-,-,NCE,Prescription,ALKEREMES INC.,United States,Valid,3/28/2024,,
RISPERDAL CONSTA 37.5 MG I.M VIAL,RISPERIDONE,-,-,NCE,Prescription,ALKEREMES INC.,United States,Valid,3/28/2024,,
RISPERDAL CONSTA 25MG I.M VIAL,RISPERIDONE,-,-,NCE,Prescription,ALKEREMES INC.,United States,Valid,3/28/2024,,
RISPERDAL 4MG TAB,RISPERIDONE,-,-,NCE,Prescription,JANSSEN-CILAG,Italy,Valid,2/16/2023,,
ROBITUSSIN-PE SYRUP,"GUAIFENESIN,PSEUDOEPHEDRINE HYDROCHLORIDE",132,ml,NCE,OTC,FEREVA RICHMOND,United States,Valid,5/9/2023,,
RISPERDAL 3MG TAB,RISPERIDONE,-,-,NCE,Prescription,JANSSEN-CILAG,Italy,Valid,8/29/2022,,
RISPERDAL 2MG TAB,RISPERIDONE,-,-,NCE,Prescription,JANSSEN-CILAG,Italy,Valid,2/16/2023,,
RINGERS INJECATION 500 ML SOLUTION,"SODIUM CHLORIDE,POTASSIUM CHLORIDE, CALCIUM CHLORIDE",500,ml,Generic,Prescription,KUWAIT SAUDI PHARMACEUTICAL INDUSTRIES,Kuwait,Valid,8/21/2024,,
RINGER SOLUTION I.V INFUSION,"SODIUM CHLORIDE,POTASSIUM CHLORIDE, CALCIUM CHLORIDE",500,ml,Generic,Prescription,GULF INJECT,United Arab Emirates,Valid,11/30/2022,,
RIMACTANE 300 MG CAP,RIFAMPICIN,-,-,Generic,Prescription,SANDOZ,Austria,Valid,5/13/2024,,
RIMACTANE  150 MG CAP,RIFAMPICIN,-,-,Generic,Prescription,SANDOZ,Austria,Valid,5/13/2024,,
RIFADIN CAP 300 MG,RIFAMPICIN,-,-,NCE,Prescription,sanofi S.R.L,Italy,Valid,8/15/2023,,
RIFADIN CAP 150 MG,RIFAMPICIN,-,-,NCE,Prescription,sanofi S.R.L,Italy,Valid,8/15/2023,,
RISPERDAL 1MG-ML SOLUTION,RISPERIDONE,100,ml,NCE,Prescription,JANSSEN PHARMACEUTICA N.V.,Belgium,Valid,6/3/2025,,
RISPERDAL 1MG TAB,RISPERIDONE,-,-,NCE,Prescription,JANSSEN-CILAG,Italy,Valid,2/16/2023,,
RISPERDAL 2MG TAB,RISPERIDONE,-,-,NCE,Prescription,JANSSEN-CILAG,Italy,Valid,2/16/2023,,
RINOCLENIL 100MCG-DOSE NASAL SPRAY,BECLOMETHASONE DIPROPIONATE,-,-,Generic,Prescription,CHIESI FARMACEUTICIS,Italy,Valid,6/6/2024,,
RONEM 500MG,MEROPENEM,10,ml,Generic,Prescription,VENUS REMEDIES LIMITED,India,Valid,10/16/2024,,
SANSILLA GARGLE,"ALUMINUM HYDROXIDE,CALCIUM CHLORIDE,MENTHOL",70,ml,NCE,OTC,VIFOR INTERNATIONAL,Switzerland,Valid,11/19/2022,,
SANDOSTATIN LAR 30MG VIAL,OCTREOTIDE ACETATE,30,ml,Biological,Prescription,Novartis Pharmaceutical Manufacturing GmbH,Austria,Valid,2/28/2024,,
SANDOSTATIN 0.1MG-ML AMP,OCTREOTIDE ACETATE,1,ml,Biological,Prescription,NOVARTIS,Switzerland,Valid,5/21/2023,,
SANCUSO 34.3 mg transdermal patch,GRANISETRON,-,-,NCE,Prescription,3M Drug Delivery Systems,United States,Valid,8/29/2022,,
SAMIXON 500MG VIAL + SOLVENT,CEFTRIAXONE,-,-,Generic,Prescription,Hikma Pharmaceuticals PLC,Jordan,Valid,8/31/2022,,
SARTAN 100 mg Film coated Tablets,LOSARTAN POTASSIUM,-,-,Generic,Prescription,GLOBAL PHARMA,United Arab Emirates,Valid,6/19/2025,,
SARTAN 50 mg Film coated Tablets,LOSARTAN POTASSIUM,-,-,Generic,Prescription,GLOBAL PHARMA,United Arab Emirates,Valid,6/19/2025,,
SELEKTINE,MELOXICAM,-,-,Generic,Prescription,HAYAT PHARMACEUTICAL INDUSTRIES,Jordan,Valid,5/22/2025,,
SEDACORON 200MG TAB,AMIODARONE,-,-,Generic,Prescription,HAUPT PHARMA AMAREG GmbH,Germany,Valid,5/13/2024,,
SAMIXON 500MG VIAL,CEFTRIAXONE,-,-,Generic,Prescription,Hikma Pharmaceuticals PLC,Jordan,Valid,8/31/2022,,
SEDACORON solution for injection,AMIODARONE,3,ml,Generic,Prescription, Fareva Unterach GmbH ,Austria,Valid,5/13/2024,,
SECNEZOLE 500MG TABLETS,SECNIDAZOLE,-,-,Generic,Prescription,The Jordanian Pharmaceutical Manufacturing Medical Equipment Co. Ltd. (JPM),Jordan,Valid,8/1/2022,,
SCANDICAINE 3% CARTRIDGE 1.8ML,MEPIVACAINE HYDROCHLORIDE,1.8,ml,NCE,Prescription,SEPTODENT,France,Valid,3/27/2024,,
SCANDICAINE 2% SPECIALE CARTRIDGE,"MEPIVACAINE HYDROCHLORIDE,ADRENALINE",1.8,ml,NCE,Prescription,SEPTODENT,France,Valid,3/10/2024,,
SAXID 4MG TABLET,RISPERIDONE,-,-,Generic,Prescription,The Jordanian Pharmaceutical Manufacturing Medical Equipment Co. Ltd. (JPM),Jordan,Valid,8/29/2022,,
SAXID 2MG TABLET,RISPERIDONE,-,-,Generic,Prescription,The Jordanian Pharmaceutical Manufacturing Medical Equipment Co. Ltd. (JPM),Jordan,Valid,8/29/2022,,
SEDACID 20 MG COATED TABLETS,OMEPRAZOLE,-,-,Generic,Prescription,S.M.B.,Belgium,Suspended,8/29/2022,,
RONEM 1GM,MEROPENEM,20,ml,Generic,Prescription,VENUS REMEDIES LIMITED,India,Valid,10/16/2024,,
SAMIXON 1GM VIAL + SOLVENT,CEFTRIAXONE,-,-,Generic,Prescription,Hikma Pharmaceuticals PLC,Jordan,Valid,8/31/2022,,
SALOFALK 500MG TAB,MESALAZINE,-,-,Generic,Prescription,LOSAN PHARMA GMBH ,Germany,Valid,10/9/2024,,
ROTATEQ ORAL VACCINE,"G1 REASSORTANT,G2 REASSORTANT,G3 REASSORTANT,G4 REASSORTANT,PIA 8 REASSORTANT",-,-,Biological,Prescription,MERCK SHARP AND DOHME LLC,United States,Valid,8/3/2025,,
ROTARIX ORAL SUSPENSION VACCINE,"HUMAN ROTAVIRUS, LIVE ATTENUATED VACCINE",-,-,Biological,Prescription,GlaxoSmithKline Biologicals ,Belgium,Valid,3/12/2024,,
ROZEX GEL 0.75% W-W,METRONIDAZOLE,30,g,Generic,Prescription,GALDERMA,France,Valid,4/24/2025,,
SALOFALK 4GM-60ML ENEMA,MESALAZINE,60,ml,NCE,Prescription,CORDEN PHARMA FRIBOURG AG,Switzerland,Valid,5/7/2024,,
SALIPAX 20,FLUOXETINE,-,-,Generic,Prescription,ACINO PHARMA AG,Switzerland,Valid,10/10/2022,,
SALIDEX TOPICAL SOLUTION,"DEXAMETHASONE,SALICYLIC ACID",30,ml,NCE,Prescription,PHILADELPHIA PHARMACEUTICAL,Jordan,Valid,11/6/2022,,
SALIDEX OINTMENT,"SALICYLIC ACID,DEXAMETHASONE",30,g,NCE,Prescription,PHILADELPHIA PHARMACEUTICAL,Jordan,Valid,1/24/2024,,
SAMIXON 1GM VIAL,CEFTRIAXONE,-,-,Generic,Prescription,Hikma Pharmaceuticals PLC,Jordan,Valid,8/31/2022,,
RYTHINATE SUSP. 200MG-5ML,ERYTHROMYCIN,100,ml,Generic,Prescription,Hikma Pharmaceuticals PLC,Jordan,Valid,8/29/2022,,
SALBULASE 2MG-5ML SYRUP,SALBUTAMOL,120,ml,Generic,Prescription,KUWAIT SAUDI PHARMACEUTICAL INDUSTRIES,Kuwait,Valid,2/10/2025,,
SELEKTINE,MELOXICAM,-,-,Generic,Prescription,HAYAT PHARMACEUTICAL INDUSTRIES,Jordan,Valid,5/22/2025,,
RENITEC,ENALAPRIL MALEATE,-,-,NCE,Prescription,Organon Pharma (UK) Limited ,United Kingdom,Valid,8/3/2025,,
RENITEC,ENALAPRIL MALEATE,-,-,NCE,Prescription,Organon Pharma (UK) Limited ,United Kingdom,Valid,8/3/2025,,
RENITEC,ENALAPRIL MALEATE,-,-,NCE,Prescription,Organon Pharma (UK) Limited ,United Kingdom,Valid,8/3/2025,,
RENAMIN INJECTION,"VALINE,LEUCINE,ISOLEUCINE5,METHIONINE,PHENYLALANINE,LYSINE,HISTIDINE,THREONINE,TRYPTOPHAN",250,ml,Generic,Prescription,BAXTER,United States,Valid,11/1/2022,,
RENAMIN INJECTION,"VALINE,LEUCINE,ISOLEUCINE5,METHIONINE,PHENYLALANINE,LYSINE,HISTIDINE,THREONINE,TRYPTOPHAN",500,ml,Generic,Prescription,BAXTER,United States,Valid,11/2/2022,,
REPARIL 20MG TAB,AESCIN,-,-,NCE,Prescription,Rottapharm|Madaus Group,Germany,Valid,11/14/2024,,
REPARIL GEL N,"DIETHYLAMINE SALICYLATE,AESCIN",100,g,NCE,Prescription,Rottapharm|Madaus Group,Germany,Valid,3/27/2025,,
REPARIL GEL N,"DIETHYLAMINE SALICYLATE,AESCIN",40,g,NCE,Prescription,Rottapharm|Madaus Group,Germany,Valid,3/27/2025,,
RESPAL 4 MG TABLETS,RISPERIDONE,-,-,Generic,Prescription,Jordan Sweden Medical and Sterilization Co.,Jordan,Valid,4/24/2025,,
RESPAL 2 MG TABLETS,RISPERIDONE,-,-,Generic,Prescription,Jordan Sweden Medical and Sterilization Co.,Jordan,Valid,4/24/2025,,
REMINYL 4 MG - ML ORAL SOLUTION,GALANTAMINE,100,ml,NCE,Prescription,JANSSEN PHARMACEUTICA N.V.,Belgium,Valid,8/29/2022,,
RESCLAR 500MG TABLETS,CLARITHROMYCIN,-,-,Generic,Prescription,NEOPHARMA,United Arab Emirates,Suspended,8/29/2022,,
RESOLVE PLUS 1.0 CREAM,"MICONAZOLE NITRATE,HYDROCORTISONE",30,g,Generic,Prescription,EGO PHARMACEUTICALS,Australia,Valid,1/22/2024,,
RECORMON PFS 20000IU-0.6ML SOLU. FOR INJ,EPOETIN BETA,0.6,ml,Biological,Prescription,ROCHE DIAGNOSTICS,Germany,Valid,11/20/2022,,
RECORMON PFS 10000IU-0.6ML SOLU. FOR INJ,EPOETIN BETA,0.6,ml,Biological,Prescription,ROCHE DIAGNOSTICS,Germany,Valid,11/20/2022,,
RECORMON 5000 I.U+1ML WATER FOR INJ VIAL,EPOETIN BETA,-,-,Biological,Prescription,ROCHE DIAGNOSTICS,Germany,Valid,11/20/2022,,
RECORMON 5000 I.U PREFILLED SYRINGE,EPOETIN BETA,-,-,Biological,Prescription,ROCHE DIAGNOSTICS,Germany,Valid,11/20/2022,,
RECORMON 2000 I.U+1ML WATER FOR INJ VIAL,EPOETIN BETA,-,-,Biological,Prescription,ROCHE DIAGNOSTICS,Germany,Valid,11/20/2022,,
RECORMON 2000 I.U PREFILLED SYRINGE,EPOETIN BETA,0.3,ml,Biological,Prescription,ROCHE DIAGNOSTICS,Germany,Valid,11/20/2022,,
RECOFOL 20MG-ML I.V. EMULSION FOR INFU,PROPOFOL,50,ml,Generic,Prescription,BAYER OY,Finland,Valid,8/31/2022,,
RECOFOL 10MG-ML INJECTION,PROPOFOL,100,ml,Generic,Prescription,BAYER OY,Finland,Valid,8/31/2022,,
RECORMON PFS 30000IU-0.6ML SOLU. FOR INJ,EPOETIN BETA,0.6,ml,Biological,Prescription,ROCHE DIAGNOSTICS,Germany,Valid,11/20/2022,,
RECORMON PFS 3000IU-0.3ML SOLU. FOR INJ,EPOETIN BETA,0.6,ml,Biological,Prescription,ROCHE DIAGNOSTICS,Germany,Valid,11/20/2022,,
RECORMON PFS 4000IU-0.3ML SOLU. FOR INJ,EPOETIN BETA,0.6,ml,Biological,Prescription,ROCHE DIAGNOSTICS,Germany,Valid,11/20/2022,,
RECORMON PFS 6000IU-0.3ML SOLU. FOR INJ,EPOETIN BETA,0.6,ml,Biological,Prescription,ROCHE DIAGNOSTICS,Germany,Valid,11/20/2022,,
REMICADE 100MG VIAL FOR INJ,INFLIXIMAB,-,-,Biological,Prescription,JANSSEN-CILAG,Switzerland,Valid,7/6/2025,,
REMEFLIN 8 MG-VIAL 3ML.,DIMEFLINE,1,ml,NCE,Prescription,RECORDATI,Italy,Valid,8/31/2022,,
REMEFLIN 8 MG-PEARL,DIMEFLINE,-,-,NCE,Prescription,RECORDATI,Italy,Valid,8/1/2022,,
RELESTAT 0.05% EYE DROPS,EPINASTINE HYDROCHLORIDE,5,ml,NCE,OTC,ALLERGAN PHARMACEUTICALS LTD,Ireland,Valid,6/19/2025,,
RELENZA 5MG POWDER FOR INHALATION,ZANAMIVIR,-,-,NCE,Prescription,GLAXOWELLCOME,France,Valid,4/24/2025,,
REGAINE TOPICAL SOLN 2%,MINOXIDIL,60,ml,NCE,OTC,ASM Aerosol-Service AG,Switzerland,Valid,4/22/2025,,
REGAINE 5% TOPICAL SOLUTION,MINOXIDIL,60,ml,Generic,OTC,ASM Aerosol-Service AG,Switzerland,Valid,4/22/2025,,
REFRESH TEARS 0.5% EYE DROPS,CARMELLOSE,15,ml,NCE,OTC,ALLERGAN PHARMACEUTICALS LTD,United States,Valid,3/12/2024,,
REFRESH P.M.EYE OINT.,"WHITE PETROLATUM,Mineral Oil",3.5,g,Generic,OTC,ALLERGAN PHARMACEUTICALS LTD,United States,Valid,3/17/2024,,
REFRESH LIQUIGEL 1% EYE DROPS,CARMELLOSE,15,ml,NCE,OTC,ALLERGAN PHARMACEUTICALS LTD,United States,Valid,6/6/2024,,
RIBAVIN 200 MG CAPSULES,RIBAVIRIN,-,-,Generic,Prescription,The Arab Pharmaceutical Manufacturing PSC (Sahab) Co Ltd ,Jordan,Valid,10/29/2024,,
RETROVIR CAPS 100MG,ZIDOVUDINE,-,-,NCE,Prescription,Delpharm Poznań Spółka Akcyjna,Poland,Valid,1/30/2025,,
RETROVIR 50MG\5ML ORAL SUSPENTION,ZIDOVUDINE,200,ml,NCE,Prescription,Bora Pharmaceutical Services Inc,Canada,Valid,1/23/2023,,
RETARPEN 1.2MEGA U.WITH SOLVENT,BENZATHINE PENICILLIN,-,-,NCE,Prescription,SANDOZ,Austria,Valid,5/13/2024,,
Rhinathiol Promethazine,"PROMETHAZINE,CARBOCISTEINE",125,ml,NCE,Prescription,sanofi-aventis,France,Valid,1/9/2025,,
RHOPHYLAC 300MCG-2ML SOL. FOR INJ.IN PFS,ANTI-D (RH0) IMMUNOGLOBULIN,-,-,Biological,Prescription,CSL BEHRING,Switzerland,Valid,5/11/2025,,
RHINOCORT AQUA 64MCG NASAL SPRAY,BUDESONIDE,-,-,NCE,Prescription,AstraZeneca,Sweden,Valid,3/10/2025,,
RHINATHIOL EXPECTORANT CARBOCISTEINE 5% SYRUP FOR ADULT,CARBOCYSTEINE,125,ml,NCE,Prescription,Unither Liquid Manufacturing,France,Valid,10/16/2024,,
RHINATHIOL SYRUP 20MG-ML CHILDREN,CARBOCYSTEINE,125,ml,NCE,Prescription,sanofi-aventis,France,Valid,6/4/2025,,
SEMBRINA TABLETS 250 MG.,METHYLDOPA,-,-,Generic,Prescription,ROCHE DIAGNOSTICS,Germany,Valid,8/29/2022,,
SEPTANEST N 1-200000 DENTAL CARTRIDGE,"EPINEPHRINE,ARTICAINE HYDROCHLORIDE",-,-,NCE,Prescription,SEPTODENT,France,Valid,8/6/2023,,
SEPTANEST SP 1-100000 DENTAL CARTRIDGE,"EPINEPHRINE,ARTICAINE HYDROCHLORIDE",-,-,NCE,Prescription,SEPTODENT,France,Valid,7/9/2025,,
SORBITOL IRRIGATION 3.3% IN PLASTIC BAG,SORBITOL,2000,ml,NCE,Prescription,McGAW,United States,Valid,8/29/2022,,
SORBIT 5 G POWDER PACKET,SORBITOL,-,-,Generic,Prescription,MEDICAL UNION PHARMACEUTICALS CO,Egypt,Valid,8/29/2022,,
SOPALAMIN 3B VIAL,"THIAMINE,PYRIDOXINE (VITAMIN B6),CYANOCOBALAMIN",3,ml,NCE,Prescription,SOBARA,Belgium,Valid,11/30/2022,,
SOLU-MEDROL-INJ. 125 MG,METHYLPREDNISOLONE,2,ml,NCE,Prescription,Pfizer Manufacturing Belgium N.V.,Belgium,Valid,8/29/2022,,
SOLU-MEDROL 1000 mg powder and solvent for solution for injection,METHYLPREDNISOLONE,16,ml,NCE,Prescription,Pfizer Manufacturing Belgium N.V.,Belgium,Valid,9/1/2022,,
SOLU-MEDROL MOV 40 MG INJ.,METHYLPREDNISOLONE,-,-,NCE,Prescription,PFIZER,Belgium,Valid,8/29/2022,,
SPASMEX 30MG FILM COATED TABLET,TROSPIUM,-,-,NCE,Prescription,Dr. Pfleger Arzneimittle GmbH,Germany,Valid,4/23/2025,,
SPASMOPAN 10MG TAB.,HYOSCINE BUTYLBROMIDE,-,-,Generic,OTC,The Arab Pharmaceutical Manufacturing PSC Sult,Jordan,Valid,11/10/2022,,
STALORAL MITES MAINTENANCE,"ALLERGEN EXTRACT ""MITES MAINTENANCE""",10,ml,NCE,Prescription,STALLERGENS,France,Valid,1/30/2025,,
STALORAL MITES INITIAL,"ALLERGEN EXTRACT ""MITES INITIAL""",10,ml,NCE,Prescription,STALLERGENS,France,Valid,1/30/2025,,
STALORAL ANIMAL ORIGIN INITIAL,"ALLERGEN EXTRACT ""ANIMAL ORIGIN INITIAL""",10,ml,NCE,Prescription,STALLERGENS,France,Valid,7/23/2023,,
STALORAL ANIMAL ORIGIN MAINTENANCE,"ALLERGEN EXTRACT ""ORIGIN MAINTENANCE""",10,ml,NCE,Prescription,STALLERGENS,France,Valid,7/23/2023,,
STALEVO 50-12.5-200MG FILM COATED TAB.,"ENTACAPONE,LEVODOPA,CARBIDOPA",-,-,NCE,Prescription,ORION PHARMA,Finland,Valid,11/7/2024,,
STALEVO 200-50-200MG FILM COATED TAB.,"ENTACAPONE,LEVODOPA,CARBIDOPA",-,-,Generic,Prescription,TISHCON CORPORATION,United States,Valid,11/25/2024,,
STALEVO 150-37.5-200MG FILM COATED TAB.,"ENTACAPONE,LEVODOPA,CARBIDOPA",-,-,NCE,Prescription,NUTRA MANUFACTURING INC.,United States,Valid,11/7/2024,,
SOLU-MEDROL INJ. 500 MG.,METHYLPREDNISOLONE,8,ml,NCE,Prescription,Pfizer Manufacturing Belgium N.V.,Belgium,Valid,8/29/2022,,
STALEVO 100-25-200MG FILM COATED TAB.,"ENTACAPONE,LEVODOPA,CARBIDOPA",-,-,NCE,Prescription,ORION PHARMA,Finland,Valid,11/7/2024,,
SPIRIVA 18MCG HARD CAPSULE,TIOTROPIUM,-,-,NCE,Prescription,BOEHRINGER INGELHEIM,Germany,Valid,4/3/2024,,
SPEDIFEN 600MG GRANULES,IBUPROFEN,-,-,Generic,Prescription,ZAMBON SWITZERLAND LTD,Switzerland,Valid,12/1/2024,,
SPEDIFEN 400MG GRANULES,IBUPROFEN,-,-,Generic,OTC,ZAMBON SWITZERLAND LTD,Switzerland,Valid,6/5/2024,,
SPASMOTALIN 100MG TAB,MEBEVERINE HYDROCHLORIDE,-,-,NCE,Prescription,ALAMRIAH FOR PHARMACEUTICALS INDUSTRIES,Egypt,Valid,8/20/2024,,
SPASMOPAN 20MG AMP.,HYOSCINE BUTYLBROMIDE,1,ml,Generic,Prescription,HIKMA ITALIA SPA,Italy,Valid,4/24/2025,,
STALORAL MOULDS INITIAL,ALLERGEN EXTRACT -MOULDS INITIAL,10,ml,NCE,Prescription,STALLERGENS,France,Valid,7/23/2023,,
SOLU CORTEF Act-O-Vial 100 mg powder and solvent for solution for injection,HYDROCORTISONE SODIUM SUCCINATE,-,-,NCE,Prescription,Pfizer Manufacturing Belgium N.V.,Belgium,Valid,8/29/2022,,
SODIUM CHLORIDE 0.9% INFUSION SOLN,SODIUM CHLORIDE,500,ml,Generic,Prescription,GULF INJECT,United Arab Emirates,Valid,8/29/2022,,
SODIUM CHLORIDE IRRIGATION 0.9%,SODIUM CHLORIDE,1000,ml,Generic,Prescription,KUWAIT SAUDI PHARMACEUTICAL INDUSTRIES,Kuwait,Valid,2/13/2025,,
SODIUM CHLORIDE IRRIGATION 0.9%,SODIUM CHLORIDE,2000,ml,Generic,Prescription,KUWAIT SAUDI PHARMACEUTICAL INDUSTRIES,Kuwait,Valid,3/20/2024,,
SODIUM CHLORIDE IRRIGATION 0.9%,SODIUM CHLORIDE,3000,ml,Generic,Prescription,KUWAIT SAUDI PHARMACEUTICAL INDUSTRIES,Kuwait,Valid,7/21/2024,,
SOLPADEINE SOLUBLE TABLET,"PARACETAMOL,CAFFEINE CITRATE,CODEINE",-,-,Generic,Prescription,GlaxoSmithKline Dungarvan Ltd,Ireland,Valid,7/9/2025,,
SOLOTIK 50MG F-C TABLETS,SERTRALINE,-,-,Generic,Prescription,Hikma Pharmaceuticals PLC,Jordan,Valid,8/29/2022,,
SOLOTIK 50MG F-C TABLETS,SERTRALINE,-,-,Generic,Prescription,Hikma Pharmaceuticals PLC,Jordan,Valid,8/29/2022,,
SOLOTIK 100MG F-C TABLETS,SERTRALINE,-,-,Generic,Prescription,Hikma Pharmaceuticals PLC,Jordan,Valid,2/28/2023,,
SOLOTIK 100MG F-C TABLETS,SERTRALINE,-,-,Generic,Prescription,Hikma Pharmaceuticals PLC,Jordan,Valid,8/29/2022,,
SOJOURN 100% VAPOUR LIQUID FOR INHALATION,SEVOFLURANE,250,ml,NCE,Prescription,PIRAMAL CRITICAL CARE INC,United States,Valid,8/29/2022,,
SOLU CORTEF AOV 250 mg powder and solvent for solution for injection,HYDROCORTISONE SODIUM SUCCINATE,2,ml,Generic,Prescription,Pfizer Manufacturing Belgium N.V.,Belgium,Valid,8/21/2024,,
SODIUM CHLORIDE0.225% & GLUCOSE 5% I.V,"DEXTROSE,SODIUM CHLORIDE",500,ml,Generic,Prescription,GULF INJECT,United Arab Emirates,Valid,11/24/2022,,
STALORAL MOULDS MAINTENANCE,ALLERGEN EXTRACT- MOULDS MAINTENANCE,10,ml,NCE,Prescription,STALLERGENS,France,Valid,7/23/2023,,
STALORAL POLLENS MAINTENANCE,ALLERGENIC EXTRACTS,10,ml,NCE,Prescription,STALLERGENS,France,Valid,1/8/2023,,
SUFENTA FORTE AMP 50MCG-ML,SUFENTANIL,5,ml,NCE,Prescription,PIRAMAL CRITICAL CARE INC,United States,Valid,8/29/2022,,
SUFENTA AMP 5MCG-ML,SUFENTANIL,10,ml,NCE,Prescription,DEMO S.A.,Greece,Valid,8/29/2022,,
SUFENTA AMP 5MCG-ML,SUFENTANIL,2,ml,NCE,Prescription,DEMO S.A.,Greece,Valid,8/1/2022,,
STUGERON 25MG TAB,CINNARIZINE,-,-,Generic,Prescription,LUSOMEDICAMENTA,Portugal,Valid,8/29/2022,,
STRESS TAB 600,"ASCORBIC ACID, TOCOPHEROL, VITAMIN B-COMPLEX",-,-,NCE,OTC,WYETH,United States,Valid,8/29/2022,,
STRESS TAB 600,"ASCORBIC ACID, TOCOPHEROL, VITAMIN B-COMPLEX",-,-,NCE,OTC,WYETH,United States,Valid,8/1/2022,,
STREPSILS PAIN RELIEF PLUS LOZENGE,"LIDOCAINE HYDROCHLORIDE,AMYLMETACRESOL",-,-,Generic,OTC,RECKITT BENCKISER HEALTHCARE INTERNATIONAL,United Kingdom,Valid,11/18/2022,,
SYMBICORT TURBUHALER,"BUDESONIDE,FORMTEROL",-,-,NCE,Prescription,AstraZeneca,Sweden,Valid,4/30/2023,,
SYMBICORT 80 MCG/4.5 MCG TURBOHALER,"BUDESONIDE,FORMTEROL",-,-,NCE,Prescription,AstraZeneca,Sweden,Valid,11/18/2022,,
SYLADOR INJ 5MG-ML,HALOPERIDOL,1,ml,Generic,Prescription,ALPHARMA APS,Denmark,Valid,8/29/2022,,
SUTENT 50 MG CAPSULE,SUNITINIB,-,-,NCE,Prescription,PFIZER,Italy,Valid,4/23/2025,,
SUTENT 12.5 MG CAPSULE,SUNITINIB,-,-,NCE,Prescription,PFIZER,Italy,Valid,4/23/2025,,
SUPRAZOLE 200 MG TABLETS,METRONIDAZOLE,-,-,Generic,Prescription,KUWAIT SAUDI PHARMACEUTICAL INDUSTRIES,Kuwait,Valid,3/20/2024,,
SUTENT 25 MG CAPSULE,SUNITINIB,-,-,NCE,Prescription,PFIZER,Italy,Valid,4/23/2025,,
STALORAL POLLENS INITIAL,ALLERGEN EXTRACT - POLLENS INITIAL,10,ml,NCE,Prescription,STALLERGENS,France,Valid,7/23/2023,,
STERILE WATER FOR INJ,WATER,5,ml,Generic,Prescription,McGAW,United States,Valid,8/18/2024,,
STERILE WATER FOR INJ,WATER,500,ml,Generic,Prescription,McGAW,United States,Valid,8/22/2024,,
STERILE WATER FOR INJ,WATER,250,ml,Generic,Prescription,McGAW,United States,Valid,8/22/2024,,
STELAZINE 5MG TABLETS,TRIFLUOPERAZINE,-,-,Generic,Prescription,BRISTOL LABORATORIES,United Kingdom,Valid,11/13/2022,,
STELAZINE 1MG TABLETS,TRIFLUOPERAZINE,-,-,Generic,Prescription,BRISTOL LABORATORIES,United Kingdom,Valid,11/13/2022,,
STELARA 90mg/1ml SOLUTION FOR INJECTION,USTEKINUMAB,1,ml,Biological,Prescription,BAXTER PHARMACEUTICAL SOLUTION LLC,United States,Valid,3/19/2025,,
STELARA 45MG/0.5ML SOLUTION FOR INJECTION,USTEKINUMAB,0.5,ml,Biological,Prescription,BAXTER PHARMACEUTICAL SOLUTION LLC,United States,Valid,3/19/2025,,
STANDACILLIN 500MG INJ WITH SOLVENT,AMPICILLIN,-,-,Generic,Prescription,SANDOZ,Austria,Valid,5/13/2024,,
STANDACILLIN 1G VIAL WITH SOLVENT,AMPICILLIN,-,-,Generic,Prescription,SANDOZ,Austria,Valid,5/13/2024,,
STERILE WATER FOR INJ 500 ML,WATER,500,ml,Generic,OTC,KUWAIT SAUDI PHARMACEUTICAL INDUSTRIES,Kuwait,Valid,8/21/2024,,
STERILE WATER FOR IRRIG.IN ACCUMED PS.CT,WATER,2000,ml,Generic,Prescription,McGAW,United States,Valid,8/29/2022,,
STERILE WATER FOR IRRIG.IN ACCUMED PS.CT,WATER,1000,ml,Generic,Prescription,McGAW,United States,Valid,8/29/2022,,
STERILE WATER FOR IRRIG.IN ACCUMED PS.CT,WATER,500,ml,Generic,Prescription,McGAW,United States,Valid,8/29/2022,,
STIEPROX 1.5% SHAMPOO,CICLOPIROX OLAMINE,100,ml,NCE,OTC,STIEFEL LABORATORIES,Ireland,Valid,8/1/2022,,
STERILE WATER FOR IRRIGATION,STERILIZED APYROGENIC DISTILLED WATER,2000,ml,Generic,OTC,KUWAIT SAUDI PHARMACEUTICAL INDUSTRIES,Kuwait,Valid,8/21/2024,,
STERILE WATER FOR IRRIGATION,STERILIZED APYROGENIC DISTILLED WATER,500,ml,Generic,OTC,KUWAIT SAUDI PHARMACEUTICAL INDUSTRIES,Kuwait,Valid,7/21/2024,,
STERILE WATER FOR IRRIGATION,STERILIZED APYROGENIC DISTILLED WATER,3000,ml,Generic,Prescription,KUWAIT SAUDI PHARMACEUTICAL INDUSTRIES,Kuwait,Valid,7/21/2024,,
STERILE WATER FOR IRRIGATION,STERILIZED APYROGENIC DISTILLED WATER,1000,ml,Generic,Prescription,KUWAIT SAUDI PHARMACEUTICAL INDUSTRIES,Kuwait,Valid,7/21/2024,,
SMOFKABIVEN PERIPHERAL EMULSION for infusion,"TRYPTOPHAN,LYSINE,GLUCOSE,SODIUM ACETATE,POTASSIUM CHLORIDE,MAGNESIUM SULFATE, CALCIUM CHLORIDE,VALINE,TYROSINE,THREONINE,GLYCINE,SERINE,PROLINE,PHENYLALANINE,METHIONINE,LEUCINE,ISOLEUCINE5,HISTIDINE,TAURINE,ARGININE,ALANINE,FISH OIL,OLIVE OIL,TRIGLYCERIDES MEDIUM CHAIN,SOYA OIL,ZINC SULPHATE,SODIUM GLYCEROPHOSPHATE HYDRATED",1904,ml,NCE,Prescription,FRESENIUS KABI,Sweden,Valid,7/13/2025,,
SINEMET 25-250MG TABLETS,"LEVODOPA,CARBIDOPA",-,-,Generic,Prescription,Algorithm SAL,Lebanon,Suspended,1/29/2025,,
SMOFKABIVEN PERIPHERAL EMULSION for infusion,"GLUCOSE,SOYA OIL,TRIGLYCERIDES MEDIUM CHAIN,OLIVE OIL,FISH OIL,ALANINE,ARGININE,GLYCINE,HISTIDINE,ISOLEUCINE5,LEUCINE,METHIONINE,PHENYLALANINE,PROLINE,SERINE,TAURINE,THREONINE,TRYPTOPHAN,TYROSINE,VALINE, CALCIUM CHLORIDE,MAGNESIUM SULFATE,POTASSIUM CHLORIDE,SODIUM ACETATE,LYSINE,ZINC SULPHATE,SODIUM GLYCEROPHOSPHATE HYDRATED",1448,ml,NCE,Prescription,FRESENIUS KABI,Sweden,Valid,7/13/2025,,
SMOFKABIVEN PERIPHERAL EMULSION for infusion,"GLUCOSE,SOYA OIL,TRIGLYCERIDES MEDIUM CHAIN,OLIVE OIL,FISH OIL,ALANINE,ARGININE,GLYCINE,HISTIDINE,ISOLEUCINE5,LEUCINE,METHIONINE,PHENYLALANINE,PROLINE,SERINE,TAURINE,THREONINE,TRYPTOPHAN,TYROSINE,VALINE, CALCIUM CHLORIDE,MAGNESIUM SULFATE,POTASSIUM CHLORIDE,SODIUM ACETATE,LYSINE,ZINC SULPHATE,SODIUM GLYCEROPHOSPHATE HYDRATED",1206,ml,NCE,Prescription,FRESENIUS KABI,Sweden,Valid,8/1/2024,,
SOD. CHLORIDE 0.45%+DEXTROSE 5% I.V INF.,"DEXTROSE,SODIUM CHLORIDE",500,ml,Generic,Prescription,KUWAIT SAUDI PHARMACEUTICAL INDUSTRIES,Kuwait,Valid,8/21/2024,,
SIMCOR 20 MG F-C TABLETS,SIMVASTATIN,-,-,Generic,Prescription,Pharma International Co.,Jordan,Valid,12/29/2024,,
SILVER NITRATE EYE DROP,SILVER NITRATE,0.4,ml,NCE,Prescription,H-FOUR,France,Valid,8/1/2022,,
SEROQUEL 300MG F-C TABS,QUETIAPINE,-,-,NCE,Prescription,AstraZeneca,United Kingdom,Valid,8/29/2022,,
SEROQUEL 25 MG TAB,QUETIAPINE,-,-,NCE,Prescription,AstraZeneca,United Kingdom,Valid,8/29/2022,,
SEROQUEL 200 MG TAB,QUETIAPINE,-,-,NCE,Prescription,AstraZeneca,United Kingdom,Valid,8/29/2022,,
SEROQUEL 100 MG TAB,QUETIAPINE,-,-,NCE,Prescription,AstraZeneca,United Kingdom,Valid,8/29/2022,,
SERMION TAB 5MG,NICERGOLINE,-,-,NCE,Prescription,PFIZER,Italy,Valid,8/29/2022,,
SERMION 10MG TAB,NICERGOLINE,-,-,NCE,Prescription,PFIZER,Italy,Valid,8/1/2022,,
SERETIDE DISKUS 50\500 MCG,"FLUTICASONE PROPIONATE,SALMETEROL",-,-,NCE,Prescription,GLAXO OPERATION,United Kingdom,Valid,6/4/2025,,
SERETIDE DISKUS,"FLUTICASONE PROPIONATE,SALMETEROL",-,-,NCE,Prescription,GLAXO OPERATION,United Kingdom,Valid,11/8/2022,,
SERETIDE DISKUS,"FLUTICASONE PROPIONATE,SALMETEROL",-,-,NCE,Prescription,GLAXO OPERATION,United Kingdom,Valid,6/22/2023,,
SEROQUEL XL 200MG FILM COATED TABLET,QUETIAPINE,-,-,Generic,Prescription,AstraZeneca,United Kingdom,Valid,8/29/2022,,
SEROQUEL XL 300MG FILM COATED TABLET,QUETIAPINE,-,-,Generic,Prescription,AstraZeneca,United Kingdom,Valid,8/29/2022,,
SEROQUEL XL 400MG FILM COATED TABLET,QUETIAPINE,-,-,Generic,Prescription,AstraZeneca,United Kingdom,Valid,8/29/2022,,
SEROQUEL XL 50MG FILM COATED TABLET,QUETIAPINE,-,-,Generic,Prescription,AstraZeneca,United Kingdom,Valid,8/29/2022,,
SIFROL 0.7MG (EQU. 1.00MG) TAB,PRAMIPEXOLE,-,-,NCE,Prescription,BOEHRINGER INGELHEIM,Germany,Valid,6/19/2025,,
SIFROL 0.18 MG (EQU.0.25MG) TAB,PRAMIPEXOLE,-,-,NCE,Prescription,BOEHRINGER INGELHEIM,Germany,Valid,7/31/2023,,
SIMCOR 10 MG F-C TABLETS,SIMVASTATIN,-,-,Generic,Prescription,Pharma International Co.,Jordan,Valid,12/29/2024,,
SETRAL 50MG F.C. TABLETS,SERTRALINE,-,-,Generic,Prescription,The Jordanian Pharmaceutical Manufacturing Medical Equipment Co. Ltd. (JPM),Jordan,Valid,10/16/2024,,
SETRAL 50MG F.C. TABLETS,SERTRALINE,-,-,Generic,Prescription,The Jordanian Pharmaceutical Manufacturing Medical Equipment Co. Ltd. (JPM),Jordan,Valid,10/16/2024,,
SETRAL 100MG F.C. TABLETS,SERTRALINE,-,-,Generic,Prescription,The Jordanian Pharmaceutical Manufacturing Medical Equipment Co. Ltd. (JPM),Jordan,Valid,8/22/2024,,
SEROXAT CR 25MG TABLETS,PAROXETINE,-,-,NCE,Prescription,Bora Pharmaceutical Services Inc,Canada,Valid,6/9/2024,,
SEROXAT CR 12.5MG TABLETS,PAROXETINE,-,-,NCE,Prescription,Bora Pharmaceutical Services Inc,Canada,Valid,6/9/2024,,
SEROXAT 20MG TABLETS,PAROXETINE,-,-,NCE,Prescription,DELPHARM POZNAN SPOLKA AKCYJNA,Poland,Valid,11/12/2023,,
SOD.CHLORIDE 0.18%+DEXTROSE 5 % INFUSION,"DEXTROSE,SODIUM CHLORIDE",500,ml,NCE,Prescription,KUWAIT SAUDI PHARMACEUTICAL INDUSTRIES,Kuwait,Valid,8/21/2024,,
SODIUM BICARBONATE 8.4% INJ. ,SODIUM BICARBONATE,50,ml,Generic,Prescription,HOSPIRA,United States,Valid,4/23/2025,,
SODIUM BICARBONATE 8.4% INJ. ,SODIUM BICARBONATE,10,ml,Generic,Prescription,HOSPIRA,United States,Valid,11/26/2024,,
SODIUM CHLORIDE .9% + DEXTROSE 5%,"DEXTROSE,SODIUM CHLORIDE",500,ml,Generic,Prescription,KUWAIT SAUDI PHARMACEUTICAL INDUSTRIES,Kuwait,Valid,6/19/2025,,
SODIUM CHLORIDE 0.18%-GLUCOSE 4.3%,"DEXTROSE,SODIUM CHLORIDE",500,ml,NCE,Prescription,GULF INJECT,United Arab Emirates,Valid,11/9/2022,,
SODIUM CHLORIDE 0.9% I.V INFUSION,SODIUM CHLORIDE,500,ml,Generic,Prescription,KUWAIT SAUDI PHARMACEUTICAL INDUSTRIES,Kuwait,Valid,8/21/2024,,
SODIUM CHLORIDE 0.9% & GLUCOSE 5% I.V,"DEXTROSE,SODIUM CHLORIDE",500,ml,Generic,Prescription,GULF INJECT,United Arab Emirates,Valid,11/9/2022,,
SODIUM CHLORIDE 0.45% W-V I.V INFUSION,SODIUM CHLORIDE,500,ml,Generic,Prescription,KUWAIT SAUDI PHARMACEUTICAL INDUSTRIES,Kuwait,Valid,8/21/2024,,
SODIUM CHLORIDE 0.45% AND GLUCOSE 5% I.V,"DEXTROSE,SODIUM CHLORIDE",500,ml,Generic,Prescription,GULF INJECT,United Arab Emirates,Valid,11/9/2022,,
SODIUM CHLORIDE 0.225&+DEXTROSE5%I.V INF,"DEXTROSE,SODIUM CHLORIDE",500,ml,Generic,Prescription,KUWAIT SAUDI PHARMACEUTICAL INDUSTRIES,Kuwait,Valid,8/21/2024,,
SODIUM ACETATE F.T.V.40mEq,ACETATE SODIUM,20,ml,Generic,Prescription,HOSPIRA,United States,Valid,1/30/2025,,
SOD.CHLORIDE 0.9% FOR IRRIGATION,SODIUM CHLORIDE,1000,ml,Generic,Prescription,McGAW,United States,Valid,8/29/2022,,
SOD.CHLORIDE 0.9% FOR IRRIGATION,SODIUM CHLORIDE,4000,ml,Generic,Prescription,McGAW,United States,Valid,8/29/2022,,
SOD.CHLORIDE 0.9% FOR IRRIGATION,SODIUM CHLORIDE,500,ml,Generic,Prescription,McGAW,United States,Valid,8/29/2022,,
SOD.CHLORIDE 0.9% FOR IRRIGATION,SODIUM CHLORIDE,2000,ml,Generic,Prescription,McGAW,United States,Valid,8/29/2022,,
SOD.CHLORIDE 0.45% INJ.,SODIUM CHLORIDE,1000,ml,Generic,Prescription,McGAW,United States,Valid,8/29/2022,,
SOD.CHLORIDE 0.45% INJ.,SODIUM CHLORIDE,1000,ml,Generic,Prescription,McGAW,United States,Valid,8/29/2022,,
SOD.CHLORIDE 0.45% INJ.,SODIUM CHLORIDE,500,ml,Generic,Prescription,McGAW,United States,Valid,8/29/2022,,
SOD.CHLORIDE 0.45% INJ.,SODIUM CHLORIDE,500,ml,Generic,Prescription,McGAW,United States,Valid,8/29/2022,,
SOD.CHLORIDE 0.9% INJ,SODIUM CHLORIDE,1000,ml,Generic,Prescription,McGAW,United States,Valid,8/29/2022,,
SOD.CHLORIDE 0.9% INJ,SODIUM CHLORIDE,100,ml,Generic,Prescription,McGAW,United States,Valid,8/29/2022,,
SOD.CHLORIDE 0.9% INJ,SODIUM CHLORIDE,50,ml,Generic,Prescription,McGAW,United States,Valid,8/29/2022,,
SOD.CHLORIDE 0.9% INJ,SODIUM CHLORIDE,500,ml,Generic,Prescription,McGAW,United States,Valid,8/29/2022,,
SOD.CHLORIDE 0.9% INJ,SODIUM CHLORIDE,500,ml,Generic,Prescription,McGAW,United States,Valid,8/29/2022,,
SOD.CHLORIDE 0.9% INJ,SODIUM CHLORIDE,1000,ml,Generic,Prescription,McGAW,United States,Valid,8/29/2022,,
SOD.CHLORIDE 0.9% INJ,SODIUM CHLORIDE,50,ml,Generic,Prescription,McGAW,United States,Valid,8/29/2022,,
LACTATED RINGERS INJECTION USP 500 ML,"SODIUM CHLORIDE,POTASSIUM CHLORIDE, CALCIUM CHLORIDE,SODIUM LACTATE",500,ml,Generic,Prescription,KUWAIT SAUDI PHARMACEUTICAL INDUSTRIES,Kuwait,Valid,7/21/2024,,
CLIMEN TABLETS,"CYPROTERONE ACETATE,ESTRADIOL",-,-,NCE,Prescription,BAYER WEIMAR GmbH UND CO. KG,Germany,Valid,10/16/2024,,
CLENIL FORTE 250MCG PUFF METERED INHALER,BECLOMETHASONE DIPROPIONATE,-,-,NCE,Prescription,CHIESI FARMACEUTICIS,Italy,Valid,4/24/2025,,
CLAVODAR 625GM FILM COATED TABLET,"AMOXICILLIN,CLAVULANIC ACID",-,-,Generic,Prescription,DAR ALDAWA,Jordan,Valid,1/16/2025,,
CLAVODAR 457MG/5ML SUSPENSION,"AMOXICILLIN,CLAVULANIC ACID",70,ml,Generic,Prescription,DAR ALDAWA,Jordan,Valid,11/18/2022,,
CLAVODAR 1GM F.C. TABLETS,"AMOXICILLIN,CLAVULANIC ACID",-,-,Generic,Prescription,DAR ALDAWA,Jordan,Valid,4/24/2025,,
CLARIVA 250 MG TABLET,CLARITHROMYCIN,-,-,Generic,Prescription,OMAN PHARMACEUTICAL PRODUCTS,Oman,Valid,8/29/2022,,
CLINIMYCIN-T,CLINDAMYCIN PHOSPHATE,50,ml,Generic,Prescription,HAYAT PHARMACEUTICAL INDUSTRIES,Jordan,Valid,8/29/2022,,
CLOPIXOL-ACUPHASE 50MG-ML OILY AMP,ZUCLOPENTHIXOL ACETATE,1,ml,NCE,Prescription,H. LUNDBECK,Denmark,Valid,8/29/2022,,
CLOPIXOL-ACUPHASE 50MG-ML OILY AMP,ZUCLOPENTHIXOL ACETATE,2,ml,NCE,Prescription,H. LUNDBECK,Denmark,Valid,8/1/2022,,
CLOPIXOL TABS 25MG,ZUCLOPENTHIXOL,-,-,NCE,Prescription,H. LUNDBECK,Denmark,Valid,8/29/2022,,
CLOPIXOL TABS 10MG,ZUCLOPENTHIXOL,-,-,NCE,Prescription,H. LUNDBECK,Denmark,Valid,8/29/2022,,
CLOPIXOL INJ 10MG-ML,ZUCLOPENTHIXOL,1,ml,NCE,Prescription,H. LUNDBECK,Denmark,Valid,8/29/2022,,
CLOPIXOL DEPOT INJ 500MG-ML OILY AMP,ZUCLOPENTHIXOL DECANOATE,1,ml,NCE,Prescription,H. LUNDBECK,Denmark,Valid,8/28/2024,,
CLOFAST 1% GEL,DICLOFENAC SODIUM,20,g,Generic,OTC,OMAN PHARMACEUTICAL PRODUCTS,Oman,Valid,8/29/2022,,
CLODERM 0.05% OINTMENT,CLOBETASOL PROPIONATE,25,g,Generic,Prescription,UNITED PHARMACEUTICAL COMPANY,Jordan,Valid,8/29/2022,,
CLODERM 0.05% CREAM,CLOBETASOL PROPIONATE,25,g,Generic,Prescription,UNITED PHARMACEUTICAL COMPANY,Jordan,Valid,8/29/2022,,
CLOBESON,CLOBETASONE BUTYRATE,15,g,Generic,Prescription,OMAN PHARMACEUTICAL PRODUCTS,Oman,Valid,8/29/2022,,
CLOPIXOL DEPOT INJ 200MG-ML,ZUCLOPENTHIXOL DECANOATE,1,ml,NCE,Prescription,H. LUNDBECK,Denmark,Valid,5/19/2025,,
CLORACEF 250MG/5ML SUSP,CEFACLOR,75,ml,Generic,Prescription,DAR ALDAWA,Jordan,Valid,4/24/2025,,
CITANEST 3% DENTAL OCTAPRESSIN CARTRIDGE,"PRILOCAINE,FELYPRESSIN",1.8,ml,NCE,Prescription,PIERREL,Italy,Valid,7/8/2025,,
CITALOPRAM HEXAL 40MG F.C. TABLETS,CITALOPRAM,-,-,Generic,Prescription,HEXAL,Germany,Valid,5/13/2024,,
CITALOPRAM HEXAL 20MG F.C. TABLETS,CITALOPRAM,-,-,Generic,Prescription,HEXAL,Germany,Valid,5/13/2024,,
CISPLATIN 0.5MG-ML INJ.,CISPLATIN,100,ml,Generic,Prescription, Fareva Unterach GmbH ,Austria,Valid,5/13/2024,,
CISPLATIN 0.5MG-ML INJ.,CISPLATIN,20,ml,Generic,Prescription, Fareva Unterach GmbH ,Austria,Valid,5/13/2024,,
CLARIDAR,CLARITHROMYCIN,60,ml,Generic,Prescription,DAR ALDAWA,Jordan,Suspended,8/29/2022,,
CLARAZOLE 2% CREAM,KETOCONAZOLE,30,g,Generic,Prescription,MEDPHARMA PHARMACEUTICAL & CHEMICAL INDUSTRIES,United Arab Emirates,Valid,8/17/2023,,
CLARAZOLE 2% SHAMPOO,KETOCONAZOLE,100,ml,Generic,Prescription,MEDPHARMA PHARMACEUTICAL & CHEMICAL INDUSTRIES,United Arab Emirates,Valid,8/17/2023,,
CLORACEF 375MG- 5ML SUSPENSION,CEFACLOR,-,-,Generic,Prescription,DAR ALDAWA,Jordan,Valid,4/24/2025,,
CONCOR COR,BISOPROLOL FUMARATE,-,-,NCE,Prescription,Merck Healthcare KGaA,Germany,Valid,6/6/2023,,
CONCOR 5 PLUS F.C. TABLETS,"HYDROCHLOROTHIAZIDE,BISOPROLOL FUMARATE",-,-,NCE,Prescription,MERCK HEALTHCARE KGAA,Germany,Valid,6/19/2025,,
CONCOR,BISOPROLOL FUMARATE,-,-,NCE,Prescription,Merck Healthcare KGaA,Germany,Valid,6/6/2023,,
CONCOR,BISOPROLOL FUMARATE,-,-,NCE,Prescription,Merck Healthcare KGaA,Germany,Valid,10/16/2024,,
CONCERTA EXTENDED RELEASE 36MG TABLET,METHYLPHENIDATE,-,-,Generic,Prescription,JANSSEN-CILAG,United States,Valid,2/17/2025,,
CONCERTA EXTENDED RELEASE 18MG TABLET,METHYLPHENIDATE,-,-,Generic,Prescription,JANSSEN-CILAG,United States,Valid,2/17/2025,,
CONTRACTUBEX,"HEPARIN SODIUM,LIQUID EXTRACT FROM ONION,ALLANTOIN",50,g,NCE,Prescription,MERZ PHARMACEUTICAL,Germany,Valid,11/12/2024,,
CONTRACTUBEX,"HEPARIN SODIUM,LIQUID EXTRACT FROM ONION,ALLANTOIN",20,g,NCE,Prescription,MERZ PHARMACEUTICAL,Germany,Valid,11/12/2024,,
COVERAM 5MG-10MG TABLETS,"AMLODIPINE BESILATE,PERINDOPRIL ARGININE",-,-,Generic,Prescription,SERVIER,Ireland,Valid,10/31/2022,,
COVERAM 10MG-5MG TABLETS,"AMLODIPINE BESILATE,PERINDOPRIL ARGININE",-,-,Generic,Prescription,SERVIER,Ireland,Valid,3/13/2023,,
COVERAM 10MG-10MG TABLETS,"AMLODIPINE BESILATE,PERINDOPRIL ARGININE",-,-,Generic,Prescription,SERVIER,Ireland,Valid,10/31/2022,,
COSMOFER 625MG-2ML AMPOULES,IRON DEXTRAN,2,ml,Generic,Prescription,WEIMER PHARMA GMBH,Germany,Valid,8/31/2022,,
CO-RENITEC,"ENALAPRIL MALEATE,HYDROCHLOROTHIAZIDE",-,-,NCE,Prescription,Organon Pharma (UK) Limited ,United Kingdom,Valid,2/15/2023,,
CORDARONE 150MG-3ML AMP.,AMIODARONE,3,ml,NCE,Prescription,sanofi-aventis,France,Valid,11/26/2024,,
COPEGUS 200 MG FILM COATED TABLET,RIBAVIRIN,-,-,NCE,Prescription,PATHEON,Canada,Valid,8/29/2022,,
CLORACEF FORTE,CEFACLOR,-,-,NCE,Prescription,DAR ALDAWA,Jordan,Valid,9/14/2023,,
COBAL 500MCG TAB,METHYLCOBALAMIN,-,-,Generic,OTC,The Jordanian Pharmaceutical Manufacturing Medical Equipment Co. Ltd. (JPM),Jordan,Valid,4/23/2025,,
Co-Aprovel 150-12.5 MG TABLET,"IRBESARTAN,HYDROCHLOROTHIAZIDE",-,-,NCE,Prescription,sanofi-aventis,France,Valid,5/30/2024,,
CO-DIOVAN,"VALSARTAN,HYDROCHLOROTHIAZIDE",-,-,NCE,Prescription,NOVARTIS,Italy,Valid,5/5/2024,,
CO-DIOVAN,"VALSARTAN,HYDROCHLOROTHIAZIDE",-,-,NCE,Prescription,NOVARTIS,Italy,Valid,5/5/2024,,
CO AMOX  1000MG F.C. TABLETS,"AMOXICILLIN,CLAVULANIC ACID",-,-,Generic,Prescription,SANDOZ,Austria,Valid,3/20/2023,,
CLOTRIM 100 MG VAGINAL TABLETS,CLOTRIMAZOLE,-,-,Generic,OTC,JORDAN RIVER PHARMACEUTICAL INDUSTRIES,Jordan,Valid,3/6/2025,,
CLOTREX,CLOTRIMAZOLE,20,ml,Generic,OTC,HAYAT PHARMACEUTICAL INDUSTRIES,Jordan,Valid,8/29/2022,,
CO-DIOVAN,"VALSARTAN,HYDROCHLOROTHIAZIDE",-,-,NCE,Prescription,NOVARTIS,Italy,Valid,2/16/2023,,
CO-DIOVAN,"VALSARTAN,HYDROCHLOROTHIAZIDE",-,-,NCE,Prescription,NOVARTIS,Italy,Valid,2/16/2023,,
CO-DIOVAN,"VALSARTAN,HYDROCHLOROTHIAZIDE",-,-,NCE,Prescription,NOVARTIS,Italy,Valid,2/16/2023,,
COMPOUND SODIUM LACTATE I.V INFUSION,SODIUM LACTATE,500,ml,Generic,Prescription,GULF INJECT,United Arab Emirates,Valid,8/22/2024,,
COMBIVIR F.C TAB,"LAMIVUDINE,ZIDOVUDINE",-,-,NCE,Prescription,Glaxo Operations UK Limited ,United Kingdom,Valid,6/9/2024,,
COLPERMIN 187MG CAPS,PEPPERMINT OIL,-,-,Generic,OTC,SwissCo Services AG ,Switzerland,Valid,10/16/2024,,
COLOPATHIL3.39 G SACHET,"ATTAPULGITE,ATTAPULGITE, MAGNESIUM ALUMIRIUM SILIEATE",3.39,g,Generic,Prescription,GALENICA,Morocco,Valid,11/15/2022,,
COLI-URINAL effervescent granules,"KHELLIN,METHENAMINE,PIPERAZINE",60,g,Generic,Prescription,MISR COMPANY FOR MEDICAL PRODUCTS,Egypt,Valid,4/23/2025,,
COMBIGAN,"TIMOLOL MALEATE,BRIMONIDINE TARTRATE",5,ml,NCE,Prescription,ALLERGAN PHARMACEUTICALS LTD,Ireland,Valid,7/9/2025,,
COVERAM 5MG-5MG TABLETS,"AMLODIPINE BESILATE,PERINDOPRIL ARGININE",-,-,Generic,Prescription,SERVIER,Ireland,Valid,10/31/2022,,
CEFUREX 250MG-5ML POWDER FOR SUSPENSION,CEFUROXIME AXETIL,50,ml,Generic,Prescription,SPIMACO,Jordan,Valid,8/29/2022,,
CEFUREX 250MG F-C TABLETS ,CEFUROXIME AXETIL,-,-,Generic,Prescription,SPIMACO,Jordan,Valid,8/29/2022,,
CEFUREX 125MG-5ML POWDER FOR SUSPENSION,CEFUROXIME AXETIL,50,ml,Generic,Prescription,SPIMACO,Jordan,Valid,8/29/2022,,
CEFRAX 400MG CAPSULES,CEFIXIME,-,-,Generic,Prescription,NATIONAL PHARMACEUTICAL INDUSTRIES CO,Oman,Valid,8/29/2022,,
CEFRAX 200MG CAPSULES,CEFIXIME,-,-,Generic,Prescription,NATIONAL PHARMACEUTICAL INDUSTRIES CO,Oman,Valid,8/29/2022,,
CEFRAX 100MG/5ML POWDER FOR ORAL SUSPENSION,CEFIXIME,30,ml,Generic,Prescription,NATIONAL PHARMACEUTICAL INDUSTRIES CO,Oman,Valid,8/29/2022,,
CEFRAMED 500MG CAPSULES,CEFRADINE,-,-,Generic,Prescription,MEDPHARMA PHARMACEUTICAL & CHEMICAL INDUSTRIES,United Arab Emirates,Valid,8/17/2023,,
CEFPROZ 250MG-5ML POWDR FOR ORAL SUSP,CEFPROZIL,50,ml,Generic,Prescription,MEDPHARMA PHARMACEUTICAL & CHEMICAL INDUSTRIES,United Arab Emirates,Valid,8/17/2023,,
CEFPROZ 250MG/5ML POWDER FOR ORAL SUSPENSION,CEFPROZIL,100,ml,Generic,Prescription,MEDPHARMA PHARMACEUTICAL & CHEMICAL INDUSTRIES,United Arab Emirates,Valid,6/19/2025,,
CEFUREX 500MG F-C TABLETS ,CEFUROXIME AXETIL,-,-,Generic,Prescription,SPIMACO,Jordan,Valid,8/29/2022,,
CEFUTIL 250MG F.C TABLET,CEFUROXIME AXETIL,-,-,Generic,Prescription,Pharma International Co.,Jordan,Valid,12/29/2024,,
CEFUTIL 500 MG TABLETS,CEFUROXIME AXETIL,-,-,Generic,Prescription,Pharma International Co.,Jordan,Valid,12/29/2024,,
CEFPROZ 125MG-5ML POWDER FOR ORAL SUSP,CEFPROZIL,50,ml,Generic,Prescription,MEDPHARMA PHARMACEUTICAL & CHEMICAL INDUSTRIES,United Arab Emirates,Valid,8/17/2023,,
CEPHADAR CAPSULES 250MG,CEFALEXIN,-,-,Generic,Prescription,DAR ALDAWA,Jordan,Valid,3/30/2023,,
CENTRUM TABLET (ADVANCED FORMULA),"MINERALS, MULTIVITAMINS",-,-,Generic,OTC,WYETH,United States,Valid,11/20/2022,,
CELSENTRI 300MG F.C. TABLETS,MARAVIROC,-,-,NCE,Prescription,PFIZER,Germany,Valid,7/9/2025,,
CELSENTRI 150MG F.C. TABLETS,MARAVIROC,-,-,NCE,Prescription,PFIZER,Germany,Valid,7/9/2025,,
CELLCEPT 250 MG CAPS,MYCOPHENOLATE MOFETIL,-,-,NCE,Prescription,Delpharm Milano S.r.l,Italy,Valid,8/21/2024,,
CEPHADAR,CEFALEXIN,100,ml,Generic,Prescription,DAR ALDAWA,Jordan,Valid,8/29/2022,,
CEFOFIX 750 MG VIALS,CEFUROXIME SODIUM,-,-,Generic,Prescription,Al Hikma Pharmaceutical Portugal Lda,Portugal,Valid,8/21/2024,,
CEFODOX 200 MG FILM COATED TABLETS,CEFPODOXIME,-,-,Generic,Prescription,Pharma International Co.,Jordan,Valid,12/29/2024,,
CEFAMAX 400MG CAPSULE,CEFIXIME,-,-,Generic,Prescription,NATIONAL PHARMACEUTICAL INDUSTRIES CO,Oman,Valid,8/29/2022,,
CEFAMAX 200MG CAPSULE,CEFIXIME,-,-,Generic,Prescription,NATIONAL PHARMACEUTICAL INDUSTRIES CO,Oman,Valid,8/29/2022,,
CEECAL EFFERVESCENT TABLETS,"ASCORBIC ACID,CALCIUM CARBONATE,COLECALCIFEROL,PYRIDOXINE (VITAMIN B6)",-,-,Generic,Prescription,Jordan Sweden Medical and Sterilization Co.,Jordan,Valid,2/28/2024,,
CECLOR MR 750 MG TAB,CEFACLOR,-,-,Generic,Prescription,ACS Dobfar S.P.A,Italy,Valid,8/29/2022,,
CECLOR MR 500MG TAB,CEFACLOR,-,-,Generic,Prescription,ACS Dobfar S.P.A,Italy,Valid,8/29/2022,,
CECLOR MR 375 MG TAB,CEFACLOR,-,-,Generic,Prescription,ACS Dobfar S.P.A,Italy,Valid,8/29/2022,,
CECLOR 500MG CAPSULE,CEFACLOR,-,-,Generic,Prescription,ACS Dobfar S.P.A,Italy,Valid,8/29/2022,,
CECLOR 250MG CAPSULE,CEFACLOR,-,-,Generic,Prescription,ACS Dobfar S.P.A,Italy,Valid,8/29/2022,,
CECLOR 250 MG-5ML SUSP,CEFACLOR,75,ml,Generic,Prescription,ACS Dobfar S.P.A,Italy,Valid,8/29/2022,,
CEFAXON 1GM I.M+5 ML LIDOCAINE VIAL,CEFTRIAXONE,-,-,Generic,Prescription,Al Hikma Pharmaceutical Portugal Lda,Portugal,Valid,10/16/2022,,
CEFAXON 1GM I.V VIAL,CEFTRIAXONE,-,-,Generic,Prescription,Al Hikma Pharmaceutical Portugal Lda,Portugal,Valid,6/8/2023,,
CEFAXON 500 MG I.M+5 ML LIDOCAINE VIAL,CEFTRIAXONE,-,-,Generic,Prescription,Al Hikma Pharmaceutical Portugal Lda,Portugal,Valid,8/11/2022,,
CEFODOX 100MG-5ML SUSPENSION,CEFPODOXIME,100,ml,NCE,Prescription,Pharma International Co.,Jordan,Valid,12/29/2024,,
CEFIZOX 1000 VIAL I-V,CEFTIZOXIME,-,-,Generic,Prescription,Hikma Farmaceutica,Portugal,Valid,10/5/2022,,
CEFIX 200MG CAPSULES,CEFIXIME,-,-,Generic,Prescription,Pharma International Co.,Jordan,Valid,12/29/2024,,
CEFIX 100MG-5ML SUSPENSION,CEFIXIME,60,ml,Generic,Prescription,Pharma International Co.,Jordan,Valid,1/29/2025,,
CEFIM 400MG CAPSULES,CEFIXIME,-,-,Generic,Prescription,OMAN PHARMACEUTICAL PRODUCTS,Oman,Valid,8/29/2022,,
CEFIM 200MG CAPSULES,CEFIXIME,-,-,Generic,Prescription,OMAN PHARMACEUTICAL PRODUCTS,Oman,Valid,8/29/2022,,
CEFAXON 500 MG I.V VIAL,CEFTRIAXONE,-,-,Generic,Prescription,Al Hikma Pharmaceutical Portugal Lda,Portugal,Valid,7/9/2025,,
CEFIX 400MG CAPSULES,CEFIXIME,-,-,Generic,Prescription,Pharma International Co.,Jordan,Valid,12/29/2024,,
CERAZETTE 75MCG TAB,DESOGESTREL,-,-,NCE,Prescription,MERCK SHARP & DOHME,Netherlands,Valid,8/29/2022,,
CIPROFLACIN 500 MG FILM COATED TABLETS,CIPROFLOXACIN,-,-,Generic,Prescription,Ram Pharmaceutical Industries,Jordan,Valid,9/15/2024,,
CIPROCIN 500MG TAB,CIPROFLOXACIN,-,-,Generic,Prescription,EIPICO,Egypt,Valid,2/10/2025,,
CIPROCIN 250MG TAB,CIPROFLOXACIN,-,-,Generic,Prescription,EIPICO,Egypt,Valid,2/10/2025,,
CIPROBAY 750MG TAB,CIPROFLOXACIN,-,-,NCE,Prescription,BAYER AG,Germany,Valid,10/20/2024,,
CIPROBAY 500MG TAB,CIPROFLOXACIN,-,-,NCE,Prescription,BAYER AG,Germany,Valid,10/20/2024,,
CIPROBAY 250MG TAB,CIPROFLOXACIN,-,-,NCE,Prescription,BAYER AG,Germany,Valid,10/20/2024,,
CIPROHEXAL 250MG F.C. TABLETS,CIPROFLOXACIN,-,-,Generic,Prescription,HEXAL,Germany,Valid,5/13/2024,,
CIPROHEXAL 500MG F.C. TABLETS,CIPROFLOXACIN,-,-,Generic,Prescription,HEXAL,Germany,Valid,5/13/2024,,
CIPROLET 250MG F.C. TABLETS,CIPROFLOXACIN,-,-,Generic,Prescription,DR. REDDY,India,Valid,8/29/2022,,
CIPROQUIN,CIPROFLOXACIN,-,-,Generic,Prescription,HAYAT PHARMACEUTICAL INDUSTRIES,Jordan,Valid,5/22/2025,,
CIPROMID 750MG F.C. TABLETS,CIPROFLOXACIN,-,-,Generic,Prescription,SPIMACO,Jordan,Valid,8/29/2022,,
CIPROMID 500MG F-C TABLET,CIPROFLOXACIN,-,-,Generic,Prescription,SPIMACO,Jordan,Valid,8/29/2022,,
CIPROBAY 200 mg solution for infusion,CIPROFLOXACIN,100,ml,NCE,Prescription,BAYER AG,Germany,Valid,2/28/2023,,
CIPROMID 250MG F-C TABLET,CIPROFLOXACIN,-,-,Generic,Prescription,SPIMACO,Jordan,Valid,8/29/2022,,
CIPROLON 200 VIAL 100ML,CIPROFLOXACIN,100,ml,Generic,Prescription,Hikma Pharmaceuticals PLC,Portugal,Valid,7/8/2025,,
CIPROLET 500MG F.C. TABLETS,CIPROFLOXACIN,-,-,Generic,Prescription,DR. REDDY,India,Valid,8/29/2022,,
CEPROTIN 500 IU POWDER FOR SOLUTION FOR INJECTION OR INFUSION,PROTEIN C,-,-,Biological,Prescription,TAKEDA MANUFACTURING AUSTRIA AG,Austria,Valid,12/18/2024,,
CIPRAM 20MG TAB,CITALOPRAM,-,-,NCE,Prescription,H. LUNDBECK,Denmark,Valid,9/4/2024,,
CIFLOX 500MG TABLET,CIPROFLOXACIN,-,-,Generic,Prescription,KUWAIT SAUDI PHARMACEUTICAL INDUSTRIES,Kuwait,Valid,1/16/2025,,
CETROTIDE 0.25MG POW. FOR SOLU. FOR INJ.,CETRORELIX,-,-,NCE,Prescription,FAREVA PAU,France,Valid,1/30/2025,,
CERVARIX VACCINE,"HUMAN PAPILLOMAVIRUS TYPE 18 L1 PROTEIN,HUMAN PAPILLOMAVIRUS TYPE 16 L1 PROTEIN",0.5,ml,Biological,Prescription,GLAXOSMITHKLINE (GSK),Belgium,Valid,1/24/2024,,
CERTICAN 0.75MG TABLETS,EVEROLIMUS,-,-,NCE,Prescription,NOVARTIS Pharma Stein AG,Switzerland,Valid,6/19/2025,,
CERTICAN 0.25MG TABLETS,EVEROLIMUS,-,-,NCE,Prescription,NOVARTIS Pharma Stein AG,Switzerland,Valid,10/16/2024,,
CERNEVIT,MULTIVITAMINS,5,ml,Generic,Prescription,FAREVA PAU 1,France,Valid,3/20/2023,,
CEREPAR,CINNARIZINE,-,-,NCE,Prescription,MERCKLE,Germany,Valid,8/29/2022,,
CEREPAR,CINNARIZINE,-,-,NCE,Prescription,MERCKLE,Germany,Valid,8/1/2022,,
CETROTIDE 3MG POW. FOR SOLU. FOR INJ.,CETRORELIX,3,ml,NCE,Prescription,BAXTER ONCOLOGY,Germany,Valid,8/31/2022,,
CEVITAN EFFERVESCENT TAB,ASCORBIC ACID,-,-,Generic,OTC,SOBARA,Belgium,Valid,8/29/2022,,
CEVITIL 1 g effervescent tablet,ASCORBIC ACID,-,-,Generic,OTC,EIPICO,Egypt,Valid,8/29/2022,,
CHAMPIX 0.5 MG F-C TAB,VARENICLINE,-,-,NCE,Prescription,Pfizer Italia S.R.L,Italy,Valid,1/29/2024,,
CIFLOX 250MG TABLET,CIPROFLOXACIN,-,-,Generic,Prescription,KUWAIT SAUDI PHARMACEUTICAL INDUSTRIES,Kuwait,Valid,1/16/2025,,
CIFLOX 200MG-100ML I.V. INFUSION,CIPROFLOXACIN,200,ml,Generic,Prescription,Al Hikma Pharmaceutical Portugal Lda,Portugal,Valid,4/24/2025,,
CHORIOMON 5000 I.U VIAL+AMP OF SOLVENT,GONADOTROPHIN CHORIONIC HUMAN,-,-,Biological,Prescription,IBSA INSTITUTE BIOCHIMIQUE S.A,Switzerland,Valid,4/24/2025,,
CHAMPIX 1MG F-C TABLETS,VARENICLINE,-,-,NCE,Prescription,Pfizer Italia S.R.L,Italy,Valid,1/29/2024,,
CHAMPIX 1MG F-C TABLETS,VARENICLINE,-,-,NCE,Prescription,Pfizer Italia S.R.L,Italy,Valid,1/29/2024,,
CHAMPIX 0.5 MG 11 tablets +1 MG 14 tablets,VARENICLINE,-,-,NCE,Prescription,Pfizer Italia S.R.L,Italy,Valid,1/29/2024,,
COVERSYL 10MG F.C. TABLETS,PERINDOPRIL ARGININE,-,-,NCE,Prescription,SERVIER,Ireland,Valid,8/29/2022,,
COVERSYL 5MG F.C. TABLETS,PERINDOPRIL ARGININE,-,-,NCE,Prescription,SERVIER,Ireland,Valid,8/1/2022,,
DEXTROSE 10%,DEXTROSE,1000,ml,Generic,Prescription,McGAW,United States,Valid,8/31/2022,,
DEXTROSE 10%,DEXTROSE,500,ml,Generic,Prescription,McGAW,United States,Valid,8/31/2022,,
DEXTROSE 10%,DEXTROSE,500,ml,Generic,Prescription,McGAW,United States,Valid,8/31/2022,,
DEXTROSE +SOD.CHLORIDE,"DEXTROSE,SODIUM CHLORIDE",1000,ml,Generic,Prescription,McGAW,United States,Valid,11/9/2022,,
DEXTROSE +LACTATED RINGER,"DEXTROSE, LACTATED RINGER(S) SOLUTION",1000,ml,Generic,Prescription,McGAW,United States,Valid,8/31/2022,,
DEXTROSE +LACTATED RINGER,"DEXTROSE, LACTATED RINGER(S) SOLUTION",500,ml,Generic,Prescription,McGAW,United States,Valid,8/31/2022,,
DEXTROSE +LACTATED RINGER,"DEXTROSE, LACTATED RINGER(S) SOLUTION",1000,ml,Generic,Prescription,McGAW,United States,Valid,8/31/2022,,
DEXTROSE +LACTATED RINGER,"DEXTROSE, LACTATED RINGER(S) SOLUTION",500,ml,Generic,Prescription,McGAW,United States,Valid,8/31/2022,,
DEXTROSE + SOD.CHLORIDE,"DEXTROSE,SODIUM CHLORIDE",1000,ml,Generic,Prescription,McGAW,United States,Valid,11/9/2022,,
DEXTROSE 10% SOLUTION FOR INJ,DEXTROSE,500,ml,Generic,Prescription,KUWAIT SAUDI PHARMACEUTICAL INDUSTRIES,Kuwait,Valid,8/21/2024,,
DEXTROSE + SOD.CHLORIDE,"DEXTROSE,SODIUM CHLORIDE",500,ml,Generic,Prescription,McGAW,United States,Valid,11/9/2022,,
DEXTROSE + SOD.CHLORIDE,"DEXTROSE,SODIUM CHLORIDE",500,ml,Generic,Prescription,McGAW,United States,Valid,11/9/2022,,
DEXTROSE + SOD.CHLORIDE,"DEXTROSE,SODIUM CHLORIDE",500,ml,Generic,Prescription,McGAW,United States,Valid,11/9/2022,,
DEXTROKUF 15MG\5ML SYRUP,DEXTROMETHORPHAN,100,ml,Generic,Prescription,KUWAIT SAUDI PHARMACEUTICAL INDUSTRIES,Kuwait,Valid,3/20/2024,,
DEXTRAN 70 6% IN 0.9% NACL,"DEXTRAN 70,SODIUM CHLORIDE",500,ml,Generic,Prescription,McGAW,United States,Valid,12/1/2022,,
DEXTRAN 40 10% IN NORMAL SALINE,DEXTRAN 40,500,ml,Generic,Prescription,KUWAIT SAUDI PHARMACEUTICAL INDUSTRIES,Kuwait,Valid,8/31/2022,,
DEXTROSE + SOD.CHLORIDE,"DEXTROSE,SODIUM CHLORIDE",1000,ml,Generic,Prescription,McGAW,United States,Valid,11/9/2022,,
DEXTROSE + SOD.CHLORIDE,"DEXTROSE,SODIUM CHLORIDE",1000,ml,Generic,Prescription,McGAW,United States,Valid,11/9/2022,,
DEXTROSE + SOD.CHLORIDE,"DEXTROSE,SODIUM CHLORIDE",500,ml,Generic,Prescription,McGAW,United States,Valid,11/9/2022,,
DEXTROSE + SOD.CHLORIDE,"DEXTROSE,SODIUM CHLORIDE",1000,ml,Generic,Prescription,McGAW,United States,Valid,11/9/2022,,
DEXTROSE 5% I.V INFUSION,DEXTROSE,500,ml,Generic,Prescription,KUWAIT SAUDI PHARMACEUTICAL INDUSTRIES,Kuwait,Valid,8/21/2024,,
DEXTROSE 5%,DEXTROSE,1000,ml,Generic,Prescription,McGAW,United States,Valid,8/31/2022,,
DEXTROSE 5%,DEXTROSE,250,ml,Generic,Prescription,McGAW,United States,Valid,8/31/2022,,
DEXTROSE 5%,DEXTROSE,500,ml,Generic,Prescription,McGAW,United States,Valid,8/31/2022,,
DEXTROSE 5%,DEXTROSE,500,ml,Generic,Prescription,McGAW,United States,Valid,8/31/2022,,
DEXTROSE 5%,DEXTROSE,50,ml,Generic,Prescription,McGAW,United States,Valid,8/31/2022,,
DEXTROSE 40%,DEXTROSE,1000,ml,Generic,Prescription,McGAW,United States,Valid,8/31/2022,,
DEXTROSE 20%,DEXTROSE,500,ml,Generic,Prescription,McGAW,United States,Valid,8/31/2022,,
DEXTROSE 5%,DEXTROSE,1000,ml,Generic,Prescription,McGAW,United States,Valid,8/31/2022,,
DAKTACORT CREAM 20MG-GM,"MICONAZOLE NITRATE,HYDROCORTISONE",15,g,NCE,Prescription,JANSSEN PHARMACEUTICA N.V.,Belgium,Valid,12/9/2024,,
DAIVONEX OINT. 50MCG-G,CALCIPOTRIENE,30,g,NCE,Prescription,Leo Pharma,Denmark,Valid,5/11/2025,,
DAIVONEX CREAM 50MCG-G,CALCIPOTRIENE,30,g,NCE,Prescription,Leo Pharma,Denmark,Valid,8/1/2022,,
DAIVOBET OINTMENT,"BETAMETHASONE DIPROPIONATE,Calcipotriol",60,g,NCE,Prescription,Leo Laboratories Limited,Ireland,Valid,3/5/2023,,
DAIVOBET GEL,"BETAMETHASONE DIPROPIONATE,Calcipotriol",60,g,NCE,Prescription,Leo Laboratories Limited,Ireland,Valid,3/5/2023,,
DAFLON 500MG TAB,"DIOSMIN,HESPERIDIN",-,-,NCE,Prescription,LES LABORATOIRES SERVIER INDUSTRIE,France,Valid,4/6/2025,,
DAKTARIN CREAM 2%,MICONAZOLE NITRATE,30,g,NCE,OTC,JANSSEN PHARMACEUTICA N.V.,Belgium,Valid,12/4/2023,,
DAKTARIN ORAL GEL 2%,MICONAZOLE NITRATE,40,g,NCE,OTC,JANSSEN PHARMACEUTICA N.V.,Belgium,Valid,6/26/2024,,
DAKTARIN POWDER 2%,MICONAZOLE NITRATE,20,g,NCE,OTC,LUSOMEDICAMENTA,Portugal,Valid,8/29/2022,,
DAROXIME,CEFUROXIME AXETIL,-,-,Generic,Prescription,DAR ALDAWA,Jordan,Valid,4/24/2025,,
DAROXIME 250 mg film-coated tablet,CEFUROXIME AXETIL,-,-,Generic,Prescription,DAR ALDAWA,Jordan,Valid,8/29/2022,,
DAONIL 5MG TAB,GLIBENCLAMIDE,-,-,NCE,Prescription,SANOFI WINTHROP INDUSTRIE,France,Valid,11/26/2024,,
DANSETRON 2MG\ML AMP. FOR I.V INJECTION,ONDANSETRON,4,ml,Generic,Prescription,Hikma Farmaceutica,Portugal,Valid,8/18/2024,,
DALACIN-C 150 mg/ml ampoule,CLINDAMYCIN PHOSPHATE,4,ml,NCE,Prescription,PFIZER,Belgium,Valid,8/31/2022,,
DALACIN-C 150 mg/ml ampoule,CLINDAMYCIN PHOSPHATE,2,ml,NCE,Prescription,PFIZER,Belgium,Valid,9/14/2023,,
DALACIN VAGINAL CREAM 2%,CLINDAMYCIN PHOSPHATE,40,g,Generic,Prescription,PHARMACIA UPJOHN,United States,Valid,4/24/2025,,
DALACIN T LOTION 1%,CLINDAMYCIN PHOSPHATE,30,ml,Generic,Prescription,PHARMACIA UPJOHN,United States,Valid,4/23/2025,,
DANSETRON 2 mg/ml solution for injection,ONDANSETRON,2,ml,Generic,Prescription,Hikma Farmaceutica,Portugal,Valid,8/18/2024,,
CURAM 1.2GM POW. FOR SOLN. FOR INJECTION- INFUSION,"AMOXICILLIN,CLAVULANIC ACID",20,ml,Generic,Prescription,SANDOZ,Austria,Valid,5/13/2024,,
CURACNE 40MG SOFT GELATIN CAPSULE,ISOTRETINOIN,-,-,Generic,Prescription,CATALENT,France,Valid,11/26/2024,,
CURACNE 20MG SOFT GELATIN CAPSULE,ISOTRETINOIN,-,-,Generic,Prescription,CATALENT,France,Valid,7/27/2025,,
CURACNE 10MG SOFT GELATIN CAPSULE,ISOTRETINOIN,-,-,Generic,Prescription,CATALENT,France,Valid,7/27/2025,,
CUPIDO,CLOPIDOGREL,-,-,Generic,Prescription,APOTEX,Canada,Valid,10/1/2023,,
CROTAPHIL 10% LOTION,CROTAMITON,50,ml,Generic,OTC,PHILADELPHIA PHARMACEUTICAL,Jordan,Valid,8/29/2022,,
CROTAPHIL 10% CREAM,CROTAMITON,25,g,Generic,OTC,PHILADELPHIA PHARMACEUTICAL,Jordan,Valid,8/29/2022,,
CRESTOR 20 MG FILM COATED TABLETS,ROSUVASTATIN,-,-,NCE,Prescription,IPR PHARMACEUTICALS,United States,Valid,4/6/2025,,
CRESTOR 10 MG FILM COATED TABLETS,ROSUVASTATIN,-,-,NCE,Prescription,IPR PHARMACEUTICALS,United States,Valid,10/1/2023,,
COZAAR 100 mg film-coated tablet,LOSARTAN POTASSIUM,-,-,Generic,Prescription,Organon Pharma (UK) Limited ,United Kingdom,Valid,7/29/2025,,
COZAAR,LOSARTAN POTASSIUM,-,-,NCE,Prescription,Organon Pharma (UK) Limited ,United Kingdom,Valid,7/29/2025,,
CURAM 156.25MG-5ML POWDER FOR SUSP,"AMOXICILLIN,CLAVULANIC ACID",100,ml,Generic,Prescription,SANDOZ,Austria,Valid,5/13/2024,,
CURAM 1GM TABLET,"AMOXICILLIN,CLAVULANIC ACID",-,-,Generic,Prescription,SANDOZ,Austria,Valid,5/13/2024,,
CURAM 312.5 MG-5ML POWDER FOR SUSP,"AMOXICILLIN,CLAVULANIC ACID",100,ml,Generic,Prescription,SANDOZ,Austria,Valid,5/13/2024,,
CYKLOKAPRON INJ 100MG-ML INJECTION,TRANEXAMIC ACID,5,ml,NCE,Prescription,Pfizer Manufacturing Belgium N.V.,Belgium,Valid,4/23/2025,,
C-VITAL 1G EFFERVESCENT TABLETS SUGAR FREE,ASCORBIC ACID,-,-,Generic,OTC,PHARMALINE,Lebanon,Valid,8/29/2022,,
CUTIVATE 0.005% ointment,FLUTICASONE PROPIONATE,30,g,NCE,Prescription,GLAXO,United Kingdom,Valid,8/29/2022,,
CURAM 625 MG F.C TAB,"AMOXICILLIN,CLAVULANIC ACID",-,-,Generic,Prescription,SANDOZ,Austria,Valid,5/13/2024,,
CURAM 600MG POW. FOR SOLN. FOR INJECTION- INFUSION,"AMOXICILLIN,CLAVULANIC ACID",20,ml,Generic,Prescription,SANDOZ,Austria,Valid,5/13/2024,,
CURAM 457MG-5ML POW. FOR ORAL SUSPENSION,"AMOXICILLIN,CLAVULANIC ACID",70,ml,Generic,Prescription,SANDOZ,Austria,Valid,5/13/2024,,
CUTIVATE 0.05% cream,FLUTICASONE PROPIONATE,30,g,NCE,Prescription,GLAXO,United Kingdom,Valid,8/29/2022,,
DERMOFUCIN 2% OINTMENT,FUSIDIC ACID,15,g,Generic,Prescription,Amman Pharmaceutical Industries (API),Jordan,Valid,12/15/2024,,
DERMOFUCIN 2% CREAM,FUSIDIC ACID,15,g,Generic,Prescription,Amman Pharmaceutical Industries (API),Jordan,Valid,12/15/2024,,
DERMOFIX 2% CREAM,SERTACONAZOLE NITRATE,20,g,NCE,Prescription,FERRER INTERNATIONAL,Spain,Valid,8/1/2022,,
DERMOCORT CREAM,"QUINOLINE,HYDROCORTISONE",20,g,Generic,Prescription,MISR COMPANY FOR MEDICAL PRODUCTS,Egypt,Valid,11/24/2022,,
DERMATIN SOLUTION 1%,CLOTRIMAZOLE,20,ml,Generic,OTC,PHARCO PHARMACEUTICAL,Egypt,Valid,6/19/2025,,
DERMATIN CREAM 1%,CLOTRIMAZOLE,12,g,Generic,OTC,PHARCO PHARMACEUTICAL,Egypt,Valid,2/10/2025,,
DERMAMED 0.05% OINTMENT,CLOBETASOL PROPIONATE,30,g,Generic,Prescription,MEDPHARMA PHARMACEUTICAL & CHEMICAL INDUSTRIES,United Arab Emirates,Valid,8/29/2022,,
DERMOVATE 0.05% SCALP APPLICATION,CLOBETASOL PROPIONATE,100,ml,NCE,Prescription,ASPEN Bad Oldesloe GmbH,Germany,Valid,8/29/2022,,
DEXANOL CREAM 30 GM,DEXPANTHENOL,30,g,Generic,OTC,OMAN PHARMACEUTICAL PRODUCTS,Oman,Valid,11/26/2024,,
DEXAMETHASONE SOD.PHOSPHATE 8MG-2ML AMP,DEXAMETHASONE SODIUM PHOSPHATE,2,ml,Generic,Prescription,EIPICO,Egypt,Valid,7/19/2023,,
DEXAMETHASONE SOD.PHOSPHATE 8MG-2ML AMP,DEXAMETHASONE SODIUM PHOSPHATE,2,ml,Generic,Prescription,EIPICO,Egypt,Valid,7/19/2023,,
DETRUSITOL RETARD 4 mg capsule,TOLTERODINE TARTRATE,-,-,NCE,Prescription,PFIZER,Italy,Valid,7/15/2025,,
DETRUSITOL RETARD 2 mg capsule,TOLTERODINE TARTRATE,-,-,NCE,Prescription,PFIZER,Italy,Valid,7/15/2025,,
DETRUSITOL 2 mg tablet,TOLTERODINE TARTRATE,-,-,NCE,Prescription,PFIZER,Italy,Valid,7/15/2025,,
DESFERAL VIAL 500MG,DEFEROXAMINE,-,-,NCE,Prescription,NOVARTIS PHARMA AG,Switzerland,Valid,10/9/2023,,
DEWAX 5MG-ML OTIC DROPS,DOCUSATE SODIUM,10,ml,Generic,Prescription,Amman Pharmaceutical Industries (API),Jordan,Valid,12/15/2024,,
DEPRAN 40 mg film-coated tablet,CITALOPRAM,-,-,Generic,Prescription,SPIMACO,Jordan,Valid,8/29/2022,,
DEPRAN 20 mg film-coated tablet,CITALOPRAM,-,-,Generic,Prescription,SPIMACO,Jordan,Valid,8/29/2022,,
DEFLAT 40 MG/ML ORAL DROPS,SIMETHICONE,50,ml,Generic,OTC,HAYAT PHARMACEUTICAL INDUSTRIES,Jordan,Valid,5/22/2025,,
DEFLAT,SIMETHICONE,30,ml,Generic,OTC,HAYAT PHARMACEUTICAL INDUSTRIES,Jordan,Valid,5/22/2025,,
DEFLAT,SIMETHICONE,-,-,Generic,OTC,HAYAT PHARMACEUTICAL INDUSTRIES,Jordan,Valid,5/22/2025,,
DECOZAL NASAL SPRAY,XYLOMETAZOLINE HYDROCHLORIDE,10,ml,Generic,OTC,Amman Pharmaceutical Industries (API),Jordan,Valid,12/15/2024,,
DECOZAL 0.1% NASAL DROPS,XYLOMETAZOLINE HYDROCHLORIDE,10,ml,Generic,OTC,Amman Pharmaceutical Industries (API),Jordan,Valid,12/15/2024,,
DECAPEPTYL DEPOT NOVUM 3.75MG VIAL+SOLVT,TRIPTORELIN,-,-,NCE,Prescription,FERRING,Sweden,Valid,2/27/2024,,
DECAPEPTYL CR 3.75MG SYRINGE,TRIPTORELIN,-,-,NCE,Prescription,FERRING,Germany,Valid,2/19/2025,,
DECAPEPTYL 0.1MG S.C. Injection*,TRIPTORELIN,-,-,NCE,Prescription,FERRING,Germany,Valid,2/6/2025,,
DECAL B12,"CHOLECALCIFEROL,CYANOCOBALAMIN,CALCIUM LEVULINATE",120,ml,NCE,OTC,ALAMRIAH FOR PHARMACEUTICALS INDUSTRIES,Egypt,Valid,4/24/2025,,
DECOZAL 0.05% NASAL DROPS,XYLOMETAZOLINE HYDROCHLORIDE,10,ml,Generic,OTC,Amman Pharmaceutical Industries (API),Jordan,Valid,12/15/2024,,
CECLOR 125MG-5ML SUSP,CEFACLOR,75,ml,Generic,Prescription,ACS Dobfar S.P.A,Italy,Valid,8/29/2022,,
DEPOVIT B12 1000 AMP 1ML,HYDROXOCOBALAMIN,1,ml,Generic,Prescription,ALAMRIAH FOR PHARMACEUTICALS INDUSTRIES,Egypt,Valid,2/19/2025,,
DEPO-PROVERA VIAL I-M 150MG-ML,MEDROXYPROGESTERONE ACETATE,3.3,ml,NCE,Prescription,PFIZER,Belgium,Valid,1/30/2025,,
DEPO MEDROL VIAL 40MG-ML SAS,METHYLPREDNISOLONE,1,ml,NCE,Prescription,PFIZER,Belgium,Valid,8/31/2022,,
DEPO MEDROL VIAL 40MG-ML SAS,METHYLPREDNISOLONE,2,ml,NCE,Prescription,PFIZER,Belgium,Valid,8/31/2022,,
DEPAKINE 400MG-4ML Powder for injection,VALPROATE SODIUM,-,-,NCE,Prescription,Sanofi S.r.l.,Italy,Valid,2/2/2025,,
CAVERJECT 20MCG VIAL,ALPROSTADIL,-,-,NCE,Prescription,PFIZER,Belgium,Valid,6/14/2023,,
ANTACID JEDCO 480MG CHEWABLE TABLETS,MAGALDRATE,-,-,Generic,OTC,JEDCO INTERNATIONAL PHARMACEUTICAL,Egypt,Suspended,4/17/2024,,
ANEXATE 0.5MG AMP 5ML,FLUMAZENIL,5,ml,NCE,Prescription,CENEXI,France,Valid,8/21/2024,,
ANDROGEL 1% GEL,TESTOSTERONE,-,-,NCE,Prescription,BESINS MANUFACTURING,Belgium,Valid,2/27/2024,,
ANDROCUR 50MG TAB,CYPROTERONE ACETATE,-,-,NCE,Prescription,BAYER WEIMAR GmbH UND CO. KG,Germany,Valid,1/2/2023,,
ANDREWS LIVER SALT SACHET 5GM,"SODIUM HYDROGEN CARBONATE,CITRIC ACID ANHYDROUS,MAGNESIUM SULFATE",-,-,Generic,OTC,SMIITHKLINE BEECHAM,United Kingdom,Valid,11/16/2022,,
ANAFLEX POWDER,POLYNOXYLIN,30,g,NCE,Prescription,GEISTLICH,Switzerland,Valid,8/1/2022,,
ANTIPLATE 75MG TAB,DIPYRIDAMOLE,-,-,Generic,Prescription,APM,Jordan,Valid,4/24/2025,,
ANZATAX 6MG-ML VIAL,PACLITAXEL,5,ml,NCE,Prescription,HOSPIRA AUSTRALIA ,Australia,Valid,7/14/2025,,
ANZATAX 6MG-ML VIAL,PACLITAXEL,25,ml,NCE,Prescription,HOSPIRA AUSTRALIA ,Australia,Valid,7/14/2025,,
APIMOL 0.5% EYE DROPS,TIMOLOL MALEATE,5,ml,Generic,Prescription,Amman Pharmaceutical Industries (API),Jordan,Valid,12/15/2024,,
APIMOL 0.25% EYE DROPS,TIMOLOL MALEATE,5,ml,Generic,Prescription,Amman Pharmaceutical Industries (API),Jordan,Valid,12/15/2024,,
APILLERG EYE DROPS,"ANTAZOLINE HYDROCHLORIDE,TETRAHYDROZOLINE",10,ml,Generic,OTC,Amman Pharmaceutical Industries (API),Jordan,Valid,12/15/2024,,
APIHIST EYE\NOSE DROP,"ANTAZOLINE PHOSPHATE,NAPHAZOLINE HYDROCHLORIDE",10,ml,Generic,Prescription,Amman Pharmaceutical Industries (API),Jordan,Valid,12/15/2024,,
APIGEN 0.3% EYE OINTEMENT,GENTAMICIN,5,g,Generic,Prescription,Amman Pharmaceutical Industries (API),Jordan,Valid,12/15/2024,,
APIGEN 0.3% E-E DROPS,GENTAMICIN,10,ml,Generic,Prescription,Amman Pharmaceutical Industries (API),Jordan,Valid,12/15/2024,,
APIFLOX 0.3% EYE DROPS,NORFLOXACIN,10,ml,NCE,Prescription,Amman Pharmaceutical Industries (API),Jordan,Valid,6/19/2025,,
APICROM 2% EYE DROPS,CROMOLYN SODIUM,10,ml,NCE,OTC,Amman Pharmaceutical Industries (API),Jordan,Valid,12/15/2024,,
APICORT FORTE 10MG-ML EYE SUSP.,PREDNISOLONE,10,ml,Generic,Prescription,Amman Pharmaceutical Industries (API),Jordan,Valid,12/15/2024,,
APICORT 0.12% EYE DROPS,PREDNISOLONE,10,ml,Generic,Prescription,Amman Pharmaceutical Industries (API),Jordan,Valid,12/15/2024,,
APICARPINE 4% EYE DROPS,PILOCARPINE HYDROCHLORIDE,10,ml,Generic,Prescription,Amman Pharmaceutical Industries (API),Jordan,Valid,12/15/2024,,
APICARPINE 2% EYE DROPS,PILOCARPINE HYDROCHLORIDE,10,ml,Generic,Prescription,Amman Pharmaceutical Industries (API),Jordan,Valid,12/15/2024,,
APIDRA SOLOSTAR 100 U- ML DISPOSABLE PEN,INSULIN GLULISINE,3,ml,Biological,Prescription,Sanofi aventis Deutschland GmbH,Germany,Valid,1/29/2025,,
AMRIZOLE SUSP 125MG-5ML,METRONIDAZOLE,120,ml,Generic,Prescription,ALAMRIAH FOR PHARMACEUTICALS INDUSTRIES,Egypt,Valid,10/16/2024,,
AMINOVEN,"AMINO ACIDS, SOURCE UNSPECIFIED",500,ml,Generic,Prescription,FRESENIUS KABI,Austria,Valid,8/1/2024,,
AMINOPLASMAL B BRAUN 10%,"TYROSINE,SERINE,PROLINE,GLUTAMIC ACID,ASPARTIC ACID,GLYCINE,ALANINE,ARGININE,TRYPTOPHAN,THREONINE,PHENYLALANINE,METHIONINE,LYSINE,LEUCINE,ISOLEUCINE5,VALINE,HISTIDINE",1000,ml,Generic,Prescription,B. BRAUN,Germany,Valid,11/26/2024,,
AMINOPLASMAL B BRAUN 10%,"TYROSINE,SERINE,PROLINE,GLUTAMIC ACID,ASPARTIC ACID,GLYCINE,ALANINE,ARGININE,TRYPTOPHAN,THREONINE,PHENYLALANINE,METHIONINE,LYSINE,LEUCINE,ISOLEUCINE5,VALINE,HISTIDINE",500,ml,Generic,Prescription,B. BRAUN,Germany,Valid,10/16/2024,,
AMINOPLASMAL 15 % I.V INFUSION SOLN,"TYROSINE,SERINE,GLUTAMIC ACID,ACETYLCYSTEINE,ASPARTIC ACID,PROLINE,ALANINE,HISTIDINE,VALINE,TRYPTOPHAN,THREONINE,PHENYLALANINE,METHIONINE,LYSINE,LEUCINE,ISOLEUCINE5,ARGININE,GLYCINE",1000,ml,Generic,Prescription,B. BRAUN,Germany,Valid,10/16/2024,,
AMINOPLASMAL 15 % I.V INFUSION SOLN,"TYROSINE,SERINE,GLUTAMIC ACID,ACETYLCYSTEINE,ASPARTIC ACID,PROLINE,ALANINE,HISTIDINE,VALINE,TRYPTOPHAN,THREONINE,PHENYLALANINE,METHIONINE,LYSINE,LEUCINE,ISOLEUCINE5,ARGININE,GLYCINE",500,ml,Generic,Prescription,B. BRAUN,Germany,Valid,11/26/2024,,
AMINOPHYLLINE INJ 250MG,AMINOPHYLLINE,10,ml,NCE,Prescription,HOSPIRA,United States,Valid,4/23/2025,,
AMOCLAN 1.2 GM VIAL,"AMOXICILLIN,CLAVULANIC ACID",-,-,Generic,Prescription,LABORATORIO REIG JOFRE,Spain,Suspended,12/29/2024,,
AMRIZOLE INJ 500MG-100ML BOTTLE,METRONIDAZOLE,100,ml,Generic,Prescription,ALAMRIAH FOR PHARMACEUTICALS INDUSTRIES,Egypt,Valid,11/26/2024,,
AMRIZOLE 500MG VAGINAL SUPPOSITORIES,METRONIDAZOLE,-,-,Generic,Prescription,ALAMRIAH FOR PHARMACEUTICALS INDUSTRIES,Egypt,Valid,11/26/2024,,
AMRIZOLE 250 Mg TABLET,METRONIDAZOLE,-,-,Generic,Prescription,ALAMRIAH FOR PHARMACEUTICALS INDUSTRIES,Egypt,Valid,12/6/2023,,
AMPIPLUS 1.5GM POWDER FOR INGECTION,"AMPICILLIN,SULBACTAM",1.5,g,Generic,Prescription,ANTIBIOTIC S.E,Romania,Valid,8/15/2023,,
AMOXIPLUS 1.2GM Powder for injection,"AMOXICILLIN,CLAVULANIC ACID",1.2,g,Generic,Prescription,ANTIBIOTIC S.E,Romania,Valid,9/14/2023,,
APO-DICLO 50 mg enteric-coated tablet,DICLOFENAC SODIUM,-,-,Generic,Prescription,APOTEX,Canada,Valid,8/29/2022,,
ATACAND 8 MG TAB,CANDESARTAN CILEXETIL,-,-,NCE,Prescription,AstraZeneca,Sweden,Valid,6/4/2025,,
ATACAND 32MG TABLETS,CANDESARTAN CILEXETIL,-,-,NCE,Prescription,AstraZeneca,Sweden,Valid,6/4/2025,,
ATACAND 16 MG TAB,CANDESARTAN CILEXETIL,-,-,NCE,Prescription,AstraZeneca,Sweden,Valid,6/4/2025,,
ASPICOT 100 MG E.C. TABLETS,ACETYLSALICYLIC ACID,-,-,Generic,OTC,PHARMALINE,Lebanon,Valid,2/4/2024,,
ASPICOT 100 MG E.C. TABLETS,ACETYLSALICYLIC ACID,-,-,Generic,OTC,PHARMALINE,Lebanon,Valid,2/26/2023,,
ASMADIL TABS 2MG,SALBUTAMOL,-,-,Generic,Prescription,APM,Jordan,Valid,8/29/2022,,
ASMADIL SYRUP,SALBUTAMOL,120,ml,Generic,Prescription,APM,Jordan,Valid,8/29/2022,,
ATACURE 50 MG per 5 ML,ATRACURIUM BESILATE,5,ml,Generic,Prescription,Hikma Pharmaceuticals PLC,Portugal,Valid,2/13/2025,,
ATACURE 25 MG per 2.5 ML,ATRACURIUM BESILATE,2.5,ml,Generic,Prescription,Hikma Pharmaceuticals PLC,Portugal,Valid,6/6/2024,,
ATAPINA 100MG FILM COATED TABLET,QUETIAPINE,-,-,Generic,Prescription,ACTAVIS,Malta,Valid,8/29/2022,,
ASACOL 800MG GASTRO-RESISTANT TABLETS,MESALAZINE,-,-,NCE,Prescription,WULFING PHARMA,Germany,Valid,8/29/2022,,
ATAPINA 300MG FILM COATED TABLET,QUETIAPINE,-,-,Generic,Prescription,ACTAVIS,Malta,Valid,8/29/2022,,
ATAPINA 25MG FILM COATED TABLET,QUETIAPINE,-,-,Generic,Prescription,ACTAVIS,Malta,Valid,8/29/2022,,
ATAPINA 200MG FILM COATED TABLET,QUETIAPINE,-,-,Generic,Prescription,ACTAVIS,Malta,Valid,8/29/2022,,
ASACOL 500MG SUPPOSITORIES,MESALAZINE,-,-,NCE,Prescription,WULFING PHARMA,Germany,Valid,8/29/2022,,
ARANESP 300MCG-0.6ML PRE-FILLED SYRINGE,DARBEPOETIN ALFA,0.6,ml,Biological,Prescription,AMGEN EUROPE B.V.,Netherlands,Valid,8/29/2022,,
ARANESP 20MCG-0.5ML PRE-FILLED SYRINGE,DARBEPOETIN ALFA,0.5,ml,Biological,Prescription,AMGEN EUROPE B.V.,Netherlands,Valid,8/29/2022,,
ARANESP 150MCG-0.3ML PRE-FILLED SYRINGE,DARBEPOETIN ALFA,0.3,ml,Biological,Prescription,AMGEN EUROPE B.V.,Netherlands,Valid,8/29/2022,,
ARANESP 10MCG-0.4ML PRE-FILLED SYRINGE,DARBEPOETIN ALFA,0.4,ml,Biological,Prescription,AMGEN EUROPE B.V.,Netherlands,Valid,8/29/2022,,
ARANESP 100MCG-0.5ML PRE-FILLED SYRINGE,DARBEPOETIN ALFA,0.5,ml,Biological,Prescription,AMGEN EUROPE B.V.,Netherlands,Valid,8/29/2022,,
APO-DOXY 100MG CAPS,DOXYCYCLINE,-,-,Generic,Prescription,APOTEX,Canada,Valid,6/19/2025,,
ARANESP 30MCG-0.3ML PRE-FILLED SYRINGE,DARBEPOETIN ALFA,0.3,ml,Biological,Prescription,AMGEN EUROPE B.V.,Netherlands,Valid,8/29/2022,,
ARANESP 40MCG-0.4ML PRE-FILLED SYRINGE,DARBEPOETIN ALFA,0.4,ml,Biological,Prescription,AMGEN EUROPE B.V.,Netherlands,Valid,8/29/2022,,
ARANESP 500MCG-1ML PRE-FILLED SYRINGE,DARBEPOETIN ALFA,1,ml,Biological,Prescription,AMGEN EUROPE B.V.,Netherlands,Valid,8/29/2022,,
ARANESP 50MCG-0.5ML PRE-FILLED SYRINGE,DARBEPOETIN ALFA,0.5,ml,Biological,Prescription,AMGEN EUROPE B.V.,Netherlands,Valid,8/29/2022,,
AROMASIN 25MG COATED TAB,EXEMESTANE,-,-,NCE,Prescription,PFIZER,Italy,Valid,6/1/2023,,
ARIMIDEX 1MG TAB,ANASTROZOLE,-,-,NCE,Prescription,AstraZeneca,United Kingdom,Valid,8/29/2022,,
ARBITEN PLUS,"VALSARTAN,HYDROCHLOROTHIAZIDE",-,-,Generic,Prescription,Jordan Sweden Medical and Sterilization Co.,Jordan,Valid,2/13/2025,,
ASACOL 400MG F.C TAB,MESALAZINE,-,-,NCE,Prescription,WULFING PHARMA,Germany,Valid,8/29/2022,,
ARBITEN PLUS,"VALSARTAN,HYDROCHLOROTHIAZIDE",-,-,Generic,Prescription,Jordan Sweden Medical and Sterilization Co.,Jordan,Valid,2/13/2025,,
ARBITEN 80MG FILM COATED TABLETS,VALSARTAN,-,-,Generic,Prescription,Jordan Sweden Medical and Sterilization Co.,Jordan,Valid,2/13/2025,,
ARBITEN 160MG FILM COATED TABLETS,VALSARTAN,-,-,Generic,Prescription,Jordan Sweden Medical and Sterilization Co.,Jordan,Valid,2/13/2025,,
ARAVA 20MG FILM COATED TABLETS,LEFLUNOMIDE,-,-,NCE,Prescription,Opella Healthcare International,France,Valid,8/21/2024,,
ARAVA 10MG FILM COATED TABLETS,LEFLUNOMIDE,-,-,NCE,Prescription,Opella Healthcare International,France,Valid,8/21/2024,,
ARAPENTA Injection*,"DIPHTHERIA TOXOID,TETANUS TOXOID,PERTUSSIS TOXOID,HEPATITIS B VIRUS HBSAG SURFACE ANTIGEN,HAEMOPHILUS INFLUENZAE TYPE B",0.5,ml,Biological,Prescription,"LG CHEM , OSONG PLANT",KOREA,Valid,11/24/2022,,
ARANESP 80MCG-0.4ML PRE-FILLED SYRINGE,DARBEPOETIN ALFA,0.4,ml,Biological,Prescription,AMGEN EUROPE B.V.,Netherlands,Valid,8/29/2022,,
ARANESP 60MCG-0.3ML PRE-FILLED SYRINGE,DARBEPOETIN ALFA,0.3,ml,Biological,Prescription,AMGEN EUROPE B.V.,Netherlands,Valid,8/29/2022,,
ARBITEN PLUS,"VALSARTAN,HYDROCHLOROTHIAZIDE",-,-,Generic,Prescription,Jordan Sweden Medical and Sterilization Co.,Jordan,Valid,2/13/2025,,
ACTEMRA 20 MG/ML Solution for injection/infusion ,TOCILIZUMAB,20,ml,NCE,Prescription,CHUGAI PHARMACEUTICAL CO LTD,Japan,Valid,2/29/2024,,
ACTEMRA 20 MG/ML Solution for injection/infusion ,TOCILIZUMAB,10,ml,NCE,Prescription,CHUGAI PHARMACEUTICAL CO LTD,Japan,Valid,2/29/2024,,
ACTEMRA 20 MG/ML Solution for injection/infusion ,TOCILIZUMAB,4,ml,NCE,Prescription,CHUGAI PHARMACEUTICAL CO LTD,Japan,Valid,2/29/2024,,
ACNELIN,TRETINOIN,30,g,Generic,Prescription,HAYAT PHARMACEUTICAL INDUSTRIES,Jordan,Valid,5/22/2025,,
ACLASTA 5MG-100ML SOLUTION FOR Infusion*,ZOLEDRONIC ACID,100,ml,Generic,Prescription,NOVARTIS,Switzerland,Valid,5/13/2024,,
ACTILYSE SET(2VLS+2SOLV&INFSET),ALTEPLASE,-,-,Biological,Prescription,BOEHRINGER INGELHEIM,Germany,Valid,2/6/2025,,
ADENOHARDT 6MG/2ML SOLUTION FOR INFUSION,ADENOSINE,2,ml,Generic,Prescription,CP PHARMACEUTICAL LIMITED,United Kingdom,Valid,5/25/2023,,
ADENOHARDT 30MG/10ML SOLUTION FOR INFUSION,ADENOSINE,10,ml,NCE,Prescription,CP PHARMACEUTICAL LIMITED,United Kingdom,Valid,8/31/2022,,
ADALAT 30MG LA TAB,NIFEDIPINE,-,-,NCE,Prescription,BAYER AG,Germany,Valid,10/5/2022,,
ACTRAPID PENFILL,INSULIN NEUTRAL,3,ml,Biological,Prescription,NOVO NORDISK,Denmark,Valid,8/29/2022,,
ACTRAPID,INSULIN NEUTRAL,10,ml,Biological,Prescription,NOVO NORDISK PRODUCTION S.A.S,France,Valid,12/17/2024,,
ACTOS 30MG TAB,PIOGLITAZONE,-,-,NCE,Prescription,APM,Jordan,Valid,10/16/2024,,
ACTOS 15MG TABLET,PIOGLITAZONE,-,-,NCE,Prescription,APM,Jordan,Valid,12/26/2023,,
ACULAR LS 0.4% OPHTHALMIC SOLUTION,KETOROLAC TROMETHAMINE,5,ml,NCE,Prescription,ALLERGAN PHARMACEUTICALS LTD,United States,Valid,6/19/2025,,
ACC LONG 600MG EFFERVESCENT TABLETS,ACETYLCYSTEINE,-,-,Generic,OTC,Hermes Pharma GmbH,Germany,Valid,5/13/2024,,
ACC 200MG POWDER FOR ORAL SOLUTION,ACETYLCYSTEINE,-,-,Generic,OTC,HEXAL,Germany,Valid,5/13/2024,,
ACETAB 25 MG TABLETS,CAPTOPRIL,-,-,Generic,Prescription,KUWAIT SAUDI PHARMACEUTICAL INDUSTRIES,Kuwait,Valid,1/16/2025,,
ACETAB 50 MG TABLETS,CAPTOPRIL,-,-,Generic,Prescription,KUWAIT SAUDI PHARMACEUTICAL INDUSTRIES,Kuwait,Valid,1/16/2025,,
ACID CONC. HAEMODIALYSIS KSP-06 (1+34),"SODIUM CHLORIDE,DEXTROSE,CALCIUM CHLORIDE,ACETIC ACID,POTASSIUM CHLORIDE,MAGNESIUM CHLORIDE",5,l,Generic,Prescription,KUWAIT SAUDI PHARMACEUTICAL INDUSTRIES,Kuwait,Valid,7/21/2024,,
ACID CONC. HAEMODIALYSIS KSP-05 (1+44),"SODIUM CHLORIDE,CALCIUM CHLORIDE,POTASSIUM CHLORIDE,ACETIC ACID,MAGNESIUM CHLORIDE",5,l,Generic,Prescription,KUWAIT SAUDI PHARMACEUTICAL INDUSTRIES,Kuwait,Valid,7/21/2024,,
ACID CONC. HAEMODIALYSIS KSP-04 (1+44),"SODIUM CHLORIDE,DEXTROSE,CALCIUM CHLORIDE,POTASSIUM CHLORIDE,ACETIC ACID,MAGNESIUM CHLORIDE",5,l,Generic,Prescription,KUWAIT SAUDI PHARMACEUTICAL INDUSTRIES,Kuwait,Valid,7/21/2024,,
ACID CONC. HAEMODIALYSIS KSP-03 (1+44),"SODIUM CHLORIDE, CALCIUM CHLORIDE,MAGNESIUM CHLORIDE,DEXTROSE,ACETIC ACID",5,l,Generic,Prescription,KUWAIT SAUDI PHARMACEUTICAL INDUSTRIES,Kuwait,Valid,7/21/2024,,
ACICONE 720 MG CHEWABLE TAB,MAGALDRATE,-,-,Generic,OTC,MEDICAL UNION PHARMACEUTICALS CO,Egypt,Valid,8/29/2022,,
ACICONE - S 720 MG CHEWABLE TAB,"MAGALDRATE,SIMETHICONE",-,-,Generic,OTC,MEDICAL UNION PHARMACEUTICALS CO,Egypt,Valid,11/8/2022,,
ACICONE - S 540MG-5ML SUSP,"MAGALDRATE,SIMETHICONE",200,ml,Generic,OTC,MEDICAL UNION PHARMACEUTICALS CO,Egypt,Valid,11/8/2022,,
ACICONE 540MG-5ML SUSP,MAGALDRATE,200,ml,Generic,OTC,MEDICAL UNION PHARMACEUTICALS CO,Egypt,Valid,8/1/2022,,
ALLERFIN AMP 10MG-ML,CHLORPHENIRAMINE MALEATE,-,-,Generic,Prescription,HIKMA ITALIA SPA,Italy,Valid,5/7/2024,,
ALKA-UR EFFERVES. 4GM GRANULES SUGARFREE,"SODIUM BICARBONATE,TARTARIC ACID,CITRIC ACID ANHYDROUS,TRI SODIUM CITRATE",10,g,Generic,OTC,NATIONAL PHARMACEUTICAL INDUSTRIES CO,Oman,Valid,2/13/2025,,
ALKA-UR EFFERVES. 4GM GRANULES SUGARFREE,"SODIUM BICARBONATE,TARTARIC ACID,CITRIC ACID ANHYDROUS,TRI SODIUM CITRATE",30,g,Generic,OTC,NATIONAL PHARMACEUTICAL INDUSTRIES CO,Oman,Valid,2/13/2025,,
ALKA-SELTZER,"SODIUM BICARBONATE,ACETYLSALICYLIC ACID",-,-,NCE,OTC,BAYER AG,Germany,Valid,2/16/2023,,
ALGEX BALSAM,"CAPSICUM OLEORESIN, ETHYLNICOTINATE, HISTAMINE, SALICYLA",30,g,Generic,Prescription,SOBARA,Belgium,Valid,8/1/2022,,
ALGESAL BAUME CREAM,"ACETYLSALICYLIC ACID,DIETHYLAMINE",100,g,Generic,OTC,JERASH PHARMACEUTICALS LIMITED COMPANY,Jordan,Valid,1/1/2023,,
ALGESAL BAUME,"DIETHYLAMINE,SALICYLIC ACID",40,g,Generic,OTC,JERASH PHARMACEUTICALS LIMITED COMPANY,Jordan,Valid,1/1/2023,,
ALEXAN 2000MG- 40ML VIAL,CYTARABINE,40,ml,Generic,Prescription, Fareva Unterach GmbH ,Austria,Valid,5/13/2024,,
ALEXAN 1000MG- 20ML VIAL,CYTARABINE,20,ml,Generic,Prescription, Fareva Unterach GmbH ,Austria,Valid,5/13/2024,,
ALEXAN 500MG- 10ML,CYTARABINE,10,ml,Generic,Prescription, Fareva Unterach GmbH ,Austria,Valid,5/13/2024,,
ALEXAN 20MG-1ML VIAL,CYTARABINE,5,ml,Generic,Prescription, Fareva Unterach GmbH ,Austria,Valid,5/13/2024,,
ALLERFIN TABLETS 4MG,CHLORPHENIRAMINE MALEATE,-,-,Generic,OTC,APM,Jordan,Valid,8/29/2022,,
ALLERGETIN SYRUP,"CHLORPHENIRAMINE MALEATE,PSEUDOEPHEDRINE HYDROCHLORIDE",100,ml,Generic,OTC,KUWAIT SAUDI PHARMACEUTICAL INDUSTRIES,Kuwait,Valid,8/22/2024,,
ALLERGODIL NASAL SPRAY WITH SPRAYER,AZELASTINE,10,ml,NCE,Prescription,Madaus GmbH,Germany,Valid,7/15/2025,,
AMBOLAR,AMBROXOL HYDROCHLORIDE,100,ml,Generic,OTC,DAR ALDAWA,Jordan,Valid,2/27/2023,,
AMBISOME 50 MG VIAL,AMPHOTERICIN B,50,mg,NCE,Prescription,GILEAD SCIENCES INC,United States,Valid,11/27/2023,,
AMARYL 3MG TAB,GLIMEPIRIDE,-,-,NCE,Prescription,Sanofi S.r.l.,Italy,Valid,7/13/2023,,
AMARYL 2MG TAB,GLIMEPIRIDE,-,-,NCE,Prescription,Sanofi S.r.l.,Italy,Valid,7/13/2023,,
ALENDRONATE SANDOZ 70MG F/C TABLET,ALENDRONATE SODIUM,-,-,NCE,Prescription,LEK PHARMACEUTICAL D.D,Slovenia,Valid,5/13/2024,,
AMARYL 1MG TAB,GLIMEPIRIDE,-,-,NCE,Prescription,Sanofi S.r.l.,Italy,Valid,7/13/2023,,
ALVESCO 160MCG-PUFF INHALER,CICLESONIDE,-,-,NCE,Prescription,M3 HEALTH CARE LTD,United Kingdom,Valid,8/29/2022,,
ALVESCO 160MCG-PUFF INHALER,CICLESONIDE,-,-,NCE,Prescription,M3 HEALTH CARE LTD,United Kingdom,Valid,8/29/2022,,
ALPHAGAN-P 0.15% OPHTHALMIC SOLUTION,BRIMONIDINE TARTRATE,5,ml,NCE,Prescription,ALLERGAN,United States,Valid,12/11/2023,,
ALPAX AMP. 2MG-ML,PANCURONIUM BROMIDE,2,ml,Generic,Prescription,Hikma Farmaceutica,Portugal,Valid,8/31/2022,,
ALVESCO 80MCG-PUFF INHALER,CICLESONIDE,-,-,NCE,Prescription,M3 HEALTH CARE LTD,United Kingdom,Valid,8/1/2022,,
ADRENALINE 1:1000 INJ,ADRENALINE,-,ml,NCE,Prescription,ANTIGEN,Ireland,Valid,8/31/2022,,
ALDOMET 250MG TABLETS,METHYLDOPA,-,-,Generic,Prescription,Algorithm SAL,Lebanon,Suspended,1/29/2025,,
AGGRASTAT 0.25MG/ML I.V. VIAL,TIROFIBAN,50,ml,Generic,Prescription,Patheon Manufacturing Services LLC ,United States,Valid,6/6/2024,,
AFINITOR 5 MG TABLET,EVEROLIMUS,-,-,Generic,Prescription,NOVARTIS Pharma Stein AG,Switzerland,Valid,8/21/2024,,
ADVIL COLD AND SINUS CAPLET,"IBUPROFEN,PSEUDOEPHEDRINE HYDROCHLORIDE",-,-,Generic,OTC,PFIZER,Canada,Valid,10/23/2024,,
ADVIL COLD AND SINUS CAPLET,"IBUPROFEN,PSEUDOEPHEDRINE HYDROCHLORIDE",-,-,NCE,OTC,PFIZER,Canada,Valid,11/1/2022,,
ADVATE 500 IU  ,HUMAN COAGULATION FACTOR VIII,5,ml,Biological,Prescription,TAKEDA MANUFACTURING AUSTRIA AG,Austria,Valid,5/3/2023,,
ADVATE 250 IU  ,HUMAN COAGULATION FACTOR VIII,5,ml,Biological,Prescription,TAKEDA MANUFACTURING AUSTRIA AG,Austria,Valid,5/3/2023,,
ADVAGRAF 5MG PROLONGED RELEASE CAPSULE,TACROLIMUS,-,-,NCE,Prescription,Astellas Pharma,Ireland,Valid,3/6/2025,,
ADVAGRAF 3MG PROLONGED RELEASE CAPSULE,TACROLIMUS,-,-,NCE,Prescription,Astellas Pharma,Ireland,Valid,3/6/2025,,
ADVAGRAF 1MG PROLONGED RELEASE CAPSULE,TACROLIMUS,-,-,NCE,Prescription,Astellas Pharma,Ireland,Valid,3/6/2025,,
ADVAGRAF 0.5MG PROLONGED RELEASE CAPSULE,TACROLIMUS,-,-,NCE,Prescription,Astellas Pharma,Ireland,Valid,3/6/2025,,
AGIOLAX GRANULES,"ISPAGHULA SEED,TINNEVELLY SENNA PODS,ISPAGHULA HUSK",250,g,Generic,Prescription,Rottapharm|Madaus Group,Germany,Valid,11/14/2024,,
ALDARA 5% CREAM,IMIQUIMOD,250,mg,NCE,Prescription,3M,United Kingdom,Valid,7/15/2025,,
ALBUTEIN 20% SOLN. FOR INJ,ALBUMIN HUMAN,50,ml,Biological,Prescription,GRIFOLS BIOLOGICALS,United States,Valid,7/8/2025,,
ALBOTHYL VAGINAL OVULE 90MG,POLICRESULEN,-,-,NCE,Prescription,TAKEDA GMBH,Germany,Valid,4/5/2023,,
AIMAFIX 500I.U. POW. FOR SOLU. FOR INFU,HUMAN PLASMA COAGULATION FACTOR IX,10,ml,Biological,Prescription,KEDRION,Italy,Valid,2/28/2024,,
ATROPINE SULF. E.S 50MCG-ML,ATROPINE SULFATE,5,ml,Generic,Prescription,HOSPIRA INC. ROCKY MOUNT,United States,Valid,4/5/2023,,
BRILINTA 90 MG FILM COATED TABLET,TICAGRELOR,-,-,NCE,Prescription,AstraZeneca AB,Sweden,Valid,8/8/2024,,
BOTOX 100UNITS,CLOSTRIDIUM BOTULINUM NEUROTOXIN A COMPLEX,1,ml,Biological,Prescription,ALLERGAN PHARMACEUTICALS LTD,Ireland,Valid,5/8/2025,,
BONVIVA 150 MG F.C. TABLETS,IBANDRONIC ACID,-,-,NCE,Prescription,Penn Pharmaceutical Services Ltd,United Kingdom,Valid,3/28/2024,,
BRONCLYN 1.5MG-5ML SYRUP,TERBUTALINE,100,ml,Generic,Prescription,MEDPHARMA PHARMACEUTICAL & CHEMICAL INDUSTRIES,United Arab Emirates,Valid,8/17/2023,,
BRUFEN 400 MG TAB,IBUPROFEN,-,-,NCE,OTC,Astrea Fontaine,France,Valid,5/8/2025,,
BRUFEN TAB 600MG,IBUPROFEN,-,-,NCE,Prescription,Astrea Fontaine,France,Valid,5/8/2025,,
CADUET 10-40,"ATORVASTATIN CALCIUM,AMLODIPINE BESILATE",-,-,NCE,Prescription,PFIZER,Germany,Valid,7/15/2025,,
CADUET 10-20,"ATORVASTATIN CALCIUM,AMLODIPINE BESILATE",-,-,NCE,Prescription,PFIZER,Germany,Valid,7/15/2025,,
CADUET 10-10,"ATORVASTATIN CALCIUM,AMLODIPINE BESILATE",-,-,NCE,Prescription,PFIZER,Germany,Valid,7/15/2025,,
BUDIAIR 200 MCG PRESSURISED INH SOLUTION,BUDESONIDE,200,-,Generic,Prescription,CHIESI FARMACEUTICIS,Italy,Valid,8/29/2022,,
BUCAINE 0.5% solution for injection,BUPIVACAINE,20,ml,Generic,Prescription,Hikma Farmaceutica,Portugal,Valid,2/21/2024,,
BUCAINE 0.25% VIAL,BUPIVACAINE,-,-,Generic,Prescription,Hikma Farmaceutica,Portugal,Valid,10/2/2024,,
CADUET 5-10,"ATORVASTATIN CALCIUM,AMLODIPINE BESILATE",-,-,NCE,Prescription,PFIZER,Germany,Valid,5/1/2024,,
BLOPRESS 8 PLUS TABLETS,"CANDESARTAN CILEXETIL,HYDROCHLOROTHIAZIDE",-,-,Generic,Prescription,APM,Jordan,Valid,5/2/2023,,
BILICANTE 200MG CAPS,HYMECROMONE,-,-,NCE,Prescription,SOBARA,Belgium,Valid,8/29/2022,,
BI PRETERAX ARGININE 5MG-1.25MG F.C. TAB,"PERINDOPRIL ARGININE,INDAPAMIDE",-,-,NCE,Prescription,SERVIER,Ireland,Valid,7/24/2025,,
BEVASON 0.1% OINTMENT,BETAMETHASONE VALERATE,20,g,Generic,Prescription,OMAN PHARMACEUTICAL PRODUCTS,Oman,Valid,8/29/2022,,
BEVASON 0.1% CREAM,BETAMETHASONE VALERATE,20,g,Generic,Prescription,OMAN PHARMACEUTICAL PRODUCTS,Oman,Valid,8/29/2022,,
BEVACOL 135MG TABLET,MEBEVERINE HYDROCHLORIDE,-,-,Generic,Prescription,The Jordanian Pharmaceutical Manufacturing Medical Equipment Co. Ltd. (JPM),Jordan,Valid,8/29/2022,,
BETNOVATE 0.1% SCALP APPLICATION,BETAMETHASONE VALERATE,30,ml,NCE,Prescription,ASPEN Bad Oldesloe GmbH,Germany,Valid,8/29/2022,,
BILTRICIDE 600MG TABS,PRAZIQUANTEL,-,-,NCE,Prescription,BAYER AG,Germany,Valid,11/6/2023,,
BLOPRESS 16 PLUS TABLETS,"CANDESARTAN CILEXETIL,HYDROCHLOROTHIAZIDE",-,-,Generic,Prescription,APM,Jordan,Valid,5/2/2023,,
BLOPRESS 16 MG TABLETS,CANDESARTAN CILEXETIL,-,-,Generic,Prescription,APM,Jordan,Valid,8/29/2022,,
BLEOCIN 15MG VIAL,BLEOMYCIN HYDROCHLORIDE,-,-,NCE,Prescription,NIPPON KAYAKU,Japan,Valid,4/24/2024,,
BISOLVON ELIXIR 4MG-5ML,BROMHEXINE,100,ml,NCE,OTC,BOEHRINGER INGELHEIM,Germany,Valid,8/29/2022,,
BISOLVON 8MG TABLETS,BROMHEXINE,-,-,Generic,OTC,DELPHARM REIMS S.A.S,France,Valid,8/29/2022,,
BLOPRESS 8MG TAB.,CANDESARTAN CILEXETIL,-,-,Generic,Prescription,APM,Jordan,Valid,9/15/2022,,
BISCOR 5MG F.C. TABLETS,BISOPROLOL FUMARATE,-,-,Generic,Prescription,Pharma International Co.,Jordan,Valid,10/2/2024,,
BIOVIT 12 DEPOT,"FOLIC ACID,HYDROXOCOBALAMIN,PYRIDOXINE (VITAMIN B6)",2,ml,Generic,Prescription,MEDICAL UNION PHARMACEUTICALS CO,Egypt,Valid,3/3/2024,,
BISCOR 10MG F.C. TABLETS,BISOPROLOL FUMARATE,-,-,Generic,Prescription,Pharma International Co.,Jordan,Valid,10/2/2024,,
CADUET 5-20,"ATORVASTATIN CALCIUM,AMLODIPINE BESILATE",-,-,NCE,Prescription,PFIZER,Germany,Valid,7/15/2025,,
"CARBOPLATIN ""EBEWE"" 50MG-5ML",CARBOPLATIN,15,ml,Generic,Prescription, Fareva Unterach GmbH ,Austria,Valid,5/13/2024,,
"CARBOPLATIN ""EBEWE"" 50MG-5ML",CARBOPLATIN,45,ml,Generic,Prescription, Fareva Unterach GmbH ,Austria,Valid,5/13/2024,,
CARDURA XL 4 mg tablet,DOXAZOSIN,-,-,NCE,Prescription,Pfizer Pharmaceutical LLC,United States,Valid,9/15/2024,,
CARDURA 4 mg tablet,DOXAZOSIN,-,-,NCE,Prescription,PFIZER,Germany,Valid,9/15/2024,,
CARDIOPROL 5MG TABLETS,BISOPROLOL FUMARATE,-,-,Generic,Prescription,The Jordanian Pharmaceutical Manufacturing Medical Equipment Co. Ltd. (JPM),Jordan,Valid,7/27/2025,,
CARDIOPROL 10MG TABLETS,BISOPROLOL FUMARATE,-,-,Generic,Prescription,The Jordanian Pharmaceutical Manufacturing Medical Equipment Co. Ltd. (JPM),Jordan,Valid,8/29/2022,,
CADUET 5-40,"ATORVASTATIN CALCIUM,AMLODIPINE BESILATE",-,-,NCE,Prescription,PFIZER,Germany,Valid,7/15/2025,,
CALCIUM FOLINATE 50MG-5ML VIAL,FOLINIC ACID,5,ml,NCE,Prescription,HOSPIRA AUSTRALIA ,Australia,Valid,9/14/2023,,
Calciumfolinat Sandoz 10MG-ML VIAL,FOLINIC ACID,10,ml,Generic,Prescription,HAUPT PHARMA WOLFRATSHAUSEN GMBH,Germany,Valid,5/13/2024,,
Calciumfolinat Sandoz 10MG-ML VIAL,FOLINIC ACID,35,ml,Generic,Prescription,HAUPT PHARMA WOLFRATSHAUSEN GMBH,Germany,Valid,5/13/2024,,
CALCIUM CHLORIDE 10% EMERGENCY SYRINGE,CALCIUM CHLORIDE,10,ml,Generic,Prescription,HOSPIRA,United States,Valid,8/21/2024,,
CALAZOL CREAM,"CALAMINE,ANTAZOLINE HYDROCHLORIDE",20,g,Generic,OTC,MISR COMPANY FOR MEDICAL PRODUCTS,Egypt,Valid,11/18/2022,,
CAFERGOT 1 MG TAB,"CAFFEINE,ERGOTAMINE TARTRATE,HYDROCHLOROTHIAZIDE,EPROSARTAN MESILATE",-,-,NCE,Prescription,NOVARTIS,United Kingdom,Valid,6/19/2023,,
CALCIUM GLUCONATE 10% AMP,CALCIUM GLUCONATE,10,ml,Generic,Prescription,B. BRAUN,Germany,Valid,12/18/2024,,
CANDIZOLE 2% VAGINAL CREAM,MICONAZOLE NITRATE,45,g,Generic,OTC,MEDPHARMA PHARMACEUTICAL & CHEMICAL INDUSTRIES,United Arab Emirates,Valid,8/17/2023,,
CANDIVAST 50MG CAP,FLUCONAZOLE,-,-,Generic,Prescription,The Arab Pharmaceutical Manufacturing PSC Sult,Jordan,Valid,2/28/2024,,
CANDIVAST 150MG CAP,FLUCONAZOLE,-,-,Generic,Prescription,The Arab Pharmaceutical Manufacturing PSC (Sahab) Co Ltd ,Jordan,Valid,2/28/2024,,
CalSource Ca-C1000,"CALCIUM LACTATE GLUCONATE,ASCORBIC ACID,CALCIUM CARBONATE",-,-,NCE,OTC,Delpharm Orleans,France,Valid,11/12/2024,,
CALCIUM SANDOZ EFF TAB FORTE,"CALCIUM LACTATE GLUCONATE,CALCIUM CARBONATE",-,-,NCE,OTC,FAMAR,France,Valid,11/9/2022,,
CALSYR  SYRUP,"CALCIUM GLUBIONATE,CALCIUM LACTOBIONATE",100,ml,NCE,OTC,KUWAIT SAUDI PHARMACEUTICAL INDUSTRIES,Kuwait,Valid,4/24/2025,,
BACTROBAN OINT 2%,MUPIROCIN CALCIUM,15,g,NCE,Prescription,GLAXO,United Kingdom,Valid,8/29/2022,,
BACTROBAN NASAL OINTMENT 2%,MUPIROCIN CALCIUM,3,g,NCE,Prescription,GLAXO,United Kingdom,Valid,8/29/2022,,
BACTALL 500MG TABLET,CIPROFLOXACIN,-,-,Generic,Prescription,The Jordanian Pharmaceutical Manufacturing Medical Equipment Co. Ltd. (JPM),Jordan,Valid,2/13/2025,,
BACTALL 250MG TABLET,CIPROFLOXACIN,-,-,Generic,Prescription,The Jordanian Pharmaceutical Manufacturing Medical Equipment Co. Ltd. (JPM),Jordan,Valid,2/13/2025,,
AVODART 0.5MG CAPSULE,DUTASTERIDE,-,-,NCE,Prescription,DELPHARM POZNAN SPOLKA AKCYJNA,Poland,Valid,8/29/2022,,
AUGMENTIN 457MG-5ML SUSPENSION,"AMOXICILLIN,CLAVULANIC ACID",70,ml,NCE,Prescription,SMIITHKLINE BEECHAM,United Kingdom,Valid,11/19/2022,,
AUGMENTIN 312 MG-5ML SUSPENSION,"AMOXICILLIN,CLAVULANIC ACID",100,ml,NCE,Prescription,SMIITHKLINE BEECHAM,United Kingdom,Valid,7/23/2023,,
AUGMENTIN 228 MG-5ML SUSPENSION,"AMOXICILLIN,CLAVULANIC ACID",70,ml,NCE,Prescription,SMIITHKLINE BEECHAM,United Kingdom,Valid,11/19/2022,,
AUGMENTIN 156 Mg-5 ML SUSPENSION,"AMOXICILLIN,CLAVULANIC ACID",100,ml,NCE,Prescription,GLAXOWELLCOME,France,Valid,3/15/2023,,
AUGMENTIN 1 G TAB,"AMOXICILLIN,CLAVULANIC ACID",-,-,NCE,Prescription,SMIITHKLINE BEECHAM,United Kingdom,Valid,11/19/2022,,
AUGMENTIN ES SUSPENSION,"AMOXICILLIN,CLAVULANIC ACID",100,ml,NCE,Prescription,GLAXOWELLCOME,France,Valid,10/9/2024,,
ATROPINE SULPHATE INJ 1MG-1 ML,ATROPINE SULFATE,1,ml,NCE,Prescription,AGUETTANT LABORATORIES,France,Valid,8/29/2022,,
ATROPINE SULF.E.S 100MCG-ML,ATROPINE SULFATE,10,ml,Generic,Prescription,HOSPIRA,United States,Valid,8/29/2022,,
ATROPINE SULF.E.S 100MCG-ML,ATROPINE SULFATE,5,ml,Generic,Prescription,HOSPIRA,United States,Valid,8/29/2022,,
AUGMENTIN 625 MG TAB,"AMOXICILLIN,CLAVULANIC ACID",-,-,NCE,Prescription,SMIITHKLINE BEECHAM,United Kingdom,Valid,3/15/2023,,
AUGMENTIN INFANT DROP,"AMOXICILLIN,CLAVULANIC ACID",20,ml,NCE,Prescription,GLAXOWELLCOME,France,Valid,9/30/2024,,
AVAXIM 80U-0.5ML PEDIATRIC VACCINE,HEPATITIS A VIRUS,-,-,Biological,Prescription,SANOFI PASTEUR,France,Valid,2/4/2025,,
AVAXIM 160 UNITS VACCINE S.D SYRINGE,HEPATITIS A GBM STRAIN,0.5,ml,Biological,Prescription,SANOFI PASTEUR,France,Valid,8/1/2022,,
AVASTIN 400 solution for infusion,Bevacizumab,16,ml,NCE,Prescription,ROCHE DIAGNOSTICS,Germany,Valid,8/31/2022,,
AVASTIN 100 solution for infusion,Bevacizumab,4,ml,NCE,Prescription,ROCHE DIAGNOSTICS,Germany,Valid,8/31/2022,,
AVALOX 400MG SOLUTION FOR I.V. INFUSION,MOXIFLOXACIN HYDROCHLORIDE,250,ml,NCE,Prescription,BAYER AG,Germany,Valid,10/21/2023,,
AVALOX 400MG TAB,MOXIFLOXACIN HYDROCHLORIDE,-,-,NCE,Prescription,BAYER AG,Germany,Valid,10/5/2022,,
AVALOX 400MG TAB,MOXIFLOXACIN HYDROCHLORIDE,-,-,NCE,Prescription,BAYER AG,Germany,Valid,10/5/2022,,
AURORIX 300MG TAB,MOCLOBEMIDE,-,-,NCE,Prescription,ROCHE,Switzerland,Valid,8/29/2022,,
AURORIX 150MG TAB,MOCLOBEMIDE,-,-,NCE,Prescription,ROCHE,Switzerland,Valid,8/29/2022,,
AUGMENTIN TAB 375 MG,"AMOXICILLIN,CLAVULANIC ACID",-,-,NCE,Prescription,SMIITHKLINE BEECHAM,United Kingdom,Valid,11/19/2022,,
AVAMYS SUSPENSION FOR NASAL SPRAY,FLUTICASONE FUROATE,120,-,NCE,Prescription,GLAXO OPERATION,United Kingdom,Valid,8/29/2022,,
BALANCED SALT SOLUTION (BSS),"SODIUM CHLORIDE,POTASSIUM CHLORIDE, CALCIUM CHLORIDE,MAGNESIUM CHLORIDE,SODIUM ACETATE,SODIUM CITRATE",15,ml,Generic,Prescription,ALCON LABORATORIES,United States,Valid,11/30/2022,,
BETADERM 0.1% cream,BETAMETHASONE VALERATE,20,g,Generic,Prescription,EIPICO,Egypt,Valid,6/19/2025,,
BENZAC AC 5% GEL,BENZOYL PEROXIDE,60,g,Generic,OTC,GALDERMA,France,Valid,6/19/2025,,
BENZAC AC 2.5% GEL,BENZOYL PEROXIDE,60,g,Generic,OTC,GALDERMA,France,Valid,1/13/2025,,
BENLYSTA 400MG POWDER FOR SOLUTION FOR INFUSION,BELIMUMAB,-,-,Biological,Prescription,HOSPIRA,United States,Valid,8/31/2022,,
BETADERM 0.1% ointment,BETAMETHASONE VALERATE,20,g,Generic,Prescription,EIPICO,Egypt,Valid,6/19/2025,,
BETAFERON 8MIU\ML VIAL,INTERFERON BETA-1B,-,-,Biological,Prescription,Boehringer Ingelheim Pharma GmbH & Co. KG,Germany,Valid,8/1/2022,,
BETATEN 50MG F.C.TABLET,ATENOLOL,-,-,Generic,Prescription,NATIONAL PHARMACEUTICAL INDUSTRIES CO,Oman,Valid,8/21/2024,,
BETATEN 25MG F.C. TABLETS,ATENOLOL,-,-,Generic,Prescription,NATIONAL PHARMACEUTICAL INDUSTRIES CO,Oman,Valid,8/21/2024,,
BETATEN 100MG F.C. TABS,ATENOLOL,-,-,Generic,Prescription,NATIONAL PHARMACEUTICAL INDUSTRIES CO,Oman,Valid,4/24/2025,,
BETASERC 8 MG TAB,BETAHISTINE DIHYDROCHLORIDE,-,-,NCE,Prescription,Mylan Laboratories SAS ,France,Valid,4/5/2023,,
BENLYSTA 120MG POWDER FOR SOLUTION FOR INFUSION,BELIMUMAB,-,-,Biological,Prescription,HOSPIRA,United States,Valid,8/31/2022,,
BETASERC 24 MG TABLETS,BETAHISTINE DIHYDROCHLORIDE,-,-,Generic,Prescription,Mylan Laboratories SAS ,France,Valid,4/5/2023,,
BETAMED-N OINTMENT,"NEOMYCIN SULFATE,BETAMETHASONE",30,g,Generic,Prescription,MEDPHARMA PHARMACEUTICAL & CHEMICAL INDUSTRIES,United Arab Emirates,Valid,8/17/2023,,
BETAMED-N CREAM,"NEOMYCIN SULFATE,BETAMETHASONE",30,g,Generic,Prescription,MEDPHARMA PHARMACEUTICAL & CHEMICAL INDUSTRIES,United Arab Emirates,Valid,8/17/2023,,
BETAMED 0.1% TOPICAL OINTMENT,BETAMETHASONE VALERATE,15,g,Generic,Prescription,MEDPHARMA PHARMACEUTICAL & CHEMICAL INDUSTRIES,United Arab Emirates,Valid,8/17/2023,,
BETAMED 0.1% CREAM,BETAMETHASONE VALERATE,15,g,Generic,Prescription,MEDPHARMA PHARMACEUTICAL & CHEMICAL INDUSTRIES,United Arab Emirates,Valid,8/17/2023,,
BETASERC 16MG TAB,BETAHISTINE DIHYDROCHLORIDE,-,-,Generic,Prescription,Mylan Laboratories SAS ,France,Valid,8/29/2022,,
BENEFIX 500 I.U. POWDER FOR SOLUTION FOR INJECTION,COAGULATION FACTOR IX RECOMBINANT HUMAN,1,-,Biological,Prescription,WYETH,Spain,Valid,1/16/2025,,
BENEFIX 250 I.U. POWDER FOR SOLUTION FOR INJECTION,COAGULATION FACTOR IX RECOMBINANT HUMAN,1,-,Biological,Prescription,WYETH,Spain,Valid,1/16/2025,,
BENEFIX 2000 I.U. POWDER FOR SOLUTION FOR INJECTION,COAGULATION FACTOR IX RECOMBINANT HUMAN,1,-,Biological,Prescription,WYETH,Spain,Valid,1/16/2025,,
BANEOCIN POWDER,"NEOMYCIN SULFATE,BACITRACIN",10,g,NCE,Prescription,Pharmazeutische Fabrik Montavit GesmbH,Austria,Valid,5/13/2024,,
BALKATRIN TAB,"SULFAMETHOXAZOLE,TRIMETHOPRIM",-,-,Generic,Prescription,APM,Jordan,Valid,11/28/2022,,
BALKATRIN SUSP,"SULFAMETHOXAZOLE,TRIMETHOPRIM",100,ml,Generic,Prescription,APM,Jordan,Valid,11/28/2022,,
BANEOCIN POWDER,"NEOMYCIN SULFATE,BACITRACIN",60,g,NCE,Prescription,SANDOZ,Austria,Valid,5/13/2024,,
BALANCED SALT SOLUTION (BSS),"SODIUM CHLORIDE,POTASSIUM CHLORIDE, CALCIUM CHLORIDE,MAGNESIUM CHLORIDE,SODIUM ACETATE,SODIUM CITRATE",500,ml,Generic,Prescription,ALCON LABORATORIES,United States,Valid,11/30/2022,,
CATALIN OPH. SOLUTION,PIRFENOXONE SODIUM,15,ml,Generic,Prescription,TAKEDA,Japan,Valid,8/1/2022,,
BENEFIX 1000 I.U. POWDER FOR SOLUTION FOR INJECTION,COAGULATION FACTOR IX RECOMBINANT HUMAN,1,-,Biological,Prescription,WYETH,Spain,Valid,1/16/2025,,
BENDAZOLE 100 MG TAB,MEBENDAZOLE,-,-,Generic,Prescription,The Jordanian Pharmaceutical Manufacturing Medical Equipment Co. Ltd. (JPM),Jordan,Valid,11/26/2024,,
BEKUNIS TABLET,"BISACODYL,SENNA FRUITS,SENNA LEAVES,SENNA FRUITS DRY EXTRACT",-,-,Generic,Prescription,ROHA PHARMA,Germany,Valid,12/18/2022,,
BEFOLVIT 5 MG TAB,FOLIC ACID,-,-,Generic,OTC,KUWAIT SAUDI PHARMACEUTICAL INDUSTRIES,Kuwait,Valid,8/22/2024,,
BEFOLVIT 1MG TAB,FOLIC ACID,-,-,Generic,OTC,KUWAIT SAUDI PHARMACEUTICAL INDUSTRIES,Kuwait,Valid,8/22/2024,,
BE BE VIT ORAL DROPS,"RETINOL,COLECALCIFEROL (VITAMIN D3),TOCOPHEROL,ASCORBIC ACID,THIAMINE,RIBOFLAVIN (VITAMIN B2),PYRIDOXINE (VITAMIN B6),NICOTINAMIDE",30,ml,Generic,OTC,MEDICAL UNION PHARMACEUTICALS CO,Egypt,Valid,11/30/2022,,
BCG VACCINE AJ Vaccines 0.75MG-VIAL,MYCOBACTERIUM BOVIS,1,ml,Biological,Prescription,AJ VACCINES A/S,Denmark,Valid,8/1/2022,,
BAUMALGINE OINT,"SALICYLIC ACID,DIETHYLAMINE",40,g,NCE,OTC,MISR COMPANY FOR MEDICAL PRODUCTS,Egypt,Valid,11/24/2022,,
BATRAMYCIN POWDER,"BACITRACIN, NEOMYCIN SULFATE",10,g,NCE,Prescription,GEISTLICH,Switzerland,Valid,11/20/2022,,
DEXTROSE 5%+SOD.CHLORIDE 0.20% INJ,"DEXTROSE,SODIUM CHLORIDE",1000,ml,Generic,Prescription,McGAW,United States,Valid,11/9/2022,,
DEXTROSE 5%+SOD.CHLORIDE 0.20% INJ,"DEXTROSE,SODIUM CHLORIDE",500,ml,Generic,Prescription,McGAW,United States,Valid,11/9/2022,,
GRANITRON 3MG-3ML SOLUTION FOR Injection,GRANISETRON,3,ml,Generic,Prescription,Hikma Farmaceutica,Portugal,Valid,6/4/2025,,
GRANITRON 1MG-ML SOLUTION FOR Injection,GRANISETRON,1,ml,Generic,Prescription,Hikma Farmaceutica,Portugal,Valid,6/4/2025,,
GONAL-F 900 IU solution for injection in pre-filled pen,FOLLITROPIN ALFA,1.5,ml,Biological,Prescription,MERCK SERONO,Italy,Valid,2/27/2024,,
GONAL-F 75 IU AMPOULE,FOLLITROPIN ALFA,1,ml,Biological,Prescription,SERONO,Switzerland,Valid,2/27/2024,,
GONAL-F 450 IU solution for injection in pre-filled pen,FOLLITROPIN ALFA,0.75,ml,Biological,Prescription,MERCK SERONO,Italy,Valid,2/27/2024,,
GONAL-F 300 IU solution for injection in pre-filled pen,FOLLITROPIN ALFA,0.5,ml,Biological,Prescription,MERCK SERONO,Italy,Valid,2/27/2024,,
GLYPRESSIN 1MG POWDER FOR I.V. Injection*,TERLIPRESSIN DIACETATE PENTAHYDRATE,-,-,NCE,Prescription,RENTSCHLER BIOTECHNOLOGIE,Germany,Valid,8/31/2022,,
GLYPRESSIN 0.1 mg/ml solution for injection,TERLIPRESSIN DIACETATE PENTAHYDRATE,8.5,ml,NCE,Prescription,ZENTIVA K.S.,Czech Republic,Valid,5/25/2023,,
GYNO-DAKTARIN OVULES 400 MG.,MICONAZOLE NITRATE,-,-,NCE,OTC,JANSSEN PHARMACEUTICA N.V.,Belgium,Valid,8/29/2022,,
GYNO-DAKTARIN CREAM WITH 16 APPLICATORS,MICONAZOLE NITRATE,78,g,NCE,OTC,JANSSEN PHARMACEUTICA N.V.,Belgium,Valid,2/21/2024,,
GLYCOPHOS 216MG/ML,SODIUM GLYCEROPHOSPHATE HYDRATED,20,ml,NCE,Prescription,FRESENIUS KABI NORGE AS,Norway,Valid,4/24/2025,,
GYNO-CORYL 150 MG VAGINAL OVULES,ECONAZOLE,-,-,Generic,Prescription,HAYAT PHARMACEUTICAL INDUSTRIES,Jordan,Valid,5/22/2025,,
GYNO-CANDIZOL 400 MG VAGINAL OVULES,MICONAZOLE NITRATE,-,-,Generic,OTC,UNITED PHARMACEUTICAL COMPANY,Jordan,Valid,11/6/2022,,
GYNO-CANDIZOL 200 MG VAGINAL OVULES,MICONAZOLE NITRATE,-,-,Generic,OTC,UNITED PHARMACEUTICAL COMPANY,Jordan,Valid,8/29/2022,,
GYNERA 21 TAB,"ETHINYLESTRADIOL,GESTODENE",-,-,NCE,Prescription,BAYER AG,Germany,Valid,11/21/2022,,
GUTRON TAB 2.5 MG TAB,MIDODRINE HYDROCHLORIDE,-,-,NCE,Prescription,TAKEDA AUSTRIA GmbH,Austria,Valid,8/29/2022,,
GUTRON TAB 2.5 MG TAB,MIDODRINE HYDROCHLORIDE,-,-,NCE,Prescription,TAKEDA AUSTRIA GmbH,Austria,Valid,8/29/2022,,
GYNO-DAKTARIN 1200MG VAGINAL CAPSULE,MICONAZOLE NITRATE,-,-,NCE,OTC,CATALENT,France,Valid,8/29/2022,,
GLUCAGEN HYPOKIT,GLUCAGON,1,ml,Generic,Prescription,NOVO NORDISK,Denmark,Valid,2/5/2025,,
GLORA 10MG TABLETS,LORATADINE,-,-,Generic,OTC,GLOBAL PHARMA,United Arab Emirates,Valid,6/19/2025,,
GLOMOX 500MG CAP,AMOXICILLIN,-,-,Generic,Prescription,GLOBAL PHARMA,United Arab Emirates,Valid,8/21/2024,,
GLUCOBAY 100MG TAB,ACARBOSE,-,-,NCE,Prescription,BAYER AG,Germany,Valid,8/29/2022,,
GLUCOBAY 50MG TAB,ACARBOSE,-,-,NCE,Prescription,BAYER AG,Germany,Valid,8/29/2022,,
GLUCOPHAGE 1 g tablet,METFORMIN HYDROCHLORIDE,-,-,NCE,Prescription,MERCK SANTE,France,Valid,4/14/2025,,
GLYCINE 1.5% IRRIGATION SOLUTION,GLYCINE,3000,ml,Generic,Prescription,KUWAIT SAUDI PHARMACEUTICAL INDUSTRIES,Kuwait,Valid,8/21/2024,,
GLYCINE,GLYCINE,2000,ml,Generic,Prescription,McGAW,United States,Valid,8/29/2022,,
GLYCINE,GLYCINE,4000,ml,Generic,Prescription,McGAW,United States,Valid,8/29/2022,,
GLUCOVANCE 2.5/500,"GLIBENCLAMIDE,METFORMIN HYDROCHLORIDE",-,-,NCE,Prescription,MERCK SANTE,France,Valid,4/14/2025,,
GLUCOSE 5% I.V INFUSION,DEXTROSE,500,ml,Generic,Prescription,GULF INJECT,United Arab Emirates,Valid,8/31/2022,,
GLUCOSE 10%I.V INFUSION,DEXTROSE,500,ml,Generic,Prescription,GULF INJECT,United Arab Emirates,Valid,8/31/2022,,
GLUCOPHAGE XR 750MG TABLET,METFORMIN HYDROCHLORIDE,-,-,NCE,Prescription,MERCK HEALTHCARE KGAA,Germany,Valid,6/4/2025,,
GLUCOPHAGE 850 mg tablet,METFORMIN HYDROCHLORIDE,-,-,Generic,Prescription,MERCK SANTE,France,Valid,7/8/2025,,
GLUCOVANCE 5/500,"GLIBENCLAMIDE,METFORMIN HYDROCHLORIDE",-,-,NCE,Prescription,MERCK SANTE,France,Valid,4/14/2025,,
GLODIP 5MG CAPSULE,AMLODIPINE BESILATE,-,-,Generic,Prescription,GLOBAL PHARMA,United Arab Emirates,Valid,6/19/2025,,
GLOCLAV 375MG TAB,"AMOXICILLIN,CLAVULANIC ACID",-,-,Generic,Prescription,GLOBAL PHARMA,United Arab Emirates,Valid,3/21/2023,,
FURAZOL TAB,"DILOXANIDE FUROATE,METRONIDAZOLE",-,-,NCE,Prescription,EIPICO,Egypt,Valid,11/24/2022,,
FURAMIDE 500MG TAB,DILOXANIDE FUROATE,-,-,NCE,Prescription,RECKITT BENCKISER HEALTHCARE INTERNATIONAL,United Kingdom,Valid,8/1/2022,,
FUNZOL 150MG CAPSULES,FLUCONAZOLE,-,-,Generic,Prescription,The Jordanian Pharmaceutical Manufacturing Medical Equipment Co. Ltd. (JPM),Jordan,Valid,2/10/2025,,
FUNGYZOLE 2% TOPICAL CREAM,MICONAZOLE NITRATE,30,g,Generic,OTC,MEDPHARMA PHARMACEUTICAL & CHEMICAL INDUSTRIES,United Arab Emirates,Valid,8/17/2023,,
FUNGIMID 50MG CAPSULE,FLUCONAZOLE,-,-,Generic,Prescription,SPIMACO,Jordan,Valid,2/10/2024,,
FUNGIMID 150MG CAPSULE,FLUCONAZOLE,-,-,Generic,Prescription,SPIMACO,Jordan,Valid,8/29/2022,,
FUDION 2% CREAM,FUSIDIC ACID,15,g,Generic,Prescription,OMAN PHARMACEUTICAL PRODUCTS,Oman,Valid,7/27/2025,,
FUSIVER 2% OINTMENT,FUSIDIC ACID,15,g,Generic,Prescription,JORDAN RIVER PHARMACEUTICAL INDUSTRIES,Jordan,Valid,7/24/2023,,
GALVUS 50MG TABLETS,VILDAGLIPTIN,-,-,NCE,Prescription,Siegfried Barbera S.L,Spain,Valid,10/11/2023,,
GALVUS 50MG TABLETS,VILDAGLIPTIN,-,-,NCE,Prescription,Siegfried Barbera S.L,Spain,Valid,10/11/2023,,
GADOVIST 1MMOL-ML PRE-FILLED SYRINGE,GADOBUTROL,7.5,ml,NCE,Prescription,BAYER AG,Germany,Valid,11/29/2023,,
FUCIDIN H CREAM,"FUSIDIC ACID,HYDROCORTISONE ACETATE",30,g,NCE,Prescription,Leo Pharma,Denmark,Valid,2/28/2023,,
GABANET 400MG CAPSULE,GABAPENTIN,-,-,Generic,Prescription,The Jordanian Pharmaceutical Manufacturing Medical Equipment Co. Ltd. (JPM),Jordan,Valid,6/19/2025,,
GABANET 300MG CAPSULE,GABAPENTIN,-,-,Generic,Prescription,The Jordanian Pharmaceutical Manufacturing Medical Equipment Co. Ltd. (JPM),Jordan,Valid,6/19/2025,,
FUCIDIN 2% CREAM,FUSIDIC ACID,30,g,NCE,Prescription,Leo Pharma,Denmark,Valid,5/24/2023,,
FORTICEF 500MG CAPSULES,CEFACLOR,-,-,Generic,Prescription,Ram Pharmaceutical Industries,Jordan,Valid,4/24/2025,,
FML 0.1% ophthalmic suspension,FLUOROMETHOLONE,5,ml,NCE,Prescription,ALLERGAN PHARMACEUTICALS LTD,United States,Valid,11/26/2024,,
FORTZAAR 100/25 mg film-coated tablet,"LOSARTAN POTASSIUM,HYDROCHLOROTHIAZIDE",-,-,Generic,Prescription,Organon Pharma (UK) Limited ,United Kingdom,Valid,5/22/2025,,
FOSAMAX ONCE WEEKLY 70MG TAB,ALENDRONIC ACID,-,-,NCE,Prescription,AESICA PHARMACEUTICALS GmbH,Germany,Valid,5/14/2023,,
FUCICORT 2% CREAM,"FUSIDIC ACID,BETAMETHASONE VALERATE",30,g,NCE,Prescription,Leo Pharma,Denmark,Valid,4/13/2023,,
FROBEN TAB 50MG,FLURBIPROFEN,-,-,NCE,Prescription,RECKITT BENCKISER HEALTHCARE INTERNATIONAL,United Kingdom,Valid,8/29/2022,,
FROBEN TAB 50MG,FLURBIPROFEN,-,-,NCE,Prescription,RECKITT BENCKISER HEALTHCARE INTERNATIONAL,United Kingdom,Valid,8/29/2022,,
FROBEN TAB 100MG,FLURBIPROFEN,-,-,NCE,Prescription,RECKITT BENCKISER HEALTHCARE INTERNATIONAL,United Kingdom,Valid,8/29/2022,,
FROBEN TAB 100MG,FLURBIPROFEN,-,-,NCE,Prescription,RECKITT BENCKISER HEALTHCARE INTERNATIONAL,United Kingdom,Valid,8/1/2022,,
FUCIDIN 2% OINTMENT,FUSIDIC ACID,30,g,NCE,Prescription,Leo Pharma,Denmark,Valid,5/24/2023,,
FREAMINE III,"AMINO ACIDS, SOURCE UNSPECIFIED",500,ml,Generic,Prescription,McGAW,United States,Valid,8/31/2022,,
FOSTIMON HP 75 IU VIAL (IM) USE,UROFOLLITROPIN,-,-,Generic,Prescription,IBSA INSTITUTE BIOCHIMIQUE S.A,Switzerland,Valid,4/24/2025,,
FOSTIMON HP 150 IU VIAL IM(WOMEN URIN),UROFOLLITROPIN,-,-,Generic,Prescription,IBSA INSTITUTE BIOCHIMIQUE S.A,Switzerland,Valid,4/24/2025,,
FOSTER PRESSURISED SOLUTION FOR INHALATION,"BECLOMETHASONE DIPROPIONATE,FORMOTEROL FUMARATE",-,-,Generic,Prescription,CHIESI FARMACEUTICIS,Italy,Valid,11/26/2024,,
GLOCLAV 625MG TABLET,"AMOXICILLIN,CLAVULANIC ACID",-,-,Generic,Prescription,GLOBAL PHARMA,United Arab Emirates,Valid,3/21/2023,,
GANFORT EYE DROPS,"TIMOLOL MALEATE,BIMATOPROST",3,ml,NCE,Prescription,ALLERGAN PHARMACEUTICALS LTD,Ireland,Valid,2/17/2025,,
GLIBIL-5 TABS,GLIBENCLAMIDE,-,-,Generic,Prescription,Hikma Pharmaceuticals PLC,Jordan,Valid,1/19/2025,,
GINSANA TONIC 140MG-15ML,GINSENOSIDES,250,ml,Generic,Prescription,GINSANA,Switzerland,Valid,8/29/2022,,
GLOCLAV 1GM FILM COATED TABLETS,"AMOXICILLIN,CLAVULANIC ACID",-,-,Generic,Prescription,GLOBAL PHARMA,United Arab Emirates,Valid,10/3/2024,,
GLIVEC 400MG TABLET,IMATINIB MESILATE,-,-,NCE,Prescription,Novartis Pharmaceutical Manufacturing LLC,Slovenia,Valid,5/11/2025,,
GLIVEC 100MG TABLET,IMATINIB MESILATE,-,-,NCE,Prescription,Novartis Pharmaceutical Manufacturing LLC,Slovenia,Valid,12/30/2024,,
GLITRA 4MG TABLETS,GLIMEPIRIDE,-,-,Generic,Prescription,The Jordanian Pharmaceutical Manufacturing Medical Equipment Co. Ltd. (JPM),Jordan,Valid,8/29/2022,,
GLITRA 3MG TABLETS,GLIMEPIRIDE,-,-,Generic,Prescription,The Jordanian Pharmaceutical Manufacturing Medical Equipment Co. Ltd. (JPM),Jordan,Valid,4/24/2025,,
GLITRA 2MG TABLETS,GLIMEPIRIDE,-,-,Generic,Prescription,The Jordanian Pharmaceutical Manufacturing Medical Equipment Co. Ltd. (JPM),Jordan,Valid,11/26/2024,,
GLITRA 1MG TABLETS,GLIMEPIRIDE,-,-,Generic,Prescription,The Jordanian Pharmaceutical Manufacturing Medical Equipment Co. Ltd. (JPM),Jordan,Valid,11/26/2024,,
GINSANA 100MG CAPS,GINSENOSIDES,-,-,Generic,Prescription,GINSANA,Switzerland,Valid,8/1/2022,,
GLIPTEN 100MG F.C. TABLET,SITAGLIPTIN PHOSPHATE,-,-,NCE,Prescription,Organon Pharma (UK) Limited ,United Kingdom,Valid,2/6/2025,,
GLIPTAMET ,"METFORMIN HYDROCHLORIDE,SITAGLIPTIN PHOSPHATE",-,-,NCE,Prescription,PATHEON INC,Puerto Rico,Valid,7/27/2025,,
GLIPOM 5MG TABLETS,GLIPIZIDE,-,-,Generic,Prescription,NATIONAL PHARMACEUTICAL INDUSTRIES CO,Oman,Valid,8/29/2022,,
GLIPTAMET,"METFORMIN HYDROCHLORIDE,SITAGLIPTIN PHOSPHATE",-,-,NCE,Prescription,PATHEON INC,Puerto Rico,Valid,7/27/2025,,
GILENYA 0.5 MG CAPSULE,FINGOLIMOD HYDROCHLORIDE,-,-,NCE,Prescription,NOVARTIS Pharma Stein AG,Switzerland,Valid,2/10/2025,,
GENURIN FORT 200 mg tablet,FLAVOXATE HYDROCHLORIDE,-,-,NCE,Prescription,RECORDATI,Italy,Valid,8/29/2022,,
GAVISCON DOUBLE ACTION CHEWABLE TABLET,"SODIUM ALGINATE,CALCIUM CARBONATE,SODIUM BICARBONATE",-,-,NCE,OTC,RECKITT BENCKISER HEALTHCARE INTERNATIONAL,United Kingdom,Valid,11/13/2024,,
GAVISCON COOL CHEWABLE TABLETS,"SODIUM ALGINATE,SODIUM BICARBONATE,CALCIUM CARBONATE",-,-,Generic,OTC,RECKITT BENCKISER HEALTHCARE INTERNATIONAL,United Kingdom,Valid,11/8/2022,,
GAVISCON ADVANCE PEPPERMINT FLAVOR ORAL SUSPENSION,"SODIUM ALGINATE,POTASSIUM BICARBONATE",300,ml,Generic,OTC,RECKITT BENCKISER HEALTHCARE INTERNATIONAL,United Kingdom,Valid,1/30/2025,,
GASTROFAIT TAB 500MG,SUCRALFATE,-,-,NCE,Prescription,EIPICO,Egypt,Valid,1/11/2023,,
GARDASIL RECOMBINANT VACCINE,"HUMAN PAPILLOMAVIRUS TYPE 6 L1,HUMAN PAPILLOMAVIRUS TYPE 11 L1,HUMAN PAPILLOMAVIRUS TYPE 16 L1 PROTEIN,HUMAN PAPILLOMAVIRUS TYPE 18 L1 PROTEIN",0.5,ml,Biological,Prescription,MERCK SHARP AND DOHME LLC,United States,Valid,11/29/2022,,
GAVISCON DOUBLE ACTION CHEWABLE TABLET,"SODIUM ALGINATE,CALCIUM CARBONATE,SODIUM BICARBONATE",-,-,NCE,OTC,RECKITT BENCKISER HEALTHCARE INTERNATIONAL,United Kingdom,Valid,1/9/2025,,
GAVISCON DOUBLE ACTION ORAL SUSPENSION,"SODIUM ALGINATE,CALCIUM CARBONATE,SODIUM BICARBONATE",300,ml,Generic,OTC,RECKITT BENCKISER HEALTHCARE INTERNATIONAL,United Kingdom,Valid,8/22/2024,,
GAVISCON EXTRA STRENGTH PEPPER.CHEW. TAB,"SODIUM ALGINATE,SODIUM HYDROGEN CARBONATE,CALCIUM CARBONATE",-,-,NCE,OTC,RECKITT BENCKISER HEALTHCARE INTERNATIONAL,United Kingdom,Valid,8/13/2024,,
GAVISCON ORIGINAL ANISEED ORAL SUSP,"SODIUM ALGINATE,SODIUM BICARBONATE,CALCIUM CARBONATE",200,ml,Generic,OTC,RECKITT BENCKISER HEALTHCARE INTERNATIONAL,United Kingdom,Valid,8/13/2024,,
GENURIN 100MG TAB,FLAVOXATE HYDROCHLORIDE,-,-,NCE,Prescription,RECORDATI,Italy,Valid,8/1/2022,,
GEMCITABIN EBEWE 200MG-20ML VAIL,GEMCITABINE,20,ml,Generic,Prescription, Fareva Unterach GmbH ,Austria,Valid,5/13/2024,,
GEMCITABIN EBEWE 1000MG-100ML VAIL,GEMCITABINE,100,ml,Generic,Prescription, Fareva Unterach GmbH ,Austria,Valid,5/13/2024,,
GAVISCON PEPPERMINT LIQUID,"SODIUM ALGINATE,SODIUM BICARBONATE,CALCIUM CARBONATE",200,ml,Generic,OTC,RECKITT BENCKISER HEALTHCARE INTERNATIONAL,United Kingdom,Valid,5/12/2025,,
GAVISCON PEPPERMINT CHEWABLE TABLETS,"SODIUM ALGINATE,SODIUM BICARBONATE,CALCIUM CARBONATE",-,-,Generic,OTC,RECKITT BENCKISER HEALTHCARE INTERNATIONAL,United Kingdom,Valid,4/28/2025,,
ISOPTIN S.R 240MG F.COATED TAB,VERAPAMIL HYDROCHLORIDE,-,-,Generic,Prescription,FAMAR,Greece,Valid,8/19/2024,,
ISOPTIN RETARD TAB 120MG,VERAPAMIL HYDROCHLORIDE,-,-,NCE,Prescription,Abbott Laboratories,Germany,Valid,5/14/2023,,
ISOPTIN AMP 2.5MG-ML,VERAPAMIL HYDROCHLORIDE,2,ml,NCE,Prescription,Abbott Laboratories,Germany,Valid,8/19/2024,,
ISOKET 0.1% AMPOULE,ISOSORBIDE DINITRATE,10,ml,NCE,Prescription,HOSPIRA AUSTRALIA ,Germany,Valid,8/31/2022,,
ISOCAINE 3 % CARTRIDGE,MEPIVACAINE HYDROCHLORIDE,1.8,ml,Generic,Prescription,NOVOCOL,Canada,Valid,4/1/2025,,
IROKID 50MG-5ML SYRUP,IRON POLYMALTOSE,100,ml,Generic,OTC,MEDPHARMA PHARMACEUTICAL & CHEMICAL INDUSTRIES,United Arab Emirates,Valid,8/17/2023,,
I-PROFEN 400MG TABLET,IBUPROFEN,-,-,Generic,OTC,KUWAIT SAUDI PHARMACEUTICAL INDUSTRIES,Kuwait,Valid,2/10/2025,,
ISOPTIN TABLETS 40 MG.,VERAPAMIL HYDROCHLORIDE,-,-,NCE,Prescription,FAMAR,Greece,Valid,8/19/2024,,
ISOPTIN TABLETS 80 MG.,VERAPAMIL HYDROCHLORIDE,-,-,NCE,Prescription,FAMAR,Greece,Valid,8/19/2024,,
ISOTRIRAUPINE S.P.TAB,"POTASSIUM CHLORIDE,thiabutazide,RESERPINE,RESINAMINE",-,-,Generic,Prescription,ROCHE DIAGNOSTICS,Germany,Valid,11/18/2022,,
JOINTACE COLLAGEN TABLET,"GLUCOSAMINE SULFATE,COLLAGEN TYPE II,CHONDROITIN,COPPER,GINGER EXTRACT,MANGANESE,TOCOPHEROL,ZINC OXIDE,ASCORBIC ACID,CHOLECALCIFEROL,CYANOCOBALAMIN,FOLIC ACID,SELENIUM SULFIDE",-,-,Generic,OTC,THOMPSON & CAPPER,United Kingdom,Valid,11/17/2022,,
JOINT CARE MAX CAPSULES AND TABLETS,"GLUCOSAMINE SULFATE,COD LIVER OIL,Fish collagen",-,-,Generic,OTC,THOMPSON & CAPPER,United Kingdom,Valid,2/17/2025,,
JOFLAM 50MG F.C. TABLETS,DICLOFENAC POTASSIUM,-,-,Generic,Prescription,JORDAN RIVER PHARMACEUTICAL INDUSTRIES,Jordan,Valid,3/6/2025,,
JEDCORENE EFFERVESCENT GRANULES,"HEXAMINE,PIPERAZINE,KHELLIN",-,-,Generic,Prescription,JEDCO INTERNATIONAL PHARMACEUTICAL,Egypt,Suspended,4/17/2024,,
JEDCOMAG EFFERVESCENT GRANULES5GM SACHET,"EFFERVESCENT BASE,CITRIC ACID ANHYDROUS,MAGNESIUM OXIDE",-,-,Generic,OTC,JEDCO INTERNATIONAL PHARMACEUTICAL,Egypt,Suspended,5/5/2024,,
JEDCOFLACIN 200MG TABLETS,OFLOXACIN,-,-,Generic,Prescription,JEDCO INTERNATIONAL PHARMACEUTICAL,Egypt,Suspended,8/13/2024,,
JEDCO CAL - C EFFERVESCENT GRANULES,"EFFERVESCENT BASE,ASCORBIC ACID,CALCIUM CARBONATE",4,g,NCE,OTC,JEDCO INTERNATIONAL PHARMACEUTICAL,Egypt,Suspended,4/17/2024,,
OMECURE 40 MG POWDER FOR I.V. INJECTION,OMEPRAZOLE,-,-,Generic,Prescription,LES LABORATOIRES MEDIS,Tunisia,Valid,9/22/2024,,
JOINTACE COLLAGEN TABLET,"GLUCOSAMINE SULFATE,COLLAGEN TYPE II,CHONDROITIN,COPPER,GINGER EXTRACT,MANGANESE,TOCOPHEROL,ZINC OXIDE,ASCORBIC ACID,CHOLECALCIFEROL,CYANOCOBALAMIN,FOLIC ACID,SELENIUM SULFIDE",-,-,Generic,OTC,THOMPSON & CAPPER,United Kingdom,Valid,11/17/2022,,
IOPAMIRO 370 INJ,IOPAMIDOL,100,ml,Generic,Prescription,BRACCO,Italy,Valid,8/31/2022,,
IOPAMIRO 370 INJ,IOPAMIDOL,50,ml,Generic,Prescription,BRACCO,Italy,Valid,8/31/2022,,
INSULATARD PENFILL,INSULIN HM ISOPHANE MC,3,ml,Biological,Prescription,Novo Nordisk,Brazil,Valid,3/3/2025,,
INSULATARD,INSULIN HUMAN,10,ml,Biological,Prescription,NOVO NORDISK PRODUCTION S.A.S,France,Valid,2/19/2025,,
INNOHEP 20000 ANTI-XA IU-ML VIAL,TINZAPARIN SODIUM,2,ml,Biological,Prescription,Leo Pharma,Denmark,Valid,8/29/2022,,
INNOHEP 20000 ANTI-XA IU-ML VIAL,TINZAPARIN SODIUM,2,ml,Biological,Prescription,Leo Pharma,Denmark,Valid,1/15/2025,,
INNOHEP 20000 ANTI-XA IU-ML SYRING,TINZAPARIN SODIUM,0.7,ml,Biological,Prescription,Leo Pharma,Denmark,Valid,1/15/2025,,
INNOHEP 20000 ANTI-XA IU-ML SYRING,TINZAPARIN SODIUM,0.9,ml,Biological,Prescription,Leo Pharma,Denmark,Valid,1/15/2025,,
INNOHEP 20000 ANTI-XA IU-ML SYRING,TINZAPARIN SODIUM,0.5,ml,Biological,Prescription,Leo Pharma,Denmark,Valid,1/15/2025,,
INNOHEP 10000 ANTI-XA IU-ML VIAL,TINZAPARIN SODIUM,2,ml,Biological,Prescription,Leo Pharma,Denmark,Valid,1/15/2025,,
INNOHEP 10000 ANTI-XA IU-ML VIAL,TINZAPARIN SODIUM,2,ml,Biological,Prescription,Leo Pharma,Denmark,Valid,8/29/2022,,
INNOHEP 10000 ANTI-XA IU-ML SYRING,TINZAPARIN SODIUM,0.35,ml,Biological,Prescription,Leo Pharma,Denmark,Valid,2/4/2025,,
INNOHEP 10000 ANTI-XA IU-ML SYRING,TINZAPARIN SODIUM,0.45,ml,Biological,Prescription,Leo Pharma,Denmark,Valid,2/4/2025,,
INNOHEP 10000 ANTI-XA IU-ML SYRING,TINZAPARIN SODIUM,0.25,ml,Biological,Prescription,Leo Pharma,Denmark,Valid,8/1/2022,,
INFLUVAC VACCINE,"A/Victoria/2570/2019 (H1N1)pdm09- like virus,A/Darwin/9/2021 (H3N2)-like virus,B/Austria/1359417/2021 (B/Victoria lineage)-like virus",0.5,ml,Biological,Prescription,ABBOTT BIOLOGICALS,Netherlands,Valid,11/1/2022,,
INTELENCE 100 MG TABLETS,ETRAVIRINE,-,-,NCE,Prescription,JANSSEN-CILAG,Italy,Valid,10/3/2024,,
IOPAMIRO 300 INJ.,IOPAMIDOL,100,ml,Generic,Prescription,BRACCO,Italy,Valid,8/31/2022,,
IOPAMIRO 300 INJ.,IOPAMIDOL,50,ml,Generic,Prescription,BRACCO,Italy,Valid,8/31/2022,,
IOPAMIRO 300 INJ.,IOPAMIDOL,10,ml,Generic,Prescription,BRACCO,Italy,Valid,8/31/2022,,
IOPAMIRO 300 INJ.,IOPAMIDOL,30,ml,Generic,Prescription,BRACCO,Italy,Valid,8/31/2022,,
IOPAMIRO 200 INJ,IOPAMIDOL,10,ml,Generic,Prescription,BRACCO,Italy,Valid,8/31/2022,,
IOPAMIRO 150 INJ,IOPAMIDOL,250,ml,Generic,Prescription,BRACCO,Italy,Valid,8/31/2022,,
IOPAMIRO 150 INJ,IOPAMIDOL,100,ml,Generic,Prescription,BRACCO,Italy,Valid,8/31/2022,,
IOPAMIRO 370 INJ,IOPAMIDOL,30,ml,Generic,Prescription,BRACCO,Italy,Valid,8/31/2022,,
IOPAMIRO 150 INJ,IOPAMIDOL,50,ml,Generic,Prescription,BRACCO,Italy,Valid,8/31/2022,,
INVEGA 6MG EXTENDED- RELEASE TABLETS,PALIPERIDONE,-,-,NCE,Prescription,JANSSEN-CILAG,United States,Valid,8/29/2022,,
INVEGA 3MG EXTENDED- RELEASE TABLETS,PALIPERIDONE,-,-,NCE,Prescription,JANSSEN-CILAG,United States,Valid,8/29/2022,,
INTRATECT 50MG-ML SOLUTION FOR INFUSION,HUMAN IMMUNOGLOBULIN G,200,ml,Biological,Prescription,BIOTEST,Germany,Valid,8/31/2022,,
INTRATECT 50MG-ML SOLUTION FOR INFUSION,HUMAN IMMUNOGLOBULIN G,100,ml,Biological,Prescription,BIOTEST,Germany,Valid,8/31/2022,,
INTRATECT 50MG-ML SOLUTION FOR INFUSION,HUMAN IMMUNOGLOBULIN G,50,ml,Biological,Prescription,BIOTEST,Germany,Valid,8/31/2022,,
INTRATECT 50MG-ML SOLUTION FOR INFUSION,HUMAN IMMUNOGLOBULIN G,20,ml,Biological,Prescription,BIOTEST,Germany,Valid,8/31/2022,,
INVEGA 9MG EXTENDED- RELEASE TABLETS,PALIPERIDONE,-,-,NCE,Prescription,JANSSEN-CILAG,United States,Valid,8/29/2022,,
INFLA-BAN 50MG SUPP.,DICLOFENAC SODIUM,-,-,Generic,Prescription,APM,Jordan,Valid,8/29/2022,,
JOINTACE TABLET,"GLUCOSAMINE SULFATE,CHOLECALCIFEROL,CHONDROITIN,COPPER,CYANOCOBALAMIN,FOLIC ACID,GINGER EXTRACT,MANGANESE,TOCOPHEROL,SELENIUM SULFIDE,ZINC OXIDE,ASCORBIC ACID",-,-,Generic,OTC,THOMPSON & CAPPER,United Kingdom,Valid,11/17/2022,,
KONAKION MM 10MG-ML AMP I.V.,PHYTOMENADIONE,1,ml,NCE,Prescription,CENEXI,France,Valid,2/19/2025,,
KOATE DVI 500 IU VIAL,OMFILOCTOCOG ALFA,5,ml,Biological,Prescription,GRIFOLS THERAPEUTICS LLC,United States,Valid,11/20/2022,,
KOATE DVI 250 IU VIAL,OMFILOCTOCOG ALFA,5,ml,Biological,Prescription,GRIFOLS THERAPEUTICS LLC,United States,Valid,11/20/2022,,
KOATE DVI 1000 IU VIAL,OMFILOCTOCOG ALFA,10,ml,Biological,Prescription,GRIFOLS THERAPEUTICS LLC,United States,Valid,8/13/2023,,
KONAKION MM PAED 2MG-0.2ML AMP,PHYTOMENADIONE,0.2,ml,NCE,Prescription,CENEXI,France,Valid,6/19/2025,,
KORANDIL,ENALAPRIL MALEATE,-,-,Generic,Prescription,REMEDICA,Cyprus,Valid,7/3/2025,,
KULAX 65MG-100ML SYRUP,LACTULOSE,300,ml,Generic,OTC,KUWAIT SAUDI PHARMACEUTICAL INDUSTRIES,Kuwait,Valid,6/6/2024,,
LACTATED RINGERS,LACTATED RINGER(S),1000,ml,Generic,Prescription,McGAW,United States,Valid,8/21/2024,,
LACTATED RINGERS,LACTATED RINGER(S),500,ml,Generic,Prescription,McGAW,United States,Valid,8/21/2024,,
LACINE 50MG F.C. TABLETS,LOSARTAN POTASSIUM,-,-,Generic,Prescription,The Jordanian Pharmaceutical Manufacturing Medical Equipment Co. Ltd. (JPM),Jordan,Valid,2/10/2025,,
KWELL SHAMPOO,LINDANE,61,ml,NCE,OTC,RED AND CARNIK,United States,Valid,8/29/2022,,
KWELL LOTION,LINDANE,60,ml,NCE,OTC,RED AND CARNIK,United States,Valid,8/29/2022,,
KWELL CREAM,LINDANE,59,ml,NCE,OTC,RED AND CARNIK,United States,Valid,8/1/2022,,
KULAX 65MG-100ML SYRUP,LACTULOSE,200,ml,Generic,OTC,KUWAIT SAUDI PHARMACEUTICAL INDUSTRIES,Kuwait,Valid,6/6/2024,,
JOINTACE TABLET,"GLUCOSAMINE SULFATE,CHONDROITIN,COPPER,GINGER EXTRACT,MANGANESE,TOCOPHEROL,ZINC OXIDE,ASCORBIC ACID,CHOLECALCIFEROL,CYANOCOBALAMIN,FOLIC ACID,SELENIUM SULFIDE",-,-,Generic,OTC,THOMPSON & CAPPER,United Kingdom,Valid,11/17/2022,,
KETONIL 1MG-5ML SYRUP,KETOTIFEN,100,ml,Generic,OTC,Ram Pharmaceutical Industries,Jordan,Valid,2/10/2025,,
KETOFAN 25MG TAB,KETOPROFEN,-,-,Generic,Prescription,ALAMRIAH FOR PHARMACEUTICALS INDUSTRIES,Egypt,Valid,6/19/2025,,
KETESSE 25MG F.C.TABLET,DEXKETOPROFEN,-,-,NCE,Prescription,A MENARINI INDUSTRIE FARMACEUTICHE S.R.L,Italy,Valid,4/23/2025,,
KENACORT-A 40MG\ML INJ,TRIAMCINOLONE ACETONIDE,1,ml,NCE,Prescription,CATALENT ANGANI S.R.L,Italy,Valid,3/22/2025,,
KARVOL DECOGESTANT CAPS,"EUCALYPTUS OIL, MENTHOL",-,-,Generic,OTC,RECKITT BENCKISER HEALTHCARE INTERNATIONAL,United Kingdom,Valid,11/20/2022,,
KAPECT SUSP.,"KAOLIN,PECTIN",120,ml,Generic,OTC,EIPICO,Egypt,Valid,11/26/2024,,
KLARIMID 500MG F.C. TABLETS,CLARITHROMYCIN,-,-,Generic,Prescription,SPIMACO,Jordan,Valid,8/29/2022,,
KLARIMID 250MG-5ML SUSPENSION,CLARITHROMYCIN,100,ml,Generic,Prescription,SPIMACO,Jordan,Valid,8/29/2022,,
KLARIMID 250MG F.C. TABLETS,CLARITHROMYCIN,-,-,Generic,Prescription,SPIMACO,Jordan,Valid,8/29/2022,,
KLACID XL 500MG TAB,CLARITHROMYCIN,-,-,Generic,Prescription,ABBVIE SRL,Italy,Valid,3/6/2025,,
KLACID XL 500MG TAB,CLARITHROMYCIN,-,-,NCE,Prescription,Abbott Laboratories,United Kingdom,Valid,8/19/2024,,
KLACID 500MG COATED TAB,CLARITHROMYCIN,-,-,NCE,Prescription,ABBVIE SRL,Italy,Valid,8/19/2024,,
KIOVIG 100MG/ML SOLUTION FOR INFUSION,NORMAL HUMAN IMMUNOGLOBULIN,200,ml,Biological,Prescription,Baxalta Belgium Manufacturing S.A,Belgium,Valid,12/15/2022,,
KIOVIG 100MG/ML SOLUTION FOR INFUSION,NORMAL HUMAN IMMUNOGLOBULIN,100,ml,Biological,Prescription,Baxalta Belgium Manufacturing S.A,Belgium,Valid,12/15/2022,,
KIOVIG 100MG/ML SOLUTION FOR INFUSION,NORMAL HUMAN IMMUNOGLOBULIN,50,ml,Biological,Prescription,Baxalta Belgium Manufacturing S.A,Belgium,Valid,1/30/2025,,
KIOVIG 100MG/ML SOLUTION FOR INFUSION,NORMAL HUMAN IMMUNOGLOBULIN,25,ml,Biological,Prescription,Baxalta Belgium Manufacturing S.A,Belgium,Valid,1/30/2025,,
KIOVIG 100MG/ML SOLUTION FOR INFUSION,NORMAL HUMAN IMMUNOGLOBULIN,10,ml,Biological,Prescription,Baxalta Belgium Manufacturing S.A,Belgium,Valid,1/30/2025,,
KLACID 250MG TAB,CLARITHROMYCIN,-,-,NCE,Prescription,ABBVIE SRL,Italy,Valid,6/15/2025,,
INFLABAN 12.5MG SUPP.,DICLOFENAC SODIUM,-,-,Generic,Prescription,APM,Jordan,Valid,8/29/2022,,
INFLA-BAN 100MG SUPP.,DICLOFENAC SODIUM,-,-,Generic,Prescription,APM,Jordan,Valid,8/29/2022,,
Zistan SYRUP,CHLORPHENIRAMINE MALEATE,100,ml,Generic,OTC,KUWAIT SAUDI PHARMACEUTICAL INDUSTRIES,Kuwait,Valid,2/4/2025,,
Zistan 4 MG TABLETS,CHLORPHENIRAMINE MALEATE,-,-,Generic,OTC,KUWAIT SAUDI PHARMACEUTICAL INDUSTRIES,Kuwait,Valid,2/4/2025,,
HIKMA MIDAZOLAM 5MG-1ML AMPOULES,MIDAZOLAM,3,ml,Generic,Prescription,Hikma Farmaceutica,Portugal,Valid,10/7/2024,,
HIKMA HEPARIN 5000 IU/ML,HEPARIN SODIUM,5,ml,Biological,Prescription,Hikma Farmaceutica,Portugal,Valid,1/7/2025,,
HI-CAL,CALCIUM GLUBIONATE,100,ml,NCE,Prescription,MEDICAL UNION PHARMACEUTICALS CO,Egypt,Valid,8/1/2022,,
HIBOR 7500 I.U. - 0.3 ML PREFILLED SYRINGE,BEMIPARIN SODIUM,0.3,ml,Biological,Prescription,Rovi Pharma Industrial Service,Spain,Valid,8/7/2024,,
HIBOR 5000 I.U. - 0.2 ML PREFILLED SYRINGE,BEMIPARIN SODIUM,0.2,ml,Biological,Prescription,Rovi Pharma Industrial Service,Spain,Valid,8/7/2024,,
HIBOR 3500 I.U. - 0.2 ML PREFILLED SYRINGE,BEMIPARIN SODIUM,0.2,ml,Biological,Prescription,Rovi Pharma Industrial Service,Spain,Valid,8/7/2024,,
HIBOR 2500 I.U. - 0.2 ML PREFILLED SYRINGE,BEMIPARIN SODIUM,0.2,ml,Biological,Prescription,Rovi Pharma Industrial Service,Spain,Valid,8/29/2022,,
HIBOR 10000 I.U.- 0.4 ML PREFILLED SYRINGE,BEMIPARIN SODIUM,0.4,ml,Biological,Prescription,Rovi Pharma Industrial Service,Spain,Valid,8/7/2024,,
HUMAN ALBUMIN 5%,ALBUMIN HUMAN,250,ml,Biological,Prescription,OCTAPHARMA,Austria,Valid,8/21/2024,,
HUMAN ALBUMIN 200G-I TAKEDA,ALBUMIN HUMAN,50,ml,Biological,Prescription,TAKEDA MANUFACTURING AUSTRIA AG,Austria,Valid,4/23/2025,,
HUMAN ALBUMIN 20% +INFUSION SET,ALBUMIN HUMAN,50,ml,Biological,Prescription,BIOTEST,Germany,Valid,8/21/2024,,
HUMAN ALBUMIN 20% +INFUSION SET,ALBUMIN HUMAN,100,ml,Biological,Prescription,BIOTEST,Germany,Valid,8/21/2024,,
HUMAN ALBUMIN 20%,ALBUMIN HUMAN,50,ml,Biological,Prescription,OCTAPHARMA,Austria,Valid,8/21/2024,,
HUMAN ALBUMIN 20%,ALBUMIN HUMAN,100,ml,Biological,Prescription,OCTAPHARMA,Austria,Valid,8/21/2024,,
HOLOXAN 500MG VIAL IV,IFOSFAMIDE,-,-,NCE,Prescription,BAXTER ONCOLOGY,Germany,Valid,7/15/2025,,
HOLOXAN 2GM IV. VIAL,IFOSFAMIDE,-,-,NCE,Prescription,BAXTER ONCOLOGY,Germany,Valid,7/15/2025,,
HOLOXAN 1GM I.V. VIAL,IFOSFAMIDE,-,-,NCE,Prescription,BAXTER ONCOLOGY,Germany,Valid,7/15/2025,,
HUMALOG 100 I.U VIALS,INSULIN LISPRO,10,ml,Biological,Prescription,ELI LILLY,United States,Valid,1/15/2025,,
HUMAN ALBUMIN 5%,ALBUMIN HUMAN,250,ml,Biological,Prescription,BIOTEST,Germany,Valid,8/21/2024,,
HAVRIX 720 EFISA UNITS-.5ML JUNIOR VACCI,HEPATITIS A VIRUS,0.5,ml,Biological,Prescription,GLAXOSMITHKLINE (GSK),Belgium,Valid,2/28/2024,,
HALDOL DECANOAS INJ 50MG,HALOPERIDOL,1,ml,NCE,Prescription,JANSSEN PHARMACEUTICA N.V.,Belgium,Valid,2/28/2023,,
HALDOL DECANOAS INJ 100MG-ML,HALOPERIDOL,1,ml,NCE,Prescription,JANSSEN PHARMACEUTICA N.V.,Belgium,Valid,8/29/2022,,
HALDOL 5MG-ML AMP,HALOPERIDOL,1,ml,NCE,Prescription,JANSSEN PHARMACEUTICA N.V.,Belgium,Valid,8/29/2022,,
HALDOL 5MG TABLET,HALOPERIDOL,-,-,Generic,Prescription,LUSOMEDICAMENTA,Portugal,Valid,2/28/2023,,
HALDOL 2MG-ML DROPS,HALOPERIDOL,30,ml,NCE,Prescription,JANSSEN PHARMACEUTICA N.V.,Belgium,Valid,8/1/2022,,
HAIRGROW,MINOXIDIL,50,ml,Generic,OTC,DAR ALDAWA,Jordan,Valid,12/26/2023,,
HAIRGROW,MINOXIDIL,50,ml,Generic,OTC,DAR ALDAWA,Jordan,Valid,12/26/2023,,
HAIRGAIN 5% W-V SOLUTION FOR MEN,MINOXIDIL,60,ml,Generic,OTC,MEDPHARMA PHARMACEUTICAL & CHEMICAL INDUSTRIES,United Arab Emirates,Valid,8/17/2023,,
HAIRGAIN 2% W-V SOLUTION FOR WOMEN,MINOXIDIL,60,ml,Generic,OTC,MEDPHARMA PHARMACEUTICAL & CHEMICAL INDUSTRIES,United Arab Emirates,Valid,8/17/2023,,
HEMOCLAR CREAM 0.5GM-100GM,PENTOSAN POLYSULFATE,30,g,NCE,Prescription,sanofi-aventis,France,Valid,8/1/2022,,
HERCEPTIN 150MG VIAL,Trastuzumab,-,-,Biological,Prescription,ROCHE,Switzerland,Valid,5/8/2025,,
HEPSAL AMP 10 UNITS-ML,HEPARIN SODIUM,5,ml,Biological,Prescription,CP PHARMACEUTICAL LIMITED,United Kingdom,Valid,8/31/2022,,
HEPATECT CP,HUMAN HEPATITIS B IMMUNOGLOBULIN,10,ml,Biological,Prescription,BIOTEST,Germany,Valid,1/28/2025,,
HEPATECT CP,HUMAN HEPATITIS B IMMUNOGLOBULIN,2,ml,Biological,Prescription,BIOTEST,Germany,Valid,1/28/2025,,
Hepa-Merz,ORNITHINE,10,ml,NCE,Prescription,MERZ PHARMACEUTICAL,Germany,Valid,7/9/2025,,
Hepa-Merz,ORNITHINE,3,g,NCE,Prescription,MERZ PHARMACEUTICAL,Germany,Valid,7/27/2025,,
HEMOFIL M 500 IU VIAL,OMFILOCTOCOG ALFA,-,-,Biological,Prescription,BAXTER,United States,Valid,8/29/2022,,
HEMOFIL M 250 IU VIAL+10ML STERIL WATER,OMFILOCTOCOG ALFA,-,-,Biological,Prescription,BAXTER,United States,Valid,8/29/2022,,
HEMOFIL M 1000 IU VIAL+10ML STERIL WATER,OMFILOCTOCOG ALFA,-,-,Biological,Prescription,BAXTER,United States,Valid,8/29/2022,,
HEPATAMINE,"AMINO ACIDS, SOURCE UNSPECIFIED",500,ml,Generic,Prescription,McGAW,United States,Valid,8/31/2022,,
HUMAN ALBUMIN 5%,ALBUMIN HUMAN,50,ml,Biological,Prescription,BIOTEST,Germany,Valid,8/21/2024,,
HUMAN ALBUMIN 50G-I TAKEDA 250ML,ALBUMIN HUMAN,250,ml,Biological,Prescription,TAKEDA MANUFACTURING AUSTRIA AG,Austria,Valid,4/23/2025,,
HUMAN ALBUMIN GRIFOLS 20% I.V. INJECTION,ALBUMIN HUMAN,100,ml,Biological,Prescription,INSTITUTO GRIFOLS,Spain,Valid,8/21/2024,,
IMPLANON NXT IMPLANT 68MG,ETONOGESTREL,-,-,NCE,Prescription,N.V. Organon,Netherlands,Valid,7/9/2025,,
IMODIUM 2MG CAPSULE,LOPERAMIDE,-,-,Generic,OTC,LUSOMEDICAMENTA,Portugal,Valid,4/22/2025,,
IMMUNATE S-D 500 I.U. POWDER FOR INJ,"HUMAN COAGULATION FACTOR VIII,HUMAN VON WILLEBRAND FACTOR",5,ml,Biological,Prescription,TAKEDA MANUFACTURING AUSTRIA AG,Austria,Valid,7/14/2025,,
IMMUNATE S-D 250 I.U. POWDER FOR INJ,"HUMAN COAGULATION FACTOR VIII,HUMAN VON WILLEBRAND FACTOR",5,ml,Biological,Prescription,TAKEDA MANUFACTURING AUSTRIA AG,Austria,Valid,7/14/2025,,
IMMUNATE S-D 1000 I.U. POWDER FOR INJ,"HUMAN COAGULATION FACTOR VIII,HUMAN VON WILLEBRAND FACTOR",-,-,Biological,Prescription,TAKEDA MANUFACTURING AUSTRIA AG,Austria,Valid,7/14/2025,,
IMIGRAN 6MG-0.5ML AMP,SUMATRIPTAN,-,-,NCE,Prescription,GLAXO,United Kingdom,Valid,2/10/2025,,
IMIGRAN,SUMATRIPTAN,-,-,NCE,Prescription,DELPHARM POZNAN SPOLKA AKCYJNA,Poland,Valid,5/27/2025,,
INFASURF 35 MG/ML INTRATRACHEAL SUSPENSION,CALFACTANT,3,ml,NCE,Prescription,O.N.Y INC,United States,Valid,2/11/2025,,
INFASURF 35 MG/ML INTRATRACHEAL SUSPENSION,CALFACTANT,6,ml,NCE,Prescription,O.N.Y INC,United States,Valid,2/11/2025,,
INFANRIX HEXA VACCINE,"HEPATITIS B VIRUS HBSAG SURFACE ANTIGEN,DIPHTHERIA TOXOID,TETANUS TOXOID,PERTUSSIS TOXOID,INACTIVATED POLIO VIRUS (IPV) TYPE 1,INACTIVATED POLIO VIRUS (IPV) TYPE 3,HAEMOPHILUS INFLUENZAE TYPE B,INACTIVATED POLIO VIRUS (IPV) TYPE 2",-,-,Biological,Prescription,GLAXOSMITHKLINE BIOLOGICALS ,France,Valid,6/17/2025,,
INDOMIN CAP 25MG,INDOMETACIN,-,-,Generic,Prescription,Hikma Pharmaceuticals PLC,Jordan,Valid,8/29/2022,,
IMIGRAN,SUMATRIPTAN,-,-,NCE,Prescription,DELPHARM POZNAN SPOLKA AKCYJNA,Poland,Valid,5/27/2025,,
INDOMETHACIN CAPS 25MG,INDOMETACIN,-,-,Generic,Prescription,MISR COMPANY FOR MEDICAL PRODUCTS,Egypt,Valid,8/29/2022,,
INDICARDIN 10 mg tablet,PROPRANOLOL,-,-,Generic,Prescription,APM,Jordan,Valid,8/29/2022,,
INDICARDIN 40 mg tablet,PROPRANOLOL,-,-,Generic,Prescription,APM,Jordan,Valid,8/29/2022,,
INDERAL TABLETS 40 MG.,PROPRANOLOL,-,-,NCE,Prescription,ASTRAZENECA PHARMACEUTICAL LTD,China,Valid,1/19/2023,,
INDERAL TABLETS 10 MG.,PROPRANOLOL,-,-,NCE,Prescription,ASTRAZENECA PHARMACEUTICAL LTD,China,Valid,1/19/2023,,
INDERAL AMPULES 1MG-ML,PROPRANOLOL,1,ml,NCE,Prescription,AstraZeneca,United Kingdom,Valid,8/31/2022,,
VERORAB VACCINE ,RABIES VIRUS STRAIN PM-1503-3M ANTIGEN (PROPIOLACTONE INACTIVATED),0.5,ml,Biological,Prescription,SANOFI PASTEUR,France,Valid,8/1/2022,,
INDOCID 100MG SUPPOSITORIES,INDOMETACIN,-,-,Generic,Prescription,Algorithm SAL,Lebanon,Suspended,1/29/2025,,
IMIGRAN,SUMATRIPTAN,-,-,NCE,Prescription,DELPHARM POZNAN SPOLKA AKCYJNA,Poland,Valid,5/27/2025,,
IMIGRAN,SUMATRIPTAN,-,-,NCE,Prescription,DELPHARM POZNAN SPOLKA AKCYJNA,Poland,Valid,5/27/2025,,
IMAVIR 5% CREAM,ACYCLOVIR,5,g,Generic,Prescription,Amman Pharmaceutical Industries (API),Jordan,Valid,6/19/2025,,
HYLO-COMOD 0.1% EYE DROP,SODIUM HYALURONATE,10,ml,NCE,OTC,URSAPHARMA,Germany,Valid,4/24/2025,,
HYDROSONE 20MG TABLET,HYDROCORTISONE,-,-,Generic,Prescription,Hikma Pharmaceuticals PLC,Jordan,Valid,8/29/2022,,
HYDROCORTISONE 100M VIAL+SOLVENT 2ML AMP,HYDROCORTISONE SODIUM SUCCINATE,-,-,Generic,Prescription,EIPICO,Egypt,Valid,7/31/2023,,
HYALGAN 20MG-2ML PRE-FILLED SYRINGE,SODIUM HYALURONATE,2,ml,Generic,Prescription,FIDIA,Italy,Valid,8/29/2022,,
HUMULIN-R-REGULAR 100 U-ML,INSULIN HUMAN,10,ml,Biological,Prescription,ELI LILLY,United States,Valid,8/29/2022,,
HUMULIN-N-NPH 100 U-ML,INSULIN ISOPHANE,10,ml,Biological,Prescription,ELI LILLY,United States,Valid,8/29/2022,,
HUMULIN 70-30 100U-ML,INSULIN ISOPHANE,10,ml,Biological,Prescription,ELI LILLY,United States,Valid,8/29/2022,,
HUMAN ALBUMIN GRIFOLS 20% I.V. INJECTION,ALBUMIN HUMAN,50,ml,Biological,Prescription,INSTITUTO GRIFOLS,Spain,Valid,6/19/2025,,
FLUZYN 20MG CAPSULES,FLUOXETINE,-,-,Generic,Prescription,OMAN PHARMACEUTICAL PRODUCTS,Oman,Valid,8/29/2022,,
IMAVIR 5% CREAM,ACYCLOVIR,15,g,Generic,Prescription,Amman Pharmaceutical Industries (API),Jordan,Valid,6/19/2025,,
IBUTOP 5% GEL,IBUPROFEN,20,g,NCE,OTC,DOLORGIET PHARMACEUTICALS,Germany,Valid,8/29/2022,,
IBUTOP,IBUPROFEN,50,g,NCE,OTC,DOLORGIET PHARMACEUTICALS,Germany,Valid,8/29/2022,,
HYZAAR 50/12.5 mg film-coated tablet,"LOSARTAN POTASSIUM,HYDROCHLOROTHIAZIDE",-,-,NCE,Prescription,Organon Pharma (UK) Limited ,United Kingdom,Valid,4/23/2025,,
HYPOSEC 20 MG CAPSULE,OMEPRAZOLE,-,-,Generic,Prescription,Ram Pharmaceutical Industries,Jordan,Valid,4/24/2025,,
HYPODIPINE 5MG CAPSULES,AMLODIPINE BESILATE,-,-,Generic,Prescription,SPIMACO,Jordan,Valid,8/29/2022,,
HYOPAN SYRUP 5 MG-5 ML,HYOSCINE BUTYLBROMIDE,100,ml,Generic,OTC,KUWAIT SAUDI PHARMACEUTICAL INDUSTRIES,Kuwait,Valid,12/9/2024,,
HYZAAR,"LOSARTAN POTASSIUM,HYDROCHLOROTHIAZIDE",-,-,Generic,Prescription,PATHEON INC,Puerto Rico,Valid,11/8/2022,,
DOBUTAMINE HCL 250MG-20ML VIAL,DOBUTAMINE,20,ml,Generic,Prescription,HOSPIRA AUSTRALIA ,Australia,Valid,7/9/2025,,
DOBUJECT 50MG-ML(250MG-5ML) AMPOULE,DOBUTAMINE,5,ml,Generic,Prescription,Berlimed S.A.,Spain,Valid,8/31/2022,,
DIUSEMIDE 40 MG TAB,FUROSEMIDE,-,-,Generic,Prescription,APM,Jordan,Valid,8/29/2022,,
DIUSEMIDE 20MG-2ML AMP,FUROSEMIDE,2,ml,Generic,Prescription,HIKMA ITALIA SPA,Italy,Valid,3/6/2025,,
DISPERCAM GEL 0.5%,PIROXICAM,15,g,Generic,OTC,MEDICAL UNION PHARMACEUTICALS CO,Egypt,Valid,8/29/2022,,
DISPERCAM 20MG-ML AMP.FOR I-M USE,PIROXICAM,-,-,Generic,Prescription,MEDICAL UNION PHARMACEUTICALS CO,Egypt,Valid,8/29/2022,,
DOGMATIL AMP 100MG,SULPIRIDE,-,-,NCE,Prescription,sanofi-aventis,France,Valid,8/31/2022,,
DOGMATIL CAPS 50MG,SULPIRIDE,-,-,NCE,Prescription,sanofi-aventis,France,Valid,11/29/2023,,
DOPAMIN HCL 40MG-ML INJ VIAL,DOPAMINE HYDROCHLORIDE,10,ml,NCE,Prescription,HOSPIRA INC. ROCKY MOUNT,United States,Valid,1/12/2023,,
DONECEPT 5MG TABLET,DONEPEZIL HYDROCHLORIDE,-,-,Generic,Prescription,ACTAVIS,Malta,Valid,8/29/2022,,
DOLGIT CREAM 50MG-G,IBUPROFEN,50,g,NCE,OTC,DOLORGIET PHARMACEUTICALS,Germany,Valid,8/29/2022,,
DOGMATIL FORT TAB 200MG,SULPIRIDE,-,-,NCE,Prescription,Delpharm Dijon,France,Valid,12/8/2022,,
DOPAMIN HCL INJ 40MG-ML ,DOPAMINE HYDROCHLORIDE,5,ml,NCE,Prescription,HOSPIRA INC. ROCKY MOUNT,United States,Valid,1/29/2024,,
DIPROFOS INJ. 2ML,"BETAMETHASONE DIPROPIONATE,BETAMETHASONE SODIUM PHOSPHATE",2,ml,NCE,Prescription,Organon Heist bv,Belgium,Valid,6/19/2025,,
DIFFERIN 0.1% GEL,ADAPALENE,30,g,NCE,Prescription,GALDERMA,France,Valid,6/19/2025,,
DIFFERIN 0.1% CREAM,ADAPALENE,30,g,NCE,Prescription,GALDERMA,France,Valid,6/19/2025,,
DICYNONE 500 MG TABLETS,ETHAMSYLATE,-,-,Biological,Prescription,OM PHARMA,Switzerland,Valid,8/29/2022,,
DICYNONE 2ML-AMP 250MG,ETHAMSYLATE,-,-,Biological,Prescription,OM PHARMA,Switzerland,Valid,8/31/2022,,
DICLON 1% EMULGEL,DICLOFENAC SODIUM,45,g,Generic,OTC,MEDPHARMA PHARMACEUTICAL & CHEMICAL INDUSTRIES,United Arab Emirates,Valid,8/17/2023,,
DICLOGESIC 50MG SUPPOSITORY,DICLOFENAC SODIUM,-,-,Generic,Prescription,DAR ALDAWA,Jordan,Valid,3/27/2023,,
DICLOGESIC,DICLOFENAC SODIUM,-,-,Generic,Prescription,DAR ALDAWA,Jordan,Valid,4/24/2025,,
DILANYL SYRUP,TERBUTALINE,100,ml,Generic,Prescription,KUWAIT SAUDI PHARMACEUTICAL INDUSTRIES,Kuwait,Valid,8/22/2024,,
DIPEPTIVEN 20GM/100ML CONC,ALANYL GLUTAMINE,100,ml,NCE,Prescription,FRESENIUS KABI,Austria,Valid,8/1/2024,,
DIOVAN 80MG TAB,VALSARTAN,-,-,NCE,Prescription,"Siegfried Barbera, S.L",Spain,Valid,10/10/2024,,
DIOVAN 40MG F.C. TABLETS,VALSARTAN,-,-,NCE,Prescription,"Siegfried Barbera, S.L",Spain,Valid,10/10/2024,,
DIOVAN 160MGTAB,VALSARTAN,-,-,NCE,Prescription,"Siegfried Barbera, S.L",Spain,Valid,10/10/2024,,
DINTOINA TAB 100MG,PHENYTOIN SODIUM,-,-,NCE,Prescription,RECORDATI,Italy,Valid,8/29/2022,,
DILZEM RETARD,DILTIAZEM HYDROCHLORIDE,-,-,Generic,Prescription,PFIZER,Germany,Valid,2/20/2024,,
DIOVAN 320MG F.C. TABLETS,VALSARTAN,-,-,NCE,Prescription,"Siegfried Barbera, S.L",Spain,Valid,10/10/2024,,
DICLOGESIC,DICLOFENAC SODIUM,-,-,Generic,Prescription,DAR ALDAWA,Jordan,Valid,8/29/2022,,
DUROGESIC TTS 75 Ug-HOUR,FENTANYL,-,-,NCE,Prescription,JANSSEN PHARMACEUTICA N.V.,Belgium,Valid,8/29/2022,,
DUROGESIC TTS 50 Ug-HOUR,FENTANYL,-,-,NCE,Prescription,JANSSEN PHARMACEUTICA N.V.,Belgium,Valid,8/29/2022,,
DUROGESIC TTS 25 Ug-HOUR,FENTANYL,-,-,NCE,Prescription,JANSSEN PHARMACEUTICA N.V.,Belgium,Valid,8/29/2022,,
DUROGESIC TTS 100 Ug-HOUR,FENTANYL,-,-,NCE,Prescription,JANSSEN PHARMACEUTICA N.V.,Belgium,Valid,8/29/2022,,
DUROGESIC 12MCG-H TRASDERMAL PATCHES,FENTANYL,-,-,Generic,Prescription,JANSSEN PHARMACEUTICA N.V.,Belgium,Valid,8/29/2022,,
DURATEARS OCULAR OINT.,WOOL FAT HYDROUS,3.5,g,Generic,Prescription,S.A. Alcon Couvreur N.V,Belgium,Valid,10/2/2023,,
Ebetaxel 30mg/5ml,PACLITAXEL,5,ml,Generic,Prescription, Fareva Unterach GmbH ,Austria,Valid,10/3/2024,,
Ebetaxel 300mg/50ml,PACLITAXEL,50,ml,Generic,Prescription, Fareva Unterach GmbH ,Austria,Valid,10/9/2024,,
EBETAXEL 6MG-ML SOLU. FOR I.V. INFUSION,PACLITAXEL,16.7,ml,Generic,Prescription, Fareva Unterach GmbH ,Austria,Valid,10/9/2024,,
Ebetaxel 150mg/25ml,PACLITAXEL,25,ml,Generic,Prescription, Fareva Unterach GmbH ,Austria,Valid,10/9/2024,,
ELDOQUIN CREAM 2%,HYDROQUINONE,29.6,ml,Generic,OTC,I.C.N.PHARMACEUTICALS,United States,Valid,7/15/2025,,
DUPHALAC ORAL SOLUTION,LACTULOSE,300,ml,NCE,OTC,ABBOTT BIOLOGICALS,Netherlands,Valid,8/29/2022,,
EFEXOR XR 150 MG CAPSULES,VENLAFAXINE HYDROCHLORIDE,-,-,NCE,Prescription,PFIZER,Ireland,Valid,7/15/2025,,
ECALTA 100MG POWDER FOR CONCENTRATE FOR SOLUTION FOR INFUSION,ANIDULAFUNGIN,-,-,NCE,Prescription,PHARMACIA UPJOHN,United States,Valid,8/31/2022,,
EBIXA 20MG FILM COATED TABLETS,MEMANTINE HYDROCHLORIDE,-,-,NCE,Prescription,H. LUNDBECK,Denmark,Valid,8/29/2022,,
EBIXA 10 mg film-coated tablet,MEMANTINE HYDROCHLORIDE,-,-,NCE,Prescription,ROTTENDORF PHARMA GMBH,Germany,Valid,8/29/2022,,
EFEXOR XR 75 MG CAPSULES,VENLAFAXINE HYDROCHLORIDE,-,-,NCE,Prescription,PFIZER,Ireland,Valid,7/15/2025,,
DOXORUBICIN 2MG-MLVIAL,DOXORUBICIN HYDROCHLORIDE,50,ml,Generic,Prescription, Fareva Unterach GmbH ,Austria,Valid,5/13/2024,,
DOXORUBICIN 2MG-MLVIAL,DOXORUBICIN HYDROCHLORIDE,25,ml,Generic,Prescription, Fareva Unterach GmbH ,Austria,Valid,5/13/2024,,
DOXORUBICIN 2MG-MLVIAL,DOXORUBICIN HYDROCHLORIDE,5,ml,Generic,Prescription, Fareva Unterach GmbH ,Austria,Valid,5/13/2024,,
DOTAREM 376MG-ML PREFILLED SYRINGE,GADOTERIC ACID,15,ml,Radiopharmaceutical,Prescription,LABORATORIES GUERBET,France,Valid,8/31/2022,,
DOTAREM 376MG-ML PREFILLED SYRINGE,GADOTERIC ACID,20,ml,Radiopharmaceutical,Prescription,LABORATORIES GUERBET,France,Valid,8/31/2022,,
DOTAREM 0.5MOL-L GLASS BOTTLE W-STOPPER,"GADOTERIC ACID,GADOLINIUM OXIDE,DOTA",20,ml,Radiopharmaceutical,Prescription,LABORATORIES GUERBET,France,Valid,11/20/2022,,
DOTAREM 0.5MOL-L GLASS BOTTLE W-STOPPER,"GADOTERIC ACID,GADOLINIUM OXIDE,DOTA",10,ml,Radiopharmaceutical,Prescription,LABORATORIES GUERBET,France,Valid,11/20/2022,,
DOTAREM 0.5MOL-L GLASS BOTTLE W-STOPPER,GADOTERIC ACID,15,ml,Radiopharmaceutical,Prescription,LABORATORIES GUERBET,France,Valid,11/6/2022,,
DOSTINEX 0.5MG TABLET,CABERGOLINE,-,-,NCE,Prescription,PFIZER,Italy,Valid,3/15/2024,,
DOSTINEX 0.5MG TABLET,CABERGOLINE,-,-,NCE,Prescription,PFIZER,Italy,Valid,3/15/2024,,
DOROFEN 500-50 MG CAPSULE,"GLUCOSAMINE SULFATE,GINKGO BILOBA",-,-,NCE,Prescription,LIPTIS PHARMACEUTICALS,United States,Valid,5/24/2023,,
DORMICUM 15MG-3ML  AMP.,MIDAZOLAM,3,ml,Generic,Prescription,CENEXI,France,Valid,8/21/2024,,
DRAMYLIN PEDIATRIC SYRUP,"DIPHENHYDRAMINE HYDROCHLORIDE,SODIUM CITRATE,MENTHOL",120,ml,Generic,OTC,KUWAIT SAUDI PHARMACEUTICAL INDUSTRIES,Kuwait,Valid,1/16/2025,,
DRAMYLIN SYRUP,"AMMONIUM CHLORIDE,DIPHENHYDRAMINE HYDROCHLORIDE",120,ml,Generic,OTC,KUWAIT SAUDI PHARMACEUTICAL INDUSTRIES,Kuwait,Valid,1/16/2025,,
DUODART Capsule,"DUTASTERIDE,TAMSULOSIN HYDROCHLORIDE",-,-,NCE,Prescription,CATALENT,Germany,Valid,8/7/2024,,
DUBAM SPRAY,"ETHYL SALICYLATE, GLYCOL SALICYLATE, METHYL NICOTINATE, METHYL SALICYLATE",113,g,NCE,OTC,NORMA CHEMI,United Kingdom,Valid,8/1/2022,,
DROLATE 70 MG FILM COATED TABLETS,ALENDRONIC ACID,-,-,Generic,Prescription,The Jordanian Pharmaceutical Manufacturing Medical Equipment Co. Ltd. (JPM),Jordan,Valid,7/27/2025,,
DICLOGESIC,DICLOFENAC DIETHYLAMINE,30,g,Generic,OTC,DAR ALDAWA,Jordan,Valid,2/28/2024,,
DICLAC 75MG ID TABLETS,DICLOFENAC SODIUM,-,-,Generic,Prescription,HEXAL,Germany,Valid,5/13/2024,,
DIAMICRON MR TABLET,GLICLAZIDE,-,-,NCE,Prescription,LES LABORATOIRES SERVIER INDUSTRIE,France,Valid,4/6/2025,,
DIAMICRON 60MG MR TABLET,GLICLAZIDE,-,-,NCE,Prescription,LES LABORATOIRES SERVIER INDUSTRIE,France,Valid,4/6/2025,,
DEXTROSE 50%,DEXTROSE,500,ml,Generic,Prescription,McGAW,United States,Valid,8/31/2022,,
DEXTROSE 5%+SOD.CHLORIDE 0.20% INJ,"DEXTROSE,SODIUM CHLORIDE",1000,ml,Generic,Prescription,McGAW,United States,Valid,11/9/2022,,
DEXTROSE 5%+SOD.CHLORIDE 0.20% INJ,"DEXTROSE,SODIUM CHLORIDE",500,ml,Generic,Prescription,McGAW,United States,Valid,11/9/2022,,
DEXTROSE 70% SOLUTION  ,DEXTROSE,2000,ml,Generic,Prescription,BAXTER CORPORATION,United States,Valid,2/4/2025,,
DEXTROSE SOLUTION 70%,DEXTROSE,500,ml,Generic,Prescription,BAXTER CORPORATION,United States,Valid,10/8/2024,,
DICETEL TAB 50MG,PINAVERIUM BROMIDE,-,-,NCE,Prescription,ABBOTT HEALTHCARE SAS,France,Valid,10/29/2024,,
DIBEKACIN MEIJI,DIBEKACIN SULFATE,-,-,NCE,Prescription,MEIJI SEIKA,Japan,Valid,8/31/2022,,
DIBEKACIN MEIJI,DIBEKACIN SULFATE,-,-,NCE,Prescription,MEIJI SEIKA,Japan,Valid,8/31/2022,,
ELDOQUIN CREAM 2%,HYDROQUINONE,15,g,NCE,OTC,I.C.N.PHARMACEUTICALS,United States,Valid,7/15/2025,,
FERTAB 50MG TAB,CLOMIFENE,-,-,Generic,Prescription,OMAN PHARMACEUTICAL PRODUCTS,Oman,Valid,8/29/2022,,
FERRO-FOL CAPSULE,"FERROUS SULFATE,FOLIC ACID",-,-,Generic,OTC,EIPICO,Egypt,Valid,10/23/2024,,
FERRIPROX 500MG F.C.TABLET,DEFERIPRONE,-,-,NCE,Prescription,APOTEX,Canada,Valid,2/11/2025,,
FERRIPROX 100MG/ML ORAL SOLUTION,DEFERIPRONE,500,ml,NCE,Prescription,APOTEX,Canada,Valid,7/27/2025,,
FIRMAGON 80MG POWDER FOR SOLUTION FOR INJECTION,DEGARELIX,-,-,NCE,Prescription,RENTSCHLER BIOTECHNOLOGIE,Germany,Valid,11/3/2024,,
FIRMAGON 120 MG POWDER FOR SOLUTION FOR INJECTION,DEGARELIX,-,-,NCE,Prescription,RENTSCHLER BIOTECHNOLOGIE,Germany,Valid,11/3/2024,,
FINALLERG 1MG-1ML ORAL SOLUTION,CETIRIZINE HYDROCHLORIDE,100,ml,Generic,OTC,Pharma International Co.,Jordan,Valid,12/29/2024,,
FINALLERG 10MG F.C TABLET,CETIRIZINE HYDROCHLORIDE,-,-,Generic,OTC,Pharma International Co.,Jordan,Valid,12/29/2024,,
FENADEX 180MG F.C. TABLETS,FEXOFENADINE HYDROCHLORIDE,-,-,Generic,OTC,The Jordanian Pharmaceutical Manufacturing Medical Equipment Co. Ltd. (JPM),Jordan,Valid,7/27/2025,,
FENADEX 120 MG F- CTABLETS,FEXOFENADINE HYDROCHLORIDE,-,-,Generic,OTC,The Jordanian Pharmaceutical Manufacturing Medical Equipment Co. Ltd. (JPM),Jordan,Valid,8/22/2024,,
FEMOSTON 2-10 TABLET,"ESTRADIOL,DYDROGESTERONE",-,-,NCE,Prescription,ABBOTT BIOLOGICALS,Netherlands,Valid,11/21/2022,,
FEMOSTON 1-5 TABLET,"ESTRADIOL,DYDROGESTERONE",-,-,NCE,Prescription,ABBOTT BIOLOGICALS,Netherlands,Valid,5/2/2023,,
FEMOSTON 1-10 TABLET,"DYDROGESTERONE,ETHINYLESTRADIOL",-,-,NCE,Prescription,ABBOTT BIOLOGICALS,Netherlands,Valid,11/21/2022,,
FEIBA  25 U/ml POWDER & SOLVENT,FACTOR VIII INHIBITOR BYPASSING FRACTION,20,ml,Biological,Prescription,TAKEDA MANUFACTURING AUSTRIA AG,Austria,Valid,7/27/2025,,
FAWAR LEMON EFFERVESCENT SALT SACHETS 5G,"SODIUM BICARBONATE,TARTARIC ACID,CITRIC ACID ANHYDROUS",-,-,Generic,OTC,PHARCO PHARMACEUTICAL,Egypt,Valid,10/16/2024,,
FAWAR FRUIT EFFERVESCENT SALT SACHETS 5G,"SODIUM BICARBONATE,TARTARIC ACID,CITRIC ACID ANHYDROUS",-,-,Generic,OTC,PHARCO PHARMACEUTICAL,Egypt,Valid,10/16/2024,,
FENAMIC 250 MG CAP,MEFENAMIC ACID,-,-,Generic,Prescription,KUWAIT SAUDI PHARMACEUTICAL INDUSTRIES,Kuwait,Valid,6/6/2024,,
FER-IN-SOL DROPS 15MG-0.6ML (ELEMENTAL I,FERROUS SULFATE,50,ml,Generic,OTC,MEADJOHNSON,United States,Valid,8/29/2022,,
Fentanyl Piramal  0.05MG-ML AMPOULES,FENTANYL,10,ml,NCE,Prescription,GLAXO SMITHKLINE MANUFACTURING S.P.A. PHARMA,Italy,Valid,12/1/2024,,
Fentanyl Piramal 0.05MG-ML AMPOULES,FENTANYL,2,ml,NCE,Prescription,DEMO S.A.,Greece,Valid,12/1/2024,,
Fentanyl Piramal 0.05MG-ML AMPOULES,FENTANYL,10,ml,NCE,Prescription,DEMO S.A.,Greece,Valid,12/1/2024,,
Fentanyl Piramal 0.05MG-ML AMPOULES,FENTANYL,2,ml,NCE,Prescription,DEMO S.A,Greece,Valid,12/1/2024,,
FENISTIL GEL,DIMETHINDENE MALEATE,30,g,NCE,OTC,Haleon CH SARL,Switzerland,Valid,7/15/2025,,
FENISTIL DROPS 0.1G-100ML,DIMETHINDENE MALEATE,20,ml,NCE,OTC,Haleon CH SARL,Switzerland,Valid,12/11/2024,,
FENOGAL 200MG LIDOSE CAPSULES,FENOFIBRATE,-,-,NCE,Prescription,S.M.B.,Belgium,Valid,8/29/2022,,
FAVERIN 50MG EC TABS,FLUVOXAMINE MALEATE,-,-,NCE,Prescription,Mylan Laboratories SAS ,France,Valid,8/3/2025,,
FLAMAZINE CREAM 1%,SULFADIAZINE SILVER,250,g,NCE,OTC,SMITH & NEPHEW PHARMACEUTICALS,United Kingdom,Valid,8/29/2022,,
FLUDREX SYRUP,"PARACETAMOL,PSEUDOEPHEDRINE HYDROCHLORIDE,CHLORPHENIRAMINE MALEATE",120,ml,Generic,OTC,KUWAIT SAUDI PHARMACEUTICAL INDUSTRIES,Kuwait,Valid,4/24/2025,,
FLUDARA 10MG F.C TABLETS,FLUDARABINE PHOSPHATE,-,-,NCE,Prescription,"Delpharm Lille S.A.S,",France,Valid,7/6/2025,,
FLUCAND 200MG-100ML INFUSION VIAL,FLUCONAZOLE,100,ml,Generic,Prescription,Hikma Farmaceutica,Portugal,Valid,8/21/2024,,
FLUANXOL DEPOT INJ 20MG-ML,FLUPENTIXOL,1,ml,NCE,Prescription,H. LUNDBECK,Denmark,Valid,2/10/2025,,
FLUANXOL DEPOT 100MG-ML I.M AMP,FLUPENTIXOL,1,ml,NCE,Prescription,H. LUNDBECK,Denmark,Valid,2/10/2025,,
FLUANXOL 3MG TAB,FLUPENTIXOL,-,-,NCE,Prescription,H. LUNDBECK,Denmark,Valid,8/29/2022,,
FLUANXOL 1MG TAB,FLUPENTIXOL,-,-,NCE,Prescription,H. LUNDBECK,Denmark,Valid,8/29/2022,,
FLUANXOL 0.5MG TAB,FLUPENTIXOL,-,-,NCE,Prescription,H. LUNDBECK,Denmark,Valid,8/29/2022,,
FLUDREX SYRUP,"PARACETAMOL,PSEUDOEPHEDRINE HYDROCHLORIDE,CHLORPHENIRAMINE MALEATE",60,ml,Generic,OTC,KUWAIT SAUDI PHARMACEUTICAL INDUSTRIES,Kuwait,Valid,6/6/2024,,
FLUDREX TAB,"PARACETAMOL,CAFFEINE CITRATE,PSEUDOEPHEDRINE HYDROCHLORIDE,CHLORPHENIRAMINE MALEATE",-,-,Generic,OTC,KUWAIT SAUDI PHARMACEUTICAL INDUSTRIES,Kuwait,Valid,5/8/2025,,
FLUIMUCIL 100MG/1GM GRANULES FOR ORAL SOLUTION ,ACETYLCYSTEINE,-,-,Generic,Prescription,ZAMBON SWITZERLAND LTD,Switzerland,Valid,8/29/2022,,
FLUIMUCIL 200MG/1GM GRANULES FOR ORAL SOLUTION ,ACETYLCYSTEINE,-,-,Generic,Prescription,ZAMBON SWITZERLAND LTD,Switzerland,Valid,12/1/2024,,
FLUOXETIN HEXAL 20MG CAPSULES,FLUOXETINE,-,-,Generic,Prescription,HEXAL,Germany,Valid,5/13/2024,,
Fluorouracil Ebewe  500mg/10ml,FLUOROURACIL,10,ml,Generic,Prescription, Fareva Unterach GmbH ,Austria,Valid,5/13/2024,,
Fluorouracil Ebewe  1000mg/20ml,FLUOROURACIL,20,ml,Generic,Prescription, Fareva Unterach GmbH ,Austria,Valid,5/13/2024,,
Fluorouracil Ebewe  5000mg/100ml,FLUOROURACIL,100,ml,Generic,Prescription, Fareva Unterach GmbH ,Austria,Valid,5/13/2024,,
FLUANXOL 0.5MG TAB,FLUPENTIXOL,-,-,NCE,Prescription,H. LUNDBECK,Denmark,Valid,8/29/2022,,
FLUOROURACIL 500MG-10ML VIAL,FLUOROURACIL,10,ml,NCE,Prescription,HOSPIRA AUSTRALIA ,Australia,Valid,8/29/2022,,
FLUORETS OPTH.STRIPS,FLUORESCEIN SODIUM,-,-,NCE,Prescription,CHAUVIN BAUSCH & LOMB,United Kingdom,Valid,8/1/2022,,
FLUKAS 200 VIAL,FLUCONAZOLE,100,ml,Generic,Prescription,LES LABORATOIRES MEDIS,Tunisia,Valid,4/24/2025,,
FLUKAS 100 VIAL,FLUCONAZOLE,50,ml,Generic,Prescription,LES LABORATOIRES MEDIS,Tunisia,Valid,4/24/2025,,
FLAMAZINE CREAM 1%,SULFADIAZINE SILVER,50,g,NCE,OTC,SMITH & NEPHEW PHARMACEUTICALS,United Kingdom,Valid,8/29/2022,,
FLIXOTIDE 125 MCG EVOHALER,FLUTICASONE PROPIONATE,-,-,Generic,Prescription,GLAXOWELLCOME,France,Valid,9/16/2024,,
FLIXOTIDE 0.5MG-2ML NEBULE,FLUTICASONE PROPIONATE,-,-,NCE,Prescription,GLAXOSMITHKLINE (GSK),Australia,Valid,8/29/2022,,
Otri Allergy Nasal Spray,FLUTICASONE PROPIONATE,120,dose,NCE,OTC,GLAXOWELLCOME,Spain,Valid,5/18/2025,,
FLEET ENEMA,"PHOSPHATE SODIUM MONOBASIC,SODIUM PHOSPHATE",133,ml,Generic,OTC,C.P FLIT,United States,Valid,11/29/2022,,
FLEET ENEMA,"PHOSPHATE SODIUM MONOBASIC,SODIUM PHOSPHATE",66,ml,Generic,OTC,C.P FLIT,United States,Valid,11/29/2022,,
FLECTOR EP TISSUGEL 1GM PATCHES,DICLOFENAC EPOLAMINE,-,-,NCE,OTC,IBSA INSTITUTE BIOCHIMIQUE S.A,Switzerland,Valid,7/21/2025,,
FLIXOTIDE 2MG-2ML NEBULE,FLUTICASONE PROPIONATE,-,-,NCE,Prescription,GLAXOSMITHKLINE (GSK),Australia,Valid,8/29/2022,,
FLIXOTIDE 50 MCG EVOHALER,FLUTICASONE PROPIONATE,-,-,Generic,Prescription,GLAXOWELLCOME,France,Valid,8/29/2022,,
FLOXAPEN SYP 125MG-5ML,FLUCLOXACILLIN,100,ml,NCE,Prescription,SMIITHKLINE BEECHAM,United Kingdom,Valid,1/9/2025,,
FLOXAPEN CAPS 250MG,FLUCLOXACILLIN,-,-,NCE,Prescription,SMIITHKLINE BEECHAM,United Kingdom,Valid,1/9/2025,,
FLOXAPEN 500MG CAPS,FLUCLOXACILLIN,-,-,NCE,Prescription,SMIITHKLINE BEECHAM,United Kingdom,Valid,1/9/2025,,
FLOXAPEN 250MG-5ML POWD.FOR SUSP,FLUCLOXACILLIN,100,ml,NCE,Prescription,SMIITHKLINE BEECHAM,United Kingdom,Valid,1/9/2025,,
FLIXOTIDE EVOHALER 250MCG,FLUTICASONE PROPIONATE,-,-,Generic,Prescription,GLAXOWELLCOME,France,Valid,9/16/2024,,
FAVERIN 100MG EC TABS,FLUVOXAMINE MALEATE,-,-,NCE,Prescription,Mylan Laboratories SAS ,France,Valid,8/3/2025,,
EPICOCILLIN VIAL 1G,AMPICILLIN,-,-,Generic,Prescription,EIPICO,Egypt,Valid,5/16/2024,,
EPENTAL 1G VIAL,THIOPENTAL SODIUM,-,-,Generic,Prescription,EIPICO,Egypt,Valid,8/31/2022,,
EPENTAL 0.5G VIAL,THIOPENTAL SODIUM,-,-,Generic,Prescription,EIPICO,Egypt,Valid,8/31/2022,,
EPANUTIN,PHENYTOIN SODIUM,-,-,Generic,Prescription,PFIZER,Germany,Valid,2/13/2025,,
ENEMACORT 0.02MG-ML TABLET FOR ENEMA,BUDESONIDE,115,ml,Generic,Prescription,MEDICAL UNION PHARMACEUTICALS CO,Egypt,Valid,4/24/2025,,
ENDOXAN. VIAL 200 MG,CYCLOPHOSPHAMIDE,-,-,NCE,Prescription,BAXTER ONCOLOGY,Germany,Valid,7/15/2025,,
ENDOXAN. VIAL 1 GM.,CYCLOPHOSPHAMIDE,-,-,NCE,Prescription,BAXTER ONCOLOGY,Germany,Valid,7/15/2025,,
ENDOXAN. VIAL 500 MG,CYCLOPHOSPHAMIDE,-,-,NCE,Prescription,BAXTER ONCOLOGY,Germany,Valid,7/15/2025,,
ENDOXAN SUGAR COATED TABLET ,CYCLOPHOSPHAMIDE,-,-,NCE,Prescription,PRASFARMA S.L.,Spain,Valid,7/15/2025,,
EPICOCILLIN VIAL 500MG,AMPICILLIN,-,-,Generic,Prescription,EIPICO,Egypt,Valid,11/29/2023,,
EPICOGEL SUSPENSION,"ALUMINIUM HYDROXIDE DRIED,MAGNESIUM HYDROXIDE,DIMETHICONE",125,ml,NCE,OTC,EIPICO,Egypt,Valid,1/11/2023,,
EPIFASI 5000 IU LYOPHILIZED POWDER FOR I.M. Injection*,GONADOTROPHIN CHORIONIC HUMAN,-,-,Biological,Prescription,EIPICO,Egypt,Valid,2/27/2024,,
EPIVIR 150MG F.C TABLET,LAMIVUDINE,-,-,Generic,Prescription,GLAXO OPERATION,United Kingdom,Valid,6/9/2024,,
EPIVIR 10 MG \ ML ORAL SOLUTION,LAMIVUDINE,240,ml,NCE,Prescription,Bora Pharmaceutical Services Inc,Canada,Valid,6/9/2024,,
EPISTIGMIN 2.5MG/ML VIAL,NEOSTIGMINE METHYLSULFATE,5,ml,NCE,Prescription,EIPICO,Egypt,Valid,8/31/2022,,
Epirubicin “Ebewe” 200mg/100ml,EPIRUBICIN HYDROCHLORIDE,100,ml,Generic,Prescription, Fareva Unterach GmbH ,Austria,Valid,5/13/2024,,
Epirubicin “Ebewe” 50mg/25ml,EPIRUBICIN HYDROCHLORIDE,25,ml,Generic,Prescription, Fareva Unterach GmbH ,Austria,Valid,5/13/2024,,
EPIRAZOLE 20MG CAPS(E.C.PELLETS),OMEPRAZOLE,-,-,Generic,Prescription,EIPICO,Egypt,Valid,8/13/2024,,
EPINEPHRINE INJ,ADRENALINE,10,ml,NCE,Prescription,HOSPIRA,United States,Valid,8/21/2023,,
EPIMAG EFFERVESCENT GRANULE SACHET,MAGNESIUM CITRATE,5,g,Generic,OTC,EIPICO,Egypt,Valid,11/26/2024,,
EPILAT 10MG CAPS,NIFEDIPINE,-,-,Generic,Prescription,EIPICO,Egypt,Valid,8/29/2022,,
EPIGONAL 75 I.U. LYOPHILIZED POWDER FOR I.M. Injection*," FOLLICLE STIMULATING HORMONE (FSH),LUTEINIZING HORMONE (LH)",-,-,Biological,Prescription,EIPICO,Egypt,Valid,2/27/2024,,
EPIFENAC 75MG/3ML SOLUTION FOR INJECTION,DICLOFENAC SODIUM,3,ml,Generic,Prescription,EIPICO,Egypt,Valid,10/16/2024,,
Epirubicin “Ebewe” 10mg/5ml,EPIRUBICIN HYDROCHLORIDE,5,ml,Generic,Prescription, Fareva Unterach GmbH ,Austria,Valid,5/13/2024,,
EPIZOLONE DEPOT 40MG/ML VIAL,METHYLPREDNISOLONE,1,ml,Generic,Prescription,EIPICO,Egypt,Valid,2/1/2023,,
EMICIPRO 500MG F.C. TABLETS,CIPROFLOXACIN,-,-,Generic,Prescription,GLOBAL PHARMA,United Arab Emirates,Valid,3/21/2023,,
ELIQUIS 5MG FILM COATED TABLET,APIXABAN,-,-,NCE,Prescription,PFIZER,Ireland,Valid,2/20/2024,,
ELIQUIS 2.5MG FILM COATED TABLET,APIXABAN,-,-,NCE,Prescription,PFIZER,Ireland,Valid,2/20/2024,,
ELIQUIS 2.5MG FILM COATED TABLET,APIXABAN,-,-,NCE,Prescription,PFIZER,Ireland,Valid,2/20/2024,,
ELIDEL 1% CREAM,PIMECROLIMUS,30,g,NCE,Prescription,MEDA Manufacturing,France,Valid,7/15/2025,,
EMIDOL 120MG-5ML SUSPENSION,PARACETAMOL,100,ml,Generic,OTC,GLOBAL PHARMA,United Arab Emirates,Valid,11/6/2023,,
EMIDOL 500MG TABLET,PARACETAMOL,-,-,Generic,OTC,GLOBAL PHARMA,United Arab Emirates,Valid,6/19/2025,,
ENABLEX 7.5MG PROLONGED RELEASE TABLETS,DARIFENACIN HYDROBROMIDE,-,-,NCE,Prescription,ASPEN Bad Oldesloe GmbH,Germany,Valid,5/12/2025,,
ENABLEX 15MG PROLONGED RELEASE TABLETS,DARIFENACIN HYDROBROMIDE,-,-,NCE,Prescription,ASPEN Bad Oldesloe GmbH,Germany,Valid,5/12/2025,,
E-MOX 250MG DRY MIX.,AMOXICILLIN,100,ml,Generic,Prescription,EIPICO,Egypt,Valid,10/29/2024,,
E-MOX 125MG DRY MIX.,AMOXICILLIN,100,ml,Generic,Prescription,EIPICO,Egypt,Valid,8/29/2022,,
EMIMYCIN 500 MG TABLETS,CLARITHROMYCIN,-,-,Generic,Prescription,GLOBAL PHARMA,United Arab Emirates,Valid,3/21/2023,,
EMILOK 20MG CAPSULES,OMEPRAZOLE,-,-,Generic,Prescription,TOWA PHARMACEUTICAL EUROPE S L,Spain,Valid,4/24/2025,,
EMIFENAC 50 MG DISPERSABLE TAB.,DICLOFENAC SODIUM,-,-,Generic,Prescription,GLOBAL PHARMA,United Arab Emirates,Valid,12/6/2023,,
EMIFEN 600 MG F-C TAB,IBUPROFEN,-,-,Generic,Prescription,GLOBAL PHARMA,United Arab Emirates,Valid,6/6/2023,,
EMIFEN 100MG-5ML SUSPENSION,IBUPROFEN,100,ml,Generic,OTC,GLOBAL PHARMA,United Arab Emirates,Valid,11/6/2023,,
E-MOX 500MG CAPS,AMOXICILLIN,-,-,Generic,Prescription,EIPICO,Egypt,Valid,8/29/2022,,
EPREX 1000 U-0.5ML PREFILLED SYRING,EPOETIN ALFA,0.5,ml,Biological,Prescription,JANSSEN-CILAG,Switzerland,Valid,1/15/2025,,
EPREX 10000 U -ML PREFILLED SYRING,EPOETIN ALFA,1,ml,Biological,Prescription,JANSSEN-CILAG,Switzerland,Valid,1/15/2025,,
EPREX 2000 U-0.5ML PREFILLED SYRING,EPOETIN ALFA,0.5,ml,Biological,Prescription,JANSSEN-CILAG,Switzerland,Valid,1/15/2025,,
EXJADE 250MG DISPERSIBLE TABLETS,DEFERASIROX,-,-,NCE,Prescription,NOVARTIS,Switzerland,Valid,1/22/2024,,
EXJADE 125MG DISPERSIBLE TABLETS,DEFERASIROX,-,-,NCE,Prescription,NOVARTIS,Switzerland,Valid,9/19/2023,,
EXFORGE HCT 5MG/160MG/25MG FILM COATED TABLET,"VALSARTAN,HYDROCHLOROTHIAZIDE,AMLODIPINE BESILATE",-,-,NCE,Prescription,NOVARTIS FARMA S.P.A,Italy,Valid,12/7/2023,,
EXFORGE HCT 5MG/160MG/12.5MG FILM COATED TABLET,"VALSARTAN,HYDROCHLOROTHIAZIDE,AMLODIPINE BESILATE",-,-,NCE,Prescription,NOVARTIS FARMA S.P.A,Italy,Valid,12/7/2023,,
EXFORGE HCT 10MG/320MG/25MG FILM COATED TABLET,"VALSARTAN,HYDROCHLOROTHIAZIDE,AMLODIPINE BESILATE",-,-,NCE,Prescription,NOVARTIS FARMA S.P.A,Italy,Valid,12/7/2023,,
EXFORGE HCT 10MG/160MG/25MG FILM COATED TABLET,"VALSARTAN,HYDROCHLOROTHIAZIDE,AMLODIPINE BESILATE",-,-,NCE,Prescription,NOVARTIS FARMA S.P.A,Italy,Valid,12/7/2023,,
EXFORGE HCT 10MG/160MG/12.5MG FILM COATED TABLET,"VALSARTAN,HYDROCHLOROTHIAZIDE,AMLODIPINE BESILATE",-,-,NCE,Prescription,NOVARTIS FARMA S.P.A,Italy,Valid,12/7/2023,,
EXFORGE 5MG-160 MG F.C. TABLETS,"VALSARTAN,AMLODIPINE BESILATE",-,-,NCE,Prescription,"Siegfried Barbera, S.L",Spain,Valid,3/18/2025,,
EXFORGE 10 MG-160 MG F-C TABLETS,"VALSARTAN,AMLODIPINE BESILATE",-,-,NCE,Prescription,"Siegfried Barbera, S.L",Spain,Valid,3/18/2025,,
EXELON 9.5MG-24H TRANSDERMAL PATCHES,RIVASTIGMINE,-,-,NCE,Prescription,LTS LOHMANN Therapie-Systeme,Germany,Valid,9/27/2023,,
EXELON 6 mg capsule,RIVASTIGMINE,-,-,NCE,Prescription,"Siegfried Barbera, S.L",Spain,Valid,8/29/2022,,
EXELON 4.6MG-24H TRANSDERMAL PATCHES,RIVASTIGMINE,-,-,NCE,Prescription,LTS LOHMANN Therapie-Systeme,Germany,Valid,9/27/2023,,
EXELON 3 mg capsule,RIVASTIGMINE,-,-,NCE,Prescription,"Siegfried Barbera, S.L",Spain,Valid,8/29/2022,,
EXELON 1.5 mg capsule,RIVASTIGMINE,-,-,NCE,Prescription,"Siegfried Barbera, S.L",Spain,Valid,8/29/2022,,
EXJADE 500MG DISPERSIBLE TABLETS,DEFERASIROX,-,-,NCE,Prescription,NOVARTIS,Switzerland,Valid,1/22/2024,,
FASTUM 2.5% GEL,KETOPROFEN,50,g,Generic,Prescription,A MENARINI INDUSTRIE FARMACEUTICHE S.R.L,Italy,Valid,6/6/2024,,
FARCOLIN 0.5% RESPIRATOR Solution,SALBUTAMOL,20,ml,Generic,Prescription,PHARCO PHARMACEUTICAL,Egypt,Valid,10/16/2024,,
FAMPYRA 10MG Prolonged-release tablet,FAMPRIDINE,-,-,NCE,Prescription,ALKERMES PHARMA,Ireland,Valid,7/7/2024,,
EVRA TRANSDERMAL PATCHES,"ETHINYLESTRADIOL,NORELGESTROMIN",-,-,Generic,Prescription,LTS LOHMANN Therapie-Systeme,Germany,Valid,7/8/2025,,
EZOLVIN 8MGTAB,BROMHEXINE,-,-,Generic,OTC,KUWAIT SAUDI PHARMACEUTICAL INDUSTRIES,Kuwait,Valid,6/19/2025,,
EZOLVIN 4MG\5ML SYRUP,BROMHEXINE,100,ml,Generic,OTC,KUWAIT SAUDI PHARMACEUTICAL INDUSTRIES,Kuwait,Valid,1/16/2025,,
EYLOX 0.3% EYE DROPS,OFLOXACIN,10,ml,Generic,Prescription,Amman Pharmaceutical Industries (API),Jordan,Valid,12/15/2024,,
EVIT 400MG CAPSULES,ALPHA TOCOFERIL,-,-,Generic,OTC,EUROPEAN EGYPTIAN PHARMACEUTICAL IND. CO,Egypt,Valid,10/10/2023,,
ERACID 500MG FILM COATED TABLETS,CLARITHROMYCIN,-,-,Generic,Prescription,The Jordanian Pharmaceutical Manufacturing Medical Equipment Co. Ltd. (JPM),Jordan,Valid,8/29/2022,,
ERACID 250MG TABLET,CLARITHROMYCIN,-,-,Generic,Prescription,The Jordanian Pharmaceutical Manufacturing Medical Equipment Co. Ltd. (JPM),Jordan,Valid,11/26/2024,,
EPREX 4000IU-0.4ML PROFILLED SYRING,EPOETIN ALFA,0.4,ml,Biological,Prescription,JANSSEN-CILAG,Switzerland,Valid,2/4/2025,,
EPREX 40000 IU\ML PRE-FILLED SYRINGE,EPOETIN ALFA,1,ml,Biological,Prescription,JANSSEN-CILAG,Switzerland,Valid,1/15/2025,,
ESMERON 10MG\ML VIAL,ROCURONIUM BROMIDE,5,ml,NCE,Prescription, N.V. Organon,Netherlands,Valid,6/10/2024,,
"ETOPOSID ""EBEWE"" 20MG-ML VIAL",ETOPOSIDE,5,ml,Generic,Prescription, Fareva Unterach GmbH ,Austria,Valid,5/13/2024,,
EUTHYROX,LEVOTHYROXINE SODIUM,-,-,NCE,Prescription,Merck Healthcare KGaA,Germany,Valid,6/6/2023,,
EUTHYROX,LEVOTHYROXINE SODIUM,-,-,NCE,Prescription,Merck Healthcare KGaA,Germany,Valid,6/6/2023,,
EUTHYROX,LEVOTHYROXINE SODIUM,-,-,NCE,Prescription,Merck Healthcare KGaA,Germany,Valid,6/6/2023,,
EUTHYROX,LEVOTHYROXINE SODIUM,-,-,NCE,Prescription,Merck Healthcare KGaA,Germany,Valid,6/6/2023,,
"ETOPOSID ""EBEWE"" 200MG VIAL",ETOPOSIDE,10,ml,Generic,Prescription, Fareva Unterach GmbH ,Austria,Valid,5/13/2024,,
EUDYNA GEL 0.05%,TRETINOIN,20,g,NCE,Prescription,Knoll Pharmaceuticals,Germany,Valid,8/29/2022,,
EUCARBON TAB,CHARCOAL,-,-,Generic,OTC,F TRNKA AUSTRIA,Austria,Valid,8/18/2024,,
EUCARBON,CHARCOAL,-,-,NCE,OTC,F TRNKA AUSTRIA,Austria,Valid,8/18/2024,,
ETRIVEX 0.05% SHAMPOO,CLOBETASOL PROPIONATE,125,ml,Generic,Prescription,GALDERMA,France,Valid,1/13/2025,,
ETORIA 90MG FILM COATED TABLETS,Etoricoxib,-,-,Generic,Prescription,Rovi Pharma Industrial Service,Spain,Valid,12/12/2022,,
ETORIA 60MG FILM COATED TABLETS,Etoricoxib,-,-,Generic,Prescription,Rovi Pharma Industrial Service,Spain,Valid,12/12/2022,,
ETORIA 120MG FILM COATED TABLETS,Etoricoxib,-,-,Generic,Prescription,Rovi Pharma Industrial Service,Spain,Valid,12/12/2022,,
EUDYNA CREAM 0.05%,TRETINOIN,20,g,NCE,Prescription,Knoll Pharmaceuticals,Germany,Valid,8/29/2022,,
L-CET 5 mg film-coated tablet,LEVOCETIRIZINE DIHYDROCHLORIDE,-,-,Generic,OTC,OMAN PHARMACEUTICAL PRODUCTS,Oman,Valid,8/29/2022,,
STABLIX 0.5 ML SUSPENSION FOR INJECTION Vials,TETANUS TOXOID,0.5,ml,Biological,Prescription,PT Bio Farma ( Persero ) ,Indonesia,Valid,8/29/2022,,
VITREAL S OPHTHALMIC SUSPENSION,TRIAMCINOLONE ACETONIDE,2,ml,Generic,Prescription,Sooft Italia SBA,Italy,Valid,8/21/2024,,
ENCIFER 20MG/ML SOLU. FOR I.V. INJECTION,IRON SUCROSE,5,ml,Generic,Prescription,Emcure Pharmaceuticals Ltd. ,India,Valid,8/31/2022,,
IMTUS 20MG/ML SOL. FOR INFUSION,IRINOTECAN,5,ml,Generic,Prescription,Emcure Pharmaceuticals Ltd. ,India,Valid,8/31/2022,,
IMTUS 20MG/ML SOL. FOR INFUSION,IRINOTECAN,2,ml,Generic,Prescription,Emcure Pharmaceuticals Ltd. ,India,Valid,8/31/2022,,
ZOLEDRONIC ACID SPC 5MG/100ML SOL. FOR INFUSION,ZOLEDRONIC ACID,100,ml,Generic,Prescription,Gland Pharma Limited ,India,Valid,7/22/2025,,
Genotropin GoQuick 5.3 mg,SOMATROPIN,-,-,Biological,Prescription,Pfizer Manufacturing Belgium N.V ,Belgium,Valid,4/1/2025,,
HUMALOG KWIK-PEN MIX 25,"INSULIN LISPRO,INSULIN PROTAMINE",3,ml,Biological,Prescription,ELI LILLY,France,Valid,4/20/2025,,
HUMALOG KWIK-PEN 100IU/ML,INSULIN LISPRO,3,ml,Biological,Prescription,ELI LILLY,France,Valid,4/20/2025,,
OTEZLA 30MG F.C.TAB,APREMILAST,-,-,NCE,Prescription,PATHEON INC,Canada,Valid,8/21/2024,,
FLORYL 50 MG/ML SOLUTION FOR INJECTION/INFUSION,FLUOROURACIL,100,ml,Generic,Prescription,INTAS PHARMACEUTICALS LIMITED,India,Valid,8/21/2024,,
AREKSA 25MG F.C.TAB,EXEMESTANE,-,-,Generic,Prescription,INTAS PHARMACEUTICALS LIMITED,India,Valid,8/21/2024,,
ACCEPT 500MG F.C.TAB,MYCOPHENOLATE MOFETIL,-,-,Generic,Prescription,INTAS PHARMACEUTICALS LIMITED,India,Valid,8/21/2024,,
ALLERCET 5MG F.C.TABLET                     ,LEVOCETIRIZINE DIHYDROCHLORIDE,-,-,Generic,OTC,NEOPHARMA,United Arab Emirates,Suspended,8/29/2022,,
ALLERCET 5MG F.C.TABLET                     ,LEVOCETIRIZINE DIHYDROCHLORIDE,-,-,Generic,OTC,NEOPHARMA,United Arab Emirates,Suspended,8/29/2022,,
OTEZLA 10 mg 4 tablets + 20 mg 4 tablets + 30 mg 19 tablets,APREMILAST,-,-,NCE,Prescription,PATHEON INC,Canada,Valid,8/21/2024,,
AZACITIDINE SPC 100 MG INJECTION,AZACITIDINE,-,-,Generic,Prescription,Dr. Reddy’s Laboratories Ltd. Formulation Unit VII,India,Valid,7/22/2025,,
DETREMIN 20000IU/ML ORAL DROPS,CHOLECALCIFEROL,10,ml,NCE,Prescription,NextPharma SAS ,France,Valid,10/16/2024,,
ZOTIMOS 4MG VIAL,ZOLEDRONIC ACID,-,-,Generic,Prescription,LES LABORATOIRES MEDIS,Tunisia,Valid,2/17/2025,,
ARXIA 60MG F.C.TABLET,Etoricoxib,-,-,Generic,Prescription,LABORATORIOS CINFA SA,Spain,Valid,4/24/2025,,
ARXIA 120MG F.C.TABLET,Etoricoxib,-,-,Generic,Prescription,LABORATORIOS CINFA SA,Spain,Valid,4/24/2025,,
ROXARDIO 20MG F.C.TABLET,ROSUVASTATIN,-,-,Generic,Prescription,LEK S.A,Poland,Valid,5/19/2025,,
ROXARDIO 10MG F.C.TABLET,ROSUVASTATIN,-,-,Generic,Prescription,LEK S.A,Poland,Valid,5/19/2025,,
ZINFORO 600 MG I.V. VIAL,CEFTAROLINE FOSAMIL,20,ml,NCE,Prescription,ACS DOBFAR SPA,Italy,Valid,3/10/2024,,
MESOESTETIC MESOFILLER GLOBAL,HYALURONIC ACID,1,ml,Generic,Prescription,MESOESTETIC PHARMA GROUP S.L ,Spain,Valid,4/30/2023,,
MESOESTETIC MESOFILLER INTENSE,HYALURONIC ACID,1,ml,Generic,Prescription,MESOESTETIC PHARMA GROUP S.L ,Spain,Valid,4/30/2023,,
FOSTER NEXTHALER 100MCG/6MCG INHALATION POWDER,"BECLOMETHASONE DIPROPIONATE,FORMOTEROL FUMARATE",120,dose,NCE,Prescription,CHIESI FARMACEUTICIS,Italy,Valid,12/5/2024,,
LETIREM 1000 MG FILM COATED TABLET,LEVETIRACETAM,-,-,Generic,Prescription,"BLUEPHARMA INDUSTRIA FARMACEUTICA, S.A",Portugal,Valid,8/29/2022,,
LETIREM 500 MG FILM COATED TABLET,LEVETIRACETAM,-,-,Generic,Prescription,"BLUEPHARMA INDUSTRIA FARMACEUTICA, S.A",Portugal,Valid,8/29/2022,,
LETIREM 250 MG FILM COATED TABLET,LEVETIRACETAM,-,-,Generic,Prescription,"BLUEPHARMA INDUSTRIA FARMACEUTICA, S.A",Portugal,Valid,8/29/2022,,
Fostimon 300 I.U,UROFOLLITROPIN,1,ml,Biological,Prescription,IBSA Institut Biochimique SA ,Switzerland,Valid,5/8/2025,,
Fostimon 225 I.U,UROFOLLITROPIN,1,ml,Biological,Prescription,IBSA Institut Biochimique SA ,Switzerland,Valid,2/27/2024,,
SARFEX 180MG F.C.TAB.(30S),FEXOFENADINE HYDROCHLORIDE,-,-,Generic,OTC,NEOPHARMA,United Arab Emirates,Suspended,8/29/2022,,
SARFEX 180MG F.C.TAB.(10S),FEXOFENADINE HYDROCHLORIDE,-,-,Generic,OTC,NEOPHARMA,United Arab Emirates,Suspended,8/29/2022,,
Artelac Night Time Gel,CARBOMER,10,g,Generic,OTC,Dr. Gerhard Mann Chem. - pharm. Fabrik GmbH ,Germany,Valid,10/22/2023,,
Azeptil 100 mg/ml Injection,TRANEXAMIC ACID,5,ml,Generic,Prescription,MEDOCHEMIE LTD PHARMACEUTICAL INDUSTRY,Cyprus,Valid,12/30/2024,,
VELTASSA 16.8G SACHET,PATIROMER SORBITEX CALCIUM,-,-,NCE,Prescription,Corden Pharma Lisbon S.A,Portugal,Valid,5/6/2025,,
VELTASSA 8.4G SACHET,PATIROMER SORBITEX CALCIUM,-,-,NCE,Prescription,Corden Pharma Lisbon S.A,Portugal,Valid,5/6/2025,,
VARIVAX 1350 PFU VIAL,VARICELLA VIRUS VACCINE LIVE (OKA-MERCK),0.5,ml,Biological,Prescription,MERCK SHARP & DOHME,United Kingdom,Valid,7/8/2025,,
AERIALLERG 5MG FILM COATED TABLET,DESLORATADINE,-,-,Generic,OTC,Pharma International Co.,Jordan,Valid,12/29/2024,,
GENOTROPIN GOQUICK 12MG PRE-FILLED PEN,SOMATROPIN,1,ml,Biological,Prescription,Pfizer Manufcaturing Belgium N. V. ,Belgium,Valid,4/1/2025,,
VITOPEINE IV,PARACETAMOL,100,ml,Generic,Prescription,S.M. Farmaceutici SRL ,Italy,Valid,2/13/2025,,
SENERGY 10 MG/160 MG F.C. TABLET,"VALSARTAN,AMLODIPINE BESILATE",-,-,Generic,Prescription,UNITED PHARMACEUTICAL COMPANY,Jordan,Valid,2/13/2025,,
SENERGY 5 MG/160 MG F.C. TABLET,"VALSARTAN,AMLODIPINE BESILATE",-,-,Generic,Prescription,UNITED PHARMACEUTICAL COMPANY,Jordan,Valid,2/13/2025,,
GLERAN 15MG TABLET,PIOGLITAZONE,-,-,Generic,Prescription,UNITED PHARMACEUTICAL COMPANY,Jordan,Valid,2/13/2025,,
GLERAN 30MG TABLET,PIOGLITAZONE,-,-,Generic,Prescription,UNITED PHARMACEUTICAL COMPANY,Jordan,Valid,2/13/2025,,
DIROGIT 500 MG F. C. TABLET,Capecitabine,-,-,Generic,Prescription,The Arab Pharmaceutical Manufacturing PSC (Sahab) Co Ltd ,Jordan,Valid,6/6/2024,,
OROTIX 60MG F.C.TABLET,Etoricoxib,-,-,Generic,Prescription,Pharma International Co.,Jordan,Valid,12/29/2024,,
OROTIX 90MG F.C.TABLET,Etoricoxib,-,-,Generic,Prescription,Pharma International Co.,Jordan,Valid,2/17/2025,,
OROTIX 120MG F.C.TABLET,Etoricoxib,-,-,Generic,Prescription,Pharma International Co.,Jordan,Valid,12/29/2024,,
MEROPENEM KABI.,MEROPENEM,20,ml,Generic,Prescription,ACS Dobfar S.p.A.,Italy,Valid,2/17/2025,,
MEROPENEM KABI.,MEROPENEM,20,ml,Generic,Prescription,ACS Dobfar S.p.A.,Italy,Valid,2/17/2025,,
LUKRA 5MG CHEWABLE TABLET,MONTELUKAST SODIUM,-,-,Generic,Prescription,NEOPHARMA,United Arab Emirates,Suspended,8/29/2022,,
MONOCLOX 250MG VIAL,CLOXACILLIN,-,-,NCE,Prescription,MEDOCHEMIE LTD (FACTORY B),Cyprus,Valid,4/23/2025,,
LUKRA 4MG CHEWABLE TABLET,MONTELUKAST SODIUM,-,-,Generic,Prescription,NEOPHARMA,United Arab Emirates,Suspended,8/29/2022,,
TERA D 50000IU CAPSULE,COLECALCIFEROL,-,-,Generic,Prescription,Jordan Sweden Medical and Sterilization Co.,Jordan,Valid,8/21/2024,,
OMEGANA 1000MG SOFT CAPSULE,OMEGA-3-ACID ETHYL ESTERS,-,-,Generic,OTC,SWISS CAPS AG,Switzerland,Valid,8/21/2024,,
OMEGANA 1000MG SOFT CAPSULE,OMEGA-3-ACID ETHYL ESTERS,-,-,Generic,OTC,SWISS CAPS AG,Switzerland,Valid,8/21/2024,,
REDEX 5 MG F.C.TABLET  ,TADALAFIL,-,-,Generic,Prescription,Al-Taqaddom pharmaceutical Industries ,Jordan,Valid,8/28/2024,,
REDEX 20MG F.C.TABLET                                     ,TADALAFIL,-,-,Generic,Prescription,Al-Taqaddom pharmaceutical Industries ,Jordan,Valid,8/28/2024,,
ROZLET 2.5 MG FILM COATED TABLET,LETROZOLE,-,-,Generic,Prescription,EirGen Pharma,Ireland,Valid,8/29/2022,,
OXYNORM 5MG CAPSULE,OXYCODONE HYDROCHLORIDE,-,-,NCE,Prescription,Bard Pharmaceuticals Limited ,United Kingdom,Valid,5/16/2024,,
OXYNORM 10MG CAPSULE,OXYCODONE HYDROCHLORIDE,-,-,NCE,Prescription,Bard Pharmaceuticals Limited ,United Kingdom,Valid,5/16/2024,,
OXYNORM 20MG CAPSULE,OXYCODONE HYDROCHLORIDE,-,-,NCE,Prescription,Bard Pharmaceuticals Limited ,United Kingdom,Valid,5/16/2024,,
LUKRA 10 MG FILM COATED TABLET,MONTELUKAST SODIUM,-,-,Generic,Prescription,NEOPHARMA,United Arab Emirates,Suspended,8/29/2022,,
JULPHACEF 1GM I.M.-I.V. INJECTION,CEFRADINE,-,-,Generic,Prescription,Gulf Pharmaceutical Industries (Julphar),United Arab Emirates,Valid,6/19/2025,,
Juvamox,AMOXICILLIN,100,ml,Generic,Prescription,Gulf Pharmaceutical Industries (Julphar),United Arab Emirates,Valid,8/29/2022,,
Juvamox 500MG CAPSULES,AMOXICILLIN,-,-,Generic,Prescription,Gulf Pharmaceutical Industries (Julphar),United Arab Emirates,Valid,6/1/2023,,
JUSPRIN 81MG ENTERIC COATED TABLETS,ACETYLSALICYLIC ACID,-,-,Generic,OTC,Gulf Pharmaceutical Industries (Julphar),United Arab Emirates,Valid,3/4/2024,,
KAPTIN SUSP,"KAOLIN,PECTIN",200,ml,NCE,OTC,Gulf Pharmaceutical Industries (Julphar),United Arab Emirates,Valid,3/30/2023,,
KDIRON DROPS,FERROUS SULFATE,30,ml,Generic,OTC,Gulf Pharmaceutical Industries (Julphar),United Arab Emirates,Valid,8/29/2022,,
LANFAST 30MG CAPSULE,LANSOPRAZOLE,-,-,Generic,Prescription,Gulf Pharmaceutical Industries (Julphar),United Arab Emirates,Valid,8/29/2022,,
LAXOCODYL 10MG SUPP,BISACODYL,-,-,NCE,OTC,Gulf Pharmaceutical Industries (Julphar),United Arab Emirates,Valid,8/29/2022,,
LAXOCODYL 5 MG TABLET,BISACODYL,-,-,NCE,OTC,Gulf Pharmaceutical Industries (Julphar),United Arab Emirates,Valid,8/29/2022,,
LAXOCODYL 5MG SUPP,BISACODYL,-,-,NCE,Prescription,Gulf Pharmaceutical Industries (Julphar),United Arab Emirates,Valid,8/29/2022,,
LAXOLYNE SUPP FOR CHILDREN,GLYCERIN,-,-,Generic,OTC,Gulf Pharmaceutical Industries (Julphar),United Arab Emirates,Valid,8/1/2023,,
LAXOLYNE SUPPOSITORIES,GLYCERIN,-,-,Generic,OTC,Gulf Pharmaceutical Industries (Julphar),United Arab Emirates,Valid,7/9/2025,,
JULMENTIN FORTE 312.5MG POWDER FOR SUSP,"AMOXICILLIN,CLAVULANIC ACID",100,ml,Generic,Prescription,Gulf Pharmaceutical Industries (Julphar),United Arab Emirates,Valid,6/19/2025,,
JULMENTIN 625 MG TAB,"AMOXICILLIN,CLAVULANIC ACID",-,-,Generic,Prescription,Gulf Pharmaceutical Industries (Julphar),United Arab Emirates,Valid,11/19/2022,,
JULMENTIN 600MG INJ.,"AMOXICILLIN,CLAVULANIC ACID",-,-,Generic,Prescription,Gulf Pharmaceutical Industries (Julphar),United Arab Emirates,Valid,11/19/2022,,
JULMENTIN 600MG INJ.,"AMOXICILLIN,CLAVULANIC ACID",-,-,Generic,Prescription,Gulf Pharmaceutical Industries (Julphar),United Arab Emirates,Valid,11/19/2022,,
GLYPRIDE 3 MG TABLET,GLIMEPIRIDE,-,-,Generic,Prescription,Gulf Pharmaceutical Industries (Julphar),United Arab Emirates,Suspended,8/29/2022,,
GUPISONE TAB 5MG,PREDNISOLONE,-,-,Generic,Prescription,Gulf Pharmaceutical Industries (Julphar),United Arab Emirates,Valid,8/29/2022,,
GYNO-MIKOZAL 200MG VAG.OVULE,MICONAZOLE NITRATE,-,-,Generic,OTC,Gulf Pharmaceutical Industries (Julphar),United Arab Emirates,Valid,7/9/2025,,
GYNO-MIKOZAL 400MG VAG.OVULE,MICONAZOLE NITRATE,-,-,Generic,OTC,Gulf Pharmaceutical Industries (Julphar),United Arab Emirates,Valid,3/27/2023,,
GYNO-MIKOZAL CREAM 78 GM,MICONAZOLE NITRATE,78,g,Generic,OTC,Gulf Pharmaceutical Industries (Julphar),United Arab Emirates,Valid,12/9/2024,,
HAEMOPROCT ,"TRIBENOSIDE,LIDOCAINE HYDROCHLORIDE",30,g,Generic,Prescription,Gulf Pharmaceutical Industries (Julphar),United Arab Emirates,Valid,11/27/2022,,
HISTALOC 25MG F.C. TABLETS,PROMETHAZINE,-,-,Generic,Prescription,Gulf Pharmaceutical Industries (Julphar),United Arab Emirates,Valid,8/29/2022,,
HISTALOC 5MG-5ML SYRUP,PROMETHAZINE,100,ml,Generic,Prescription,Gulf Pharmaceutical Industries (Julphar),United Arab Emirates,Valid,8/1/2022,,
JULMENTIN 1.2GM INJ.,"AMOXICILLIN,CLAVULANIC ACID",-,-,Generic,Prescription,Gulf Pharmaceutical Industries (Julphar),United Arab Emirates,Valid,11/19/2022,,
JULMENTIN 1.2GM INJ.,"AMOXICILLIN,CLAVULANIC ACID",-,-,Generic,Prescription,Gulf Pharmaceutical Industries (Julphar),United Arab Emirates,Valid,11/19/2022,,
JULMENTIN 156.25 MG POWDER FOR SUSP,"AMOXICILLIN,CLAVULANIC ACID",100,ml,Generic,Prescription,Gulf Pharmaceutical Industries (Julphar),United Arab Emirates,Valid,11/19/2022,,
JULMENTIN 2X. 1000MG TABLETS,"AMOXICILLIN,CLAVULANIC ACID",-,-,Generic,Prescription,Gulf Pharmaceutical Industries (Julphar),United Arab Emirates,Valid,7/27/2025,,
JULMENTIN 2X. 457MG-5ML ORAL SUSPENSION,"AMOXICILLIN,CLAVULANIC ACID",70,ml,Generic,Prescription,Gulf Pharmaceutical Industries (Julphar),United Arab Emirates,Valid,6/19/2025,,
JULMENTIN 375 MG TAB,"AMOXICILLIN,CLAVULANIC ACID",-,-,Generic,Prescription,Gulf Pharmaceutical Industries (Julphar),United Arab Emirates,Valid,7/9/2025,,
IBUGESIC,IBUPROFEN,-,l,Generic,OTC,DAR ALDAWA,Jordan,Valid,8/29/2022,,
LIDOCAINE 5 % OINTMENT,LIDOCAINE HYDROCHLORIDE,30,g,Generic,Prescription,Gulf Pharmaceutical Industries (Julphar),United Arab Emirates,Valid,8/29/2022,,
AMCOCID 100MG-2ML INJ,AMIKACIN,2,ml,Generic,Prescription,Gulf Pharmaceutical Industries (Julphar),United Arab Emirates,Valid,8/29/2022,,
AMCOCID 500MG-2 ML AMP,AMIKACIN,2,ml,Generic,Prescription,Gulf Pharmaceutical Industries (Julphar),United Arab Emirates,Valid,7/13/2025,,
MIKOSTAT 100000 U OINTMENT,NYSTATIN,15,g,Generic,Prescription,Gulf Pharmaceutical Industries (Julphar),United Arab Emirates,Valid,12/28/2023,,
MIKOSTAT 100000U CREAM,NYSTATIN,15,g,Generic,Prescription,Gulf Pharmaceutical Industries (Julphar),United Arab Emirates,Valid,12/28/2023,,
MIKOSTAT 100000U\ML ORAL SUSP,NYSTATIN,30,ml,Generic,Prescription,Gulf Pharmaceutical Industries (Julphar),United Arab Emirates,Valid,12/26/2023,,
MIKOZAL 2% cream,MICONAZOLE NITRATE,30,g,Generic,OTC,Gulf Pharmaceutical Industries (Julphar),United Arab Emirates,Valid,8/29/2022,,
MIXAVIT SYRUP,MULTIVITAMINS,120,ml,Generic,OTC,Gulf Pharmaceutical Industries (Julphar),United Arab Emirates,Valid,3/6/2023,,
MIXAVIT TAB,MULTIVITAMINS,-,-,Generic,OTC,Gulf Pharmaceutical Industries (Julphar),United Arab Emirates,Valid,3/27/2023,,
MODODOM 10MG F.C. TABLETS,DOMPERIDONE,-,-,Generic,Prescription,Gulf Pharmaceutical Industries (Julphar),United Arab Emirates,Valid,3/30/2023,,
MODODOM 1MG-1ML SUSPENSION,DOMPERIDONE,200,ml,Generic,Prescription,Gulf Pharmaceutical Industries (Julphar),United Arab Emirates,Valid,8/1/2022,,
MOXAL PLUS Suspension,"ALUMINUM HYDROXIDE,MAGNESIUM HYDROXIDE,SIMETHICONE",100,ml,Generic,OTC,Gulf Pharmaceutical Industries (Julphar),United Arab Emirates,Valid,9/14/2023,,
MOXAL PLUS Tablet,"ALUMINUM HYDROXIDE,MAGNESIUM HYDROXIDE",-,-,Generic,OTC,Gulf Pharmaceutical Industries (Julphar),United Arab Emirates,Valid,10/16/2024,,
MOXAL SUSPENSION,"ALUMINUM HYDROXIDE,MAGNESIUM HYDROXIDE",200,ml,NCE,OTC,Gulf Pharmaceutical Industries (Julphar),United Arab Emirates,Valid,11/19/2022,,
MOXAL Tablet,"ALUMINUM HYDROXIDE,MAGNESIUM HYDROXIDE",-,-,NCE,OTC,Gulf Pharmaceutical Industries (Julphar),United Arab Emirates,Valid,11/19/2022,,
MIXAVIT DROPS 15ML,MULTIVITAMINS,15,ml,Generic,OTC,Gulf Pharmaceutical Industries (Julphar),United Arab Emirates,Valid,3/27/2023,,
GLYPRIDE 2 MG TABLET,GLIMEPIRIDE,-,-,Generic,Prescription,Gulf Pharmaceutical Industries (Julphar),United Arab Emirates,Suspended,8/29/2022,,
LOJOUR 5MG\5ML SYRUP,LORATADINE,100,ml,Generic,OTC,Gulf Pharmaceutical Industries (Julphar),United Arab Emirates,Valid,9/14/2023,,
LOMAX 400MG TAB,LOMEFLOXACIN,-,-,NCE,Prescription,Gulf Pharmaceutical Industries (Julphar),United Arab Emirates,Valid,8/29/2022,,
LOMAX 400MG TAB,LOMEFLOXACIN,-,-,NCE,Prescription,Gulf Pharmaceutical Industries (Julphar),United Arab Emirates,Valid,8/29/2022,,
LORADAY 10MG TABLET,LORATADINE,-,-,Generic,OTC,KUWAIT SAUDI PHARMACEUTICAL INDUSTRIES,Kuwait,Suspended,8/13/2023,,
Purout 300 MG TABLETS,ALLOPURINOL,-,-,Generic,Prescription,OMAN PHARMACEUTICAL PRODUCTS,Oman,Valid,3/22/2023,,
LOVRAK 5% cream,ACYCLOVIR,10,g,Generic,Prescription,Gulf Pharmaceutical Industries (Julphar),United Arab Emirates,Valid,12/19/2023,,
LOVRAK 250MG POWDER FOR I.V. INFUSION,ACYCLOVIR,-,-,Generic,Prescription,Gulf Pharmaceutical Industries (Julphar),United Arab Emirates,Valid,12/19/2023,,
LOVRAK 5% OINTMENT,ACYCLOVIR,10,g,Generic,Prescription,Gulf Pharmaceutical Industries (Julphar),United Arab Emirates,Valid,12/19/2023,,
LOVRAK 800 mg tablet,ACYCLOVIR,-,-,Generic,Prescription,Gulf Pharmaceutical Industries (Julphar),United Arab Emirates,Valid,12/19/2023,,
LORADAD 10MG TABLETS,LORATADINE,-,-,Generic,OTC,DAR ALDAWA,Jordan,Valid,3/27/2023,,
GLYPRIDE 1 MG TABLET,GLIMEPIRIDE,-,-,Generic,Prescription,Gulf Pharmaceutical Industries (Julphar),United Arab Emirates,Suspended,8/29/2022,,
DEXIPAN 5%  CREAM,DEXPANTHENOL,20,g,NCE,OTC,Gulf Pharmaceutical Industries (Julphar),United Arab Emirates,Valid,3/30/2023,,
DIALON 1000MG F.C. TABLETS,METFORMIN HYDROCHLORIDE,-,-,Generic,Prescription,Gulf Pharmaceutical Industries (Julphar),United Arab Emirates,Valid,3/30/2023,,
DIALON 500 MG F.C TAB,METFORMIN HYDROCHLORIDE,-,-,Generic,Prescription,Gulf Pharmaceutical Industries (Julphar),United Arab Emirates,Valid,2/28/2023,,
DIALON 850MG F.C. TABLETS,METFORMIN HYDROCHLORIDE,-,-,Generic,Prescription,Gulf Pharmaceutical Industries (Julphar),United Arab Emirates,Valid,2/28/2023,,
DICLOGESIC RETARD,DICLOFENAC SODIUM,-,-,Generic,Prescription,DAR ALDAWA,Jordan,Valid,2/19/2025,,
DIZINIL 50MG TAB,DIMENHYDRINATE,-,-,Generic,OTC,Gulf Pharmaceutical Industries (Julphar),United Arab Emirates,Valid,8/1/2022,,
DOXYDAR,DOXYCYCLINE,-,-,Generic,Prescription,DAR ALDAWA,Jordan,Valid,8/29/2022,,
DURADOX 100 MG CAPS,DOXYCYCLINE,-,-,Generic,Prescription,Gulf Pharmaceutical Industries (Julphar),United Arab Emirates,Valid,6/19/2025,,
ENOXIRT 0.25GM I.M. VIAL + SOLVENT,CEFTRIAXONE,-,-,Generic,Prescription,Gulf Pharmaceutical Industries (Julphar),United Arab Emirates,Valid,8/29/2022,,
ENOXIRT 0.25GM I.V. VIAL + SOLVENT,CEFTRIAXONE,-,-,Generic,Prescription,Gulf Pharmaceutical Industries (Julphar),United Arab Emirates,Valid,8/31/2022,,
ENOXIRT 0.25 g I.V. VIAL ,CEFTRIAXONE,-,-,Generic,Prescription,Gulf Pharmaceutical Industries (Julphar),United Arab Emirates,Valid,8/31/2022,,
DICLOGESIC RETARD,DICLOFENAC SODIUM,-,-,Generic,Prescription,DAR ALDAWA,Jordan,Valid,10/30/2022,,
ENOXIRT 1GM I.M. VIAL + SOLVENT,CEFTRIAXONE,-,-,Generic,Prescription,Gulf Pharmaceutical Industries (Julphar),United Arab Emirates,Valid,7/9/2025,,
CYNOVIT 1MG-1ML I.M. Injection*,CYANOCOBALAMIN,-,ml,Generic,Prescription,Gulf Pharmaceutical Industries (Julphar),United Arab Emirates,Valid,6/19/2025,,
CIPRODAR 500,CIPROFLOXACIN,-,-,Generic,Prescription,DAR ALDAWA,Jordan,Valid,11/5/2023,,
CLAMYCIN 500 MG TABLET,CLARITHROMYCIN,-,-,Generic,Prescription,Gulf Pharmaceutical Industries (Julphar),United Arab Emirates,Valid,4/24/2025,,
CLARIDAR,CLARITHROMYCIN,-,-,Generic,Prescription,DAR ALDAWA,Jordan,Valid,1/12/2023,,
CLARIDAR 500 mg film-coated tablet,CLARITHROMYCIN,-,-,Generic,Prescription,DAR ALDAWA,Jordan,Valid,1/12/2023,,
CLOFEN 75MG INJECTION,DICLOFENAC SODIUM,3,ml,Generic,Prescription,Gulf Pharmaceutical Industries (Julphar),United Arab Emirates,Valid,7/13/2025,,
CLOFEN CREAMAGEL 1%,DICLOFENAC SODIUM,20,g,Generic,OTC,Gulf Pharmaceutical Industries (Julphar),United Arab Emirates,Valid,6/19/2025,,
CLOFEN CREAMAGEL 1%,DICLOFENAC SODIUM,50,g,Generic,OTC,Gulf Pharmaceutical Industries (Julphar),United Arab Emirates,Valid,8/29/2022,,
MUCOLYTE SYRUP,BROMHEXINE,100,ml,Generic,OTC,Gulf Pharmaceutical Industries (Julphar),United Arab Emirates,Valid,8/1/2022,,
ENOXIRT 1 g I.V. VIAL,CEFTRIAXONE,-,-,Generic,Prescription,Gulf Pharmaceutical Industries (Julphar),United Arab Emirates,Valid,7/13/2025,,
FOLICUM 1 MG TABLET,FOLIC ACID,-,-,Generic,OTC,Gulf Pharmaceutical Industries (Julphar),United Arab Emirates,Valid,9/28/2023,,
FOLICUM 5MG TAB,FOLIC ACID,-,-,Generic,OTC,Gulf Pharmaceutical Industries (Julphar),United Arab Emirates,Valid,7/9/2025,,
FUSIX 40MG TABLET,FUROSEMIDE,-,-,Generic,Prescription,KUWAIT SAUDI PHARMACEUTICAL INDUSTRIES,Kuwait,Valid,4/24/2025,,
FUTASOLE 2% OINTMENT,FUSIDIC ACID,15,g,Generic,Prescription,Gulf Pharmaceutical Industries (Julphar),United Arab Emirates,Valid,7/13/2025,,
FUTASOLE 2%CREAM,FUSIDIC ACID,15,g,Generic,Prescription,Gulf Pharmaceutical Industries (Julphar),United Arab Emirates,Valid,8/29/2022,,
GAMAVATE 0.05% ointment,CLOBETASOL PROPIONATE,25,g,Generic,Prescription,Gulf Pharmaceutical Industries (Julphar),United Arab Emirates,Valid,1/23/2024,,
GAMAVATE 0.05% cream,CLOBETASOL PROPIONATE,25,g,Generic,Prescription,Gulf Pharmaceutical Industries (Julphar),United Arab Emirates,Valid,9/27/2023,,
ENOXIRT 1GM I.V. VIAL + SOLVENT,CEFTRIAXONE,-,-,Generic,Prescription,Gulf Pharmaceutical Industries (Julphar),United Arab Emirates,Valid,7/9/2025,,
ENOXIRT 500MG I.M. VIAL + SOLVENT,CEFTRIAXONE,-,-,Generic,Prescription,Gulf Pharmaceutical Industries (Julphar),United Arab Emirates,Valid,8/21/2024,,
ENOXIRT 500MG I.V. VIAL + SOLVENT,CEFTRIAXONE,-,-,Generic,Prescription,Gulf Pharmaceutical Industries (Julphar),United Arab Emirates,Valid,7/9/2025,,
ENOXIRT 500 mg I.V. Vial,CEFTRIAXONE,-,-,Generic,Prescription,Gulf Pharmaceutical Industries (Julphar),United Arab Emirates,Valid,7/9/2025,,
EROMYCIN 200MG-5ML SUSP,ERYTHROMYCIN,100,ml,Generic,Prescription,Gulf Pharmaceutical Industries (Julphar),United Arab Emirates,Valid,8/29/2022,,
ERYTHRODAR,ERYTHROMYCIN,-,-,Generic,Prescription,DAR ALDAWA,Jordan,Valid,8/29/2022,,
ERYTHRODAR 400MG FORT TAB,ERYTHROMYCIN,-,-,Generic,Prescription,DAR ALDAWA,Jordan,Valid,9/14/2023,,
FAMODAR,FAMOTIDINE,-,-,Generic,Prescription,DAR ALDAWA,Jordan,Valid,8/29/2022,,
FAMODAR,FAMOTIDINE,-,-,Generic,Prescription,DAR ALDAWA,Jordan,Valid,8/29/2022,,
FEROMAX 20MG/ML Injection*,IRON SUCROSE,5,ml,NCE,Prescription,Gulf Pharmaceutical Industries (Julphar),United Arab Emirates,Valid,8/31/2022,,
CHLOROHISTOL TAB 4 MG.,CHLORPHENIRAMINE MALEATE,-,-,Generic,OTC,Gulf Pharmaceutical Industries (Julphar),United Arab Emirates,Valid,2/19/2025,,
MUCUM 15MG-5ML SYRUP,AMBROXOL HYDROCHLORIDE,100,ml,Generic,OTC,Gulf Pharmaceutical Industries (Julphar),United Arab Emirates,Valid,1/23/2024,,
TRIMOL SUSP,"SULFAMETHOXAZOLE,TRIMETHOPRIM",50,ml,Generic,Prescription,Gulf Pharmaceutical Industries (Julphar),United Arab Emirates,Valid,10/10/2023,,
TRIMOL SUSP.,"SULFAMETHOXAZOLE,TRIMETHOPRIM",100,ml,Generic,Prescription,Gulf Pharmaceutical Industries (Julphar),United Arab Emirates,Valid,10/10/2023,,
UROXIN 400MG TAB,NORFLOXACIN,-,-,Generic,Prescription,Gulf Pharmaceutical Industries (Julphar),United Arab Emirates,Valid,8/1/2022,,
VANCOLON 0.5GM-VIAL I.V.,VANCOMYCIN,-,-,Generic,Prescription,Gulf Pharmaceutical Industries (Julphar),United Arab Emirates,Valid,2/28/2023,,
VANCOLON 1GM POWDER FOR I.V. INFUSION,VANCOMYCIN,-,-,Generic,Prescription,Gulf Pharmaceutical Industries (Julphar),United Arab Emirates,Valid,8/15/2023,,
VIT. A +D ORAL DROPS,"RETINOL,COLECALCIFEROL (VITAMIN D3)",15,ml,NCE,OTC,Gulf Pharmaceutical Industries (Julphar),United Arab Emirates,Valid,11/30/2022,,
THIAVIT 100MG TAB,THIAMINE,-,-,Generic,OTC,Gulf Pharmaceutical Industries (Julphar),United Arab Emirates,Valid,8/1/2022,,
SOFLAX SOLUTION,LACTULOSE,200,ml,Generic,OTC,Gulf Pharmaceutical Industries (Julphar),United Arab Emirates,Valid,8/29/2022,,
SUCRAZIDE 5MG TAB,GLIPIZIDE,-,-,Generic,Prescription,DAR ALDAWA,Jordan,Valid,8/1/2022,,
SUPRAPROCT-S OINT.,"CINCHOCAINE,BETAMETHASONE VALERATE",15,g,NCE,Prescription,Gulf Pharmaceutical Industries (Julphar),United Arab Emirates,Valid,3/27/2023,,
TENSOTIN 100 MG TAB,ATENOLOL,-,-,Generic,Prescription,Gulf Pharmaceutical Industries (Julphar),United Arab Emirates,Valid,2/19/2025,,
TETRACYCLINE SKIN OINT 3%,TETRACYCLINE,20,g,NCE,Prescription,Gulf Pharmaceutical Industries (Julphar),United Arab Emirates,Valid,8/29/2022,,
XYLOLIN 0.05%CHILD NASAL SPRAY,XYLOMETAZOLINE HYDROCHLORIDE,10,ml,Generic,OTC,Gulf Pharmaceutical Industries (Julphar),United Arab Emirates,Valid,8/29/2022,,
XYLOLIN 0.1% ADULT NASAL SPRAY,XYLOMETAZOLINE HYDROCHLORIDE,10,ml,Generic,OTC,Gulf Pharmaceutical Industries (Julphar),United Arab Emirates,Valid,8/29/2022,,
MOTRINEX 5 mg Chewable Tablet,MONTELUKAST SODIUM,-,-,Generic,Prescription,DAR ALDAWA,Jordan,Valid,9/14/2023,,
BERESAR 300 mg Film-coated Tablet,IRBESARTAN,-,-,Generic,Prescription,"BLUEPHARMA INDUSTRIA FARMACEUTICA, S.A",Portugal,Valid,8/29/2022,,
BERESAR 150 mg Film-coated Tablet,IRBESARTAN,-,-,Generic,Prescription,"BLUEPHARMA INDUSTRIA FARMACEUTICA, S.A",Portugal,Valid,8/29/2022,,
XEMADERM 0.1 % Ointment,MOMETASONE FUROATE,30,g,Generic,Prescription,Gulf Pharmaceutical Industries (Julphar),United Arab Emirates,Valid,8/15/2023,,
CINFAVAL 80 mg Film-coated Tablet,VALSARTAN,-,-,Generic,Prescription,LABORATORIOS CINFA SA,Spain,Valid,8/29/2022,,
CINFAVAL 160 mg Film-coated Tablet,VALSARTAN,-,-,Generic,Prescription,LABORATORIOS CINFA SA,Spain,Valid,8/29/2022,,
MOTRINEX 4 mg Chewable Tablet,MONTELUKAST SODIUM,-,-,Generic,Prescription,DAR ALDAWA,Jordan,Valid,3/30/2023,,
CINFAVAL 320 mg Film-coated Tablet,VALSARTAN,-,-,Generic,Prescription,LABORATORIOS CINFA SA,Spain,Valid,8/29/2022,,
CO-CINFAVAL,"VALSARTAN,HYDROCHLOROTHIAZIDE",-,-,Generic,Prescription,LABORATORIOS CINFA SA,Spain,Valid,11/26/2024,,
CO-CINFAVAL,"VALSARTAN,HYDROCHLOROTHIAZIDE",-,-,Generic,Prescription,LABORATORIOS CINFA SA,Spain,Valid,11/26/2024,,
DIVAD 10000 I.U Capsule,COLECALCIFEROL,-,-,Generic,Prescription,DAR ALDAWA,Jordan,Valid,10/3/2023,,
DIVAD 50000 I.U Capsule,COLECALCIFEROL,-,-,Generic,Prescription,DAR ALDAWA,Jordan,Valid,10/3/2023,,
CLARIDAR XL 500 mg Tablet,CLARITHROMYCIN,-,-,Generic,Prescription,DAR ALDAWA,Jordan,Valid,9/14/2023,,
ESPERAL 25 mg Film Coated Tablet,QUETIAPINE,-,-,Generic,Prescription,DAR ALDAWA,Jordan,Valid,1/23/2024,,
ESPERAL 100 mg Film Coated Tablet,QUETIAPINE,-,-,Generic,Prescription,DAR ALDAWA,Jordan,Valid,1/23/2024,,
ESPERAL 200 mg Film Coated Tablet,QUETIAPINE,-,-,Generic,Prescription,DAR ALDAWA,Jordan,Valid,1/23/2024,,
CO-CINFAVAL,"VALSARTAN,HYDROCHLOROTHIAZIDE",-,-,Generic,Prescription,LABORATORIOS CINFA SA,Spain,Valid,11/26/2024,,
MOTRINEX 10 mg Film Coated Tablet,MONTELUKAST SODIUM,-,-,Generic,Prescription,DAR ALDAWA,Jordan,Valid,3/27/2023,,
LEBALIN 150 MG CAPSULE,PREGABALIN,-,-,Generic,Prescription,LABORATORIOS CINFA SA,Spain,Valid,6/12/2023,,
FOSIPRIL 10 mg tablet,FOSINOPRIL SODIUM,-,-,Generic,Prescription,Gulf Pharmaceutical Industries (Julphar),United Arab Emirates,Valid,8/29/2022,,
PANTONIX 40 mg powder for infusion,PANTOPRAZOLE,10,ml,Generic,Prescription,Gulf Pharmaceutical Industries (Julphar),United Arab Emirates,Valid,8/31/2022,,
NEGAFEN 1% cream,TERBINAFINE,15,g,Generic,OTC,Gulf Pharmaceutical Industries (Julphar),United Arab Emirates,Valid,8/29/2022,,
NEGAFEN 250 mg tablet,TERBINAFINE,-,-,Generic,Prescription,Gulf Pharmaceutical Industries (Julphar),United Arab Emirates,Valid,4/20/2023,,
LEBALIN 300 MG CAPSULE,PREGABALIN,-,-,Generic,Prescription,LABORATORIOS CINFA SA,Spain,Valid,6/12/2023,,
LOVRAK 200 mg suspension,ACYCLOVIR,120,ml,Generic,Prescription,Gulf Pharmaceutical Industries (Julphar),United Arab Emirates,Valid,12/19/2023,,
JULMENTIN ES SUSPENSION,"AMOXICILLIN,CLAVULANIC ACID",100,ml,Generic,Prescription,Gulf Pharmaceutical Industries (Julphar),United Arab Emirates,Valid,3/30/2023,,
IRSOTAN 150 mg Film Coated Tablet,IRBESARTAN,-,-,Generic,Prescription,MEDOCHEMIE LTD.,Cyprus,Valid,11/13/2024,,
IRSOTAN 300 mg Film Coated Tablet,IRBESARTAN,-,-,Generic,Prescription,MEDOCHEMIE LTD.,Cyprus,Valid,11/13/2024,,
LIPIGARD 10 mg film-coated tablet,ATORVASTATIN CALCIUM,-,-,Generic,Prescription,Gulf Pharmaceutical Industries (Julphar),United Arab Emirates,Valid,8/15/2023,,
LIPIGARD 20 mg film-coated tablet,ATORVASTATIN CALCIUM,-,-,Generic,Prescription,Gulf Pharmaceutical Industries (Julphar),United Arab Emirates,Valid,8/15/2023,,
LIPIGARD 40 mg film-coated tablet,ATORVASTATIN CALCIUM,-,-,Generic,Prescription,Gulf Pharmaceutical Industries (Julphar),United Arab Emirates,Valid,8/15/2023,,
LEBALIN 75 MG CAPSULE,PREGABALIN,-,-,Generic,Prescription,LABORATORIOS CINFA SA,Spain,Valid,5/24/2023,,
LEBALIN 75 MG CAPSULE,PREGABALIN,-,-,Generic,Prescription,LABORATORIOS CINFA SA,Spain,Valid,6/12/2023,,
TYRA 20 mg film-coated tablet,TADALAFIL,-,-,Generic,Prescription,DAR ALDAWA,Jordan,Valid,8/13/2023,,
PARAZOLE 100MG TABLET,MEBENDAZOLE,-,-,Generic,Prescription,Gulf Pharmaceutical Industries (Julphar),United Arab Emirates,Valid,8/29/2022,,
PANDERM SKIN OINTMENT,"NYSTATIN,NEOMYCIN SULFATE,TRIAMCINOLONE ACETONIDE,GRAMICIDIN",15,g,Generic,Prescription,Gulf Pharmaceutical Industries (Julphar),United Arab Emirates,Valid,11/28/2022,,
POTENCORT 0.005% OINTMENT,FLUTICASONE PROPIONATE,15,g,Generic,Prescription,Gulf Pharmaceutical Industries (Julphar),United Arab Emirates,Valid,8/29/2022,,
POTENCORT 0.05% CREAM,FLUTICASONE PROPIONATE,15,g,Generic,Prescription,Gulf Pharmaceutical Industries (Julphar),United Arab Emirates,Valid,8/29/2022,,
PREMOSAN 10 mg tablet,METOCLOPRAMIDE HYDROCHLORIDE,-,-,Generic,Prescription,Gulf Pharmaceutical Industries (Julphar),United Arab Emirates,Valid,7/19/2023,,
PREMOSAN 10 mg injection,METOCLOPRAMIDE HYDROCHLORIDE,2,ml,Generic,Prescription,Gulf Pharmaceutical Industries (Julphar),United Arab Emirates,Valid,8/29/2022,,
PREMOSAN ORAL DROPS 4MG-ML,METOCLOPRAMIDE HYDROCHLORIDE,15,ml,Generic,Prescription,Gulf Pharmaceutical Industries (Julphar),United Arab Emirates,Valid,8/29/2022,,
PREMOSAN SYRUP 5MG-5ML,METOCLOPRAMIDE HYDROCHLORIDE,120,ml,Generic,Prescription,Gulf Pharmaceutical Industries (Julphar),United Arab Emirates,Valid,8/29/2022,,
PRIMOCEF 0.5 GM I.M- I.V VIAL,CEFOTAXIME,-,-,Generic,Prescription,Gulf Pharmaceutical Industries (Julphar),United Arab Emirates,Valid,8/29/2022,,
PRIMOCEF 1 g Powder for injection,CEFOTAXIME,-,-,Generic,Prescription,Gulf Pharmaceutical Industries (Julphar),United Arab Emirates,Valid,8/21/2024,,
PRIMOCEF 1 GM I.V VIAL,CEFOTAXIME,-,-,Generic,Prescription,Gulf Pharmaceutical Industries (Julphar),United Arab Emirates,Valid,8/31/2022,,
PANDERM CREAM,"NYSTATIN,NEOMYCIN SULFATE,TRIAMCINOLONE ACETONIDE,GRAMICIDIN",15,g,Generic,Prescription,Gulf Pharmaceutical Industries (Julphar),United Arab Emirates,Valid,11/28/2022,,
ORAMAX 150MG CAPSULES,FLUCONAZOLE,-,-,Generic,Prescription,Gulf Pharmaceutical Industries (Julphar),United Arab Emirates,Valid,9/14/2023,,
MYOGESIC,"PARACETAMOL,ORPHENADRINE CITRATE",-,-,NCE,OTC,DAR ALDAWA,Jordan,Valid,3/6/2025,,
NASIVIN DROPS 0.025%,OXYMETAZOLINE,10,ml,Generic,OTC,Gulf Pharmaceutical Industries (Julphar),United Arab Emirates,Valid,8/29/2022,,
NASIVIN DROPS 0.05%,OXYMETAZOLINE,10,ml,Generic,OTC,Gulf Pharmaceutical Industries (Julphar),United Arab Emirates,Valid,8/1/2022,,
NEGACEF 1GM VIAL,CEFTAZIDIME,-,-,Generic,Prescription,Gulf Pharmaceutical Industries (Julphar),United Arab Emirates,Valid,6/19/2025,,
NEGACEF 2GM Injection,CEFTAZIDIME,-,-,Generic,Prescription,Gulf Pharmaceutical Industries (Julphar),United Arab Emirates,Valid,3/30/2023,,
NEGAZOLE 500MG TAB.,METRONIDAZOLE,-,-,Generic,Prescription,Gulf Pharmaceutical Industries (Julphar),United Arab Emirates,Valid,8/31/2022,,
NEGAZOLE 250MG TAB.,METRONIDAZOLE,-,-,Generic,Prescription,Gulf Pharmaceutical Industries (Julphar),United Arab Emirates,Valid,8/29/2022,,
MUCUM 30MG TABLETS,AMBROXOL HYDROCHLORIDE,-,-,Generic,OTC,Gulf Pharmaceutical Industries (Julphar),United Arab Emirates,Valid,5/1/2023,,
PROFINAL 200MG TAB,IBUPROFEN,-,-,Generic,OTC,Gulf Pharmaceutical Industries (Julphar),United Arab Emirates,Valid,7/9/2025,,
PROFINAL 5% GEL,IBUPROFEN,30,g,Generic,OTC,Gulf Pharmaceutical Industries (Julphar),United Arab Emirates,Valid,12/13/2022,,
ROXAMED,ROXITHROMYCIN,-,-,Generic,Prescription,DAR ALDAWA,Jordan,Valid,8/1/2022,,
RUBICALM CREAM,DIETHYLAMINE SALICYLATE,30,g,Generic,OTC,Gulf Pharmaceutical Industries (Julphar),United Arab Emirates,Valid,3/30/2023,,
SALINAL 41.2MG-ML ORAL DROPS,SIMETHICONE,15,ml,NCE,OTC,Gulf Pharmaceutical Industries (Julphar),United Arab Emirates,Valid,8/29/2022,,
SALINAL 42MG CHEWABLE TAB,SIMETHICONE,-,-,NCE,OTC,Gulf Pharmaceutical Industries (Julphar),United Arab Emirates,Valid,7/8/2025,,
SALURIN 20MG-2ML AMPOULES,FUROSEMIDE,2,ml,Generic,Prescription,Gulf Pharmaceutical Industries (Julphar),United Arab Emirates,Valid,8/31/2022,,
SALURIN 40 MG TABLETS,FUROSEMIDE,-,-,Generic,Prescription,Gulf Pharmaceutical Industries (Julphar),United Arab Emirates,Valid,8/29/2022,,
SARF 500MG TAB,CIPROFLOXACIN,-,-,Generic,Prescription,Gulf Pharmaceutical Industries (Julphar),United Arab Emirates,Valid,8/29/2022,,
SARF 750MG TAB.,CIPROFLOXACIN,-,-,Generic,Prescription,Gulf Pharmaceutical Industries (Julphar),United Arab Emirates,Valid,8/29/2022,,
SCOPINAL 20MG AMPOULE,HYOSCINE BUTYLBROMIDE,1,ml,Generic,Prescription,Gulf Pharmaceutical Industries (Julphar),United Arab Emirates,Valid,9/14/2023,,
SCOPINAL 5MG-5ML SYRUP,HYOSCINE BUTYLBROMIDE,100,ml,Generic,OTC,Gulf Pharmaceutical Industries (Julphar),United Arab Emirates,Valid,7/9/2025,,
SCOPINAL TAB 10MG,HYOSCINE BUTYLBROMIDE,-,-,Generic,OTC,Gulf Pharmaceutical Industries (Julphar),United Arab Emirates,Valid,8/29/2022,,
SEDOFAN SYRUP.,"PSEUDOEPHEDRINE HYDROCHLORIDE,TRIPROLIDINE",100,ml,Generic,OTC,Gulf Pharmaceutical Industries (Julphar),United Arab Emirates,Valid,11/27/2022,,
SEDOFAN,"PSEUDOEPHEDRINE HYDROCHLORIDE,TRIPROLIDINE",-,-,Generic,OTC,Gulf Pharmaceutical Industries (Julphar),United Arab Emirates,Valid,11/27/2022,,
SALURIN 5MG-5ML SYRUP,FUROSEMIDE,100,ml,Generic,Prescription,Gulf Pharmaceutical Industries (Julphar),United Arab Emirates,Valid,8/29/2022,,
PROFINAL 400 mg film-coated tablets,IBUPROFEN,-,-,Generic,OTC,Gulf Pharmaceutical Industries (Julphar),United Arab Emirates,Valid,3/27/2023,,
PROFINAL 600 mg tablet,IBUPROFEN,-,-,Generic,Prescription,Gulf Pharmaceutical Industries (Julphar),United Arab Emirates,Valid,3/27/2023,,
PROFINAL Pediatric Suspension,IBUPROFEN,110,ml,Generic,OTC,Gulf Pharmaceutical Industries (Julphar),United Arab Emirates,Valid,11/5/2023,,
PROFINAL Pediatric Suspension,IBUPROFEN,135,ml,Generic,OTC,Gulf Pharmaceutical Industries (Julphar),United Arab Emirates,Valid,5/14/2023,,
PROFINAL XP 400MG F.C TABLET,"IBUPROFEN,CAFFEINE CITRATE",-,-,NCE,Prescription,Gulf Pharmaceutical Industries (Julphar),United Arab Emirates,Valid,9/14/2023,,
ROTHACIN 100MG SUPPOSITORIES,INDOMETACIN,-,-,Generic,Prescription,Gulf Pharmaceutical Industries (Julphar),United Arab Emirates,Valid,7/9/2025,,
RISEK,OMEPRAZOLE,-,-,Generic,Prescription,Gulf Pharmaceutical Industries (Julphar),United Arab Emirates,Valid,9/22/2023,,
RISEK 20 MG CAPS,OMEPRAZOLE,-,-,Generic,Prescription,Gulf Pharmaceutical Industries (Julphar),United Arab Emirates,Valid,9/22/2023,,
RISEK 40MG INJ,OMEPRAZOLE,-,-,Generic,Prescription,Gulf Pharmaceutical Industries (Julphar),United Arab Emirates,Valid,8/31/2022,,
ARXIA 90MG F.C.TABLET,Etoricoxib,-,-,Generic,Prescription,LABORATORIOS CINFA SA,Spain,Valid,4/24/2025,,
CHLOROHISTOL SYRUP 2 MG - 5 ML,CHLORPHENIRAMINE MALEATE,100,ml,Generic,OTC,Gulf Pharmaceutical Industries (Julphar),United Arab Emirates,Valid,2/19/2025,,
CHLOROHISTOL 10MG-ML Injection*,CHLORPHENIRAMINE MALEATE,1,ml,Generic,Prescription,Gulf Pharmaceutical Industries (Julphar),United Arab Emirates,Valid,7/9/2025,,
AMURETIC 5MG/50MG TAB,"HYDROCHLOROTHIAZIDE,AMILORIDE",-,-,Generic,Prescription,DAR ALDAWA,Jordan,Valid,11/19/2022,,
AMYDRAMINE EXPECTORANT SYRUP,"DIPHENHYDRAMINE HYDROCHLORIDE,SODIUM CITRATE,AMMONIUM CHLORIDE",120,ml,Generic,OTC,Gulf Pharmaceutical Industries (Julphar),United Arab Emirates,Valid,11/24/2022,,
AMYDRAMINE EXPECTORANT SYRUP SUGAR FREE,"SODIUM CITRATE,DIPHENHYDRAMINE HYDROCHLORIDE",120,ml,NCE,OTC,Gulf Pharmaceutical Industries (Julphar),United Arab Emirates,Valid,7/9/2025,,
AMYDRAMINE II SUGAR FREE SYRUP,DIPHENHYDRAMINE HYDROCHLORIDE,120,ml,Generic,OTC,Gulf Pharmaceutical Industries (Julphar),United Arab Emirates,Valid,8/1/2022,,
AMYDRAMINE PAEDIATRIC SYRUP,"SODIUM CITRATE,DIPHENHYDRAMINE HYDROCHLORIDE",120,ml,Generic,OTC,Gulf Pharmaceutical Industries (Julphar),United Arab Emirates,Valid,11/24/2022,,
ANXETIN 20MG CAPSULES,FLUOXETINE,-,-,Generic,Prescription,DAR ALDAWA,Jordan,Valid,3/27/2023,,
APHRODIL 50 mg Film coated tablet,SILDENAFIL,-,-,Generic,Prescription,DAR ALDAWA,Jordan,Valid,8/29/2022,,
ASMAFORT 1MG\5ML SYRUP,KETOTIFEN,100,ml,Generic,OTC,Gulf Pharmaceutical Industries (Julphar),United Arab Emirates,Valid,1/7/2025,,
ASMAFORT 1MGTAB,KETOTIFEN,-,-,Generic,Prescription,Gulf Pharmaceutical Industries (Julphar),United Arab Emirates,Valid,8/29/2022,,
3V AMPOULES,"THIAMINE,PYRIDOXINE,CYANOCOBALAMIN",3,ml,Generic,Prescription,Gulf Pharmaceutical Industries (Julphar),United Arab Emirates,Valid,8/21/2024,,
ADOL 125 MG RECTAL SUPPOSITORIES,PARACETAMOL,-,-,Generic,OTC,Gulf Pharmaceutical Industries (Julphar),United Arab Emirates,Valid,10/9/2022,,
ADOL 250 MG RECTAL SUUPPOSITORIES,PARACETAMOL,-,-,Generic,OTC,Gulf Pharmaceutical Industries (Julphar),United Arab Emirates,Valid,7/13/2025,,
ADOL 500 MG RECTAL SUPPOSITORIES,PARACETAMOL,-,-,Generic,OTC,Gulf Pharmaceutical Industries (Julphar),United Arab Emirates,Valid,10/9/2022,,
ADOL ALLERGY SINUS 325MG-2MG-30MG CAPLET,"PARACETAMOL,PSEUDOEPHEDRINE HYDROCHLORIDE,CHLORPHENIRAMINE MALEATE",-,-,NCE,OTC,Gulf Pharmaceutical Industries (Julphar),United Arab Emirates,Valid,11/3/2022,,
ADOL COLD CAPLET,"PARACETAMOL,PSEUDOEPHEDRINE HYDROCHLORIDE,DEXTROMETHORPHAN",-,-,NCE,Prescription,Gulf Pharmaceutical Industries (Julphar),United Arab Emirates,Valid,10/31/2022,,
ADOL DROPS 100MG-ML,PARACETAMOL,15,ml,Generic,OTC,Gulf Pharmaceutical Industries (Julphar),United Arab Emirates,Valid,10/9/2022,,
ADOL PM 325MG-25MG CAPLET,"PARACETAMOL,DIPHENHYDRAMINE HYDROCHLORIDE",-,-,NCE,OTC,Gulf Pharmaceutical Industries (Julphar),United Arab Emirates,Valid,10/31/2022,,
ADOL SYRUP 120MG-5ML,PARACETAMOL,100,ml,Generic,OTC,Gulf Pharmaceutical Industries (Julphar),United Arab Emirates,Valid,10/9/2022,,
ADVAQUIN 500MG FILM COATED TABLET,LEVOFLOXACIN,-,-,Generic,Prescription,OMAN PHARMACEUTICAL PRODUCTS,Oman,Valid,8/29/2022,,
ALBENDA 100MG\5ML SUSP,ALBENDAZOLE,20,ml,NCE,Prescription,Gulf Pharmaceutical Industries (Julphar),United Arab Emirates,Valid,8/29/2022,,
ALFACORT 1% CREAM,HYDROCORTISONE ACETATE,15,g,Generic,OTC,Gulf Pharmaceutical Industries (Julphar),United Arab Emirates,Valid,9/14/2023,,
ALFACORT 1% OINTMENT,HYDROCORTISONE ACETATE,15,g,Generic,OTC,Gulf Pharmaceutical Industries (Julphar),United Arab Emirates,Valid,7/30/2023,,
AMOLAR 10MG CAPSULES,AMLODIPINE BESILATE,-,-,Generic,Prescription,DAR ALDAWA,Jordan,Valid,12/19/2023,,
AMLOPHAR 5MG CAPSULES,AMLODIPINE BESILATE,-,-,Generic,Prescription,Gulf Pharmaceutical Industries (Julphar),United Arab Emirates,Valid,6/19/2025,,
ADOL SINUS 325MG-30MG CAPLET,"PARACETAMOL,PSEUDOEPHEDRINE HYDROCHLORIDE",-,-,NCE,OTC,Gulf Pharmaceutical Industries (Julphar),United Arab Emirates,Valid,3/27/2024,,
CAPOCARD 25MG TAB,CAPTOPRIL,-,-,Generic,Prescription,DAR ALDAWA,Jordan,Valid,11/10/2022,,
CAPOCARD 50MG TAB,CAPTOPRIL,-,-,Generic,Prescription,DAR ALDAWA,Jordan,Valid,8/29/2022,,
CARBATOL 200MG TAB,CARBAMAZEPINE,-,-,Generic,Prescription,DAR ALDAWA,Jordan,Valid,10/16/2024,,
CEFIM 100 POWDER FOR ORAL SUSPENTION,CEFIXIME,60,ml,Generic,Prescription,OMAN PHARMACEUTICAL PRODUCTS,Oman,Valid,2/28/2023,,
CEFOVEX 500MG TABLET,CEFUROXIME AXETIL,-,-,Generic,Prescription,OMAN PHARMACEUTICAL PRODUCTS,Oman,Valid,1/11/2023,,
LEXEK 125MG-5ML SUSP,CEFALEXIN,100,ml,Generic,Prescription,Gulf Pharmaceutical Industries (Julphar),United Arab Emirates,Valid,7/9/2025,,
LEXEK 250MG-5ML SUSP,CEFALEXIN,100,ml,Generic,Prescription,Gulf Pharmaceutical Industries (Julphar),United Arab Emirates,Valid,7/9/2025,,
Lexek 500MG CAPS,CEFALEXIN,-,-,Generic,Prescription,Gulf Pharmaceutical Industries (Julphar),United Arab Emirates,Valid,8/29/2022,,
CEFUZIME 125MG-5ML POWDER FOR ORAL SUSP,CEFUROXIME AXETIL,50,ml,Generic,Prescription,Gulf Pharmaceutical Industries (Julphar),United Arab Emirates,Valid,8/29/2022,,
CEFUZIME 250MG TAB.,CEFUROXIME AXETIL,-,-,Generic,Prescription,Gulf Pharmaceutical Industries (Julphar),United Arab Emirates,Valid,12/28/2022,,
CEFUZIME 500 MG TAB,CEFUROXIME AXETIL,-,-,Generic,Prescription,Gulf Pharmaceutical Industries (Julphar),United Arab Emirates,Valid,12/1/2022,,
"CEFUZIME 750 MG INJECTION,I.M - I.V VIAL",CEFUROXIME SODIUM,-,-,Generic,Prescription,Gulf Pharmaceutical Industries (Julphar),United Arab Emirates,Valid,7/9/2025,,
CEPHADAR FORTE,CEFALEXIN,-,-,Generic,Prescription,DAR ALDAWA,Jordan,Valid,6/12/2023,,
CETRALON 10 MG TAB,CETIRIZINE HYDROCHLORIDE,-,-,Generic,OTC,Gulf Pharmaceutical Industries (Julphar),United Arab Emirates,Valid,8/29/2022,,
CETRALON 5MG-5ML SYRUP,CETIRIZINE HYDROCHLORIDE,75,ml,Generic,OTC,Gulf Pharmaceutical Industries (Julphar),United Arab Emirates,Valid,8/29/2022,,
LEXEK 250MG CAPS,CEFALEXIN,-,-,Generic,Prescription,Gulf Pharmaceutical Industries (Julphar),United Arab Emirates,Valid,8/29/2022,,
3V TABLETS,"PYRIDOXINE,THIAMINE,CYANOCOBALAMIN",-,-,Generic,OTC,Gulf Pharmaceutical Industries (Julphar),United Arab Emirates,Valid,6/19/2025,,
BUTALIN TABS 4MG,SALBUTAMOL,-,-,Generic,Prescription,Gulf Pharmaceutical Industries (Julphar),United Arab Emirates,Valid,9/14/2023,,
BUTALIN SYRUP 2MG-5ML,SALBUTAMOL,120,ml,Generic,Prescription,Gulf Pharmaceutical Industries (Julphar),United Arab Emirates,Valid,12/13/2022,,
AZOMYCIN 200MG\5ML SUSP.,AZITHROMYCIN,15,ml,Generic,Prescription,Gulf Pharmaceutical Industries (Julphar),United Arab Emirates,Valid,12/28/2023,,
AZOMYCIN 200MG\5ML SUSP.,AZITHROMYCIN,30,ml,Generic,Prescription,Gulf Pharmaceutical Industries (Julphar),United Arab Emirates,Valid,12/28/2023,,
BUTALIN 2 mg tablet,SALBUTAMOL,-,-,Generic,Prescription,Gulf Pharmaceutical Industries (Julphar),United Arab Emirates,Valid,12/13/2022,,
BETASONE 0.1% CREAM,BETAMETHASONE VALERATE,15,g,Generic,Prescription,Gulf Pharmaceutical Industries (Julphar),United Arab Emirates,Valid,3/27/2023,,
BETASONE 500MCG TAB,BETAMETHASONE SODIUM PHOSPHATE,-,-,Generic,Prescription,Gulf Pharmaceutical Industries (Julphar),United Arab Emirates,Valid,8/1/2022,,
BUTALIN 0.5% SOLUTION FOR NEBULISER,SALBUTAMOL,20,ml,Generic,Prescription,Gulf Pharmaceutical Industries (Julphar),United Arab Emirates,Valid,8/4/2025,,
BUTALIN 100MCG-DOSE INHALER,SALBUTAMOL,200,DF,Generic,Prescription,Gulf Pharmaceutical Industries (Julphar),United Arab Emirates,Valid,12/13/2022,,
BETASONE 0.1% OINTMENT,BETAMETHASONE VALERATE,15,g,Generic,Prescription,Gulf Pharmaceutical Industries (Julphar),United Arab Emirates,Valid,7/9/2025,,
ESPERAL 300 mg Film Coated Tablet,QUETIAPINE,-,-,Generic,Prescription,DAR ALDAWA,Jordan,Valid,1/23/2024,,
TELFAST 120 MG FILM COATED TAB,FEXOFENADINE HYDROCHLORIDE,-,-,NCE,OTC,SANOFI WINTHROP INDUSTRIE,France,Valid,3/3/2025,,
ATOXIA 120 mg Film-coated Tablet,Etoricoxib,-,-,Generic,Prescription,UNITED PHARMACEUTICAL COMPANY,Jordan,Valid,8/29/2022,,
LETARA 2.5 mg tablet,LETROZOLE,-,-,Generic,Prescription,DOUGLAS MANUFACTURING Ltd,New Zealand,Valid,12/15/2024,,
LASIX AMP 20MG-2ML,FUROSEMIDE,2,ml,NCE,Prescription,SANOFI WINTHROP INDUSTRIE,France,Valid,11/26/2024,,
LANOXIN 0.05MG-ML ELIXIR,DIGOXIN,60,ml,NCE,Prescription,ASPEN,Germany,Valid,3/6/2025,,
DESTAMIN 5 mg film-coated tablet,DESLORATADINE,-,-,Generic,OTC,LABORATORIOS CINFA SA,Spain,Valid,3/30/2023,,
DUETACT 30/4 mg tablet,"PIOGLITAZONE,GLIMEPIRIDE",-,-,NCE,Prescription,TAKEDA GMBH,Germany,Valid,10/31/2022,,
DUETACT 30/2 mg tablet,"PIOGLITAZONE,GLIMEPIRIDE",-,-,NCE,Prescription,TAKEDA,Japan,Valid,10/31/2022,,
Alburex,ALBUMIN HUMAN,100,ml,Biological,Prescription,CSL BEHRING,Switzerland,Valid,1/31/2023,,
Alburex,ALBUMIN HUMAN,50,ml,Biological,Prescription,CSL BEHRING,Switzerland,Valid,1/31/2023,,
ACTOSMET 15/850 mg tablet,"METFORMIN HYDROCHLORIDE,PIOGLITAZONE",-,-,NCE,Prescription,TAKEDA,Japan,Valid,10/9/2024,,
VFONAZ 50 mg film-coated tablet,VORICONAZOLE,-,-,Generic,Prescription,Pfizer Italia S.R.L,Italy,Valid,11/13/2022,,
CERUXIM 750 mg powder for solution for injection or infusion,CEFUROXIME SODIUM,-,-,Generic,Prescription,MEDOCHEMIE LTD,Cyprus,Valid,3/4/2025,,
CERUXIM 1.5 g powder for solution for injection or infusion,CEFUROXIME SODIUM,-,-,Generic,Prescription,MEDOCHEMIE LTD,Cyprus,Valid,12/30/2024,,
ATROPINE SULPHATE 600 mcg/ml injection,ATROPINE SULFATE,1,ml,Generic,Prescription,MACARTHYS LABORATORIES Ltd T/A MARTINDALE PHARMACEUTICALS,United Kingdom,Valid,10/9/2023,,
ATOZET 10/10 mg film-coated tablet,"ATORVASTATIN CALCIUM,EZETIMIBE",-,-,NCE,Prescription,MSD International GmbH (PUERTO RICO Branch),United States,Valid,4/1/2025,,
ATOZET 10/20 mg film-coated tablet,"ATORVASTATIN CALCIUM,EZETIMIBE",-,-,NCE,Prescription,MSD International GmbH (PUERTO RICO Branch),United States,Valid,4/1/2025,,
ATOZET 10/40 mg film-coated tablet,"ATORVASTATIN CALCIUM,EZETIMIBE",-,-,NCE,Prescription,MSD International GmbH (PUERTO RICO Branch),United States,Valid,4/1/2025,,
RYZODEG FlexTouch 100 u/ml,"INSULIN DEGLUDEC,INSULIN ASPART",3,ml,NCE,Prescription,NOVO NORDISK,Denmark,Valid,5/9/2023,,
MIRAN 0.5 g powder for injection,MEROPENEM,-,-,Generic,Prescription,ACS DOBFAR S.P.A,Italy,Valid,3/30/2023,,
MIRAN 1 g powder for injection,MEROPENEM,-,-,Generic,Prescription,ACS DOBFAR S.P.A,Italy,Valid,8/31/2022,,
ALEVE 220 mg film-coated tablet,NAPROXEN,-,-,NCE,OTC,Bayer Bitterfeld GmbH ,Germany,Valid,8/28/2024,,
DICLOPID 50 mg film-coated tablet,DICLOFENAC POTASSIUM,-,-,Generic,Prescription,NATIONAL PHARMACEUTICAL INDUSTRIES CO,Oman,Valid,3/27/2023,,
VALPOHARDT 100 mg/ml solution for injection or infusion,VALPROATE SODIUM,5,ml,Generic,Prescription,CP PHARMACEUTICAL Ltd,United Kingdom,Valid,4/24/2025,,
ASPIRIN PROTECT 100MG E.C. TABLETS,ACETYLSALICYLIC ACID,-,-,Generic,OTC,Bayer Bitterfeld GmbH ,Germany,Valid,1/23/2024,,
CEREZYME 400 U powder for concentrate for solution for infusion ,IMIGLUCERASE,10,ml,Biological,Prescription,GENZYME IRELAND LIMITED,Ireland,Valid,10/9/2024,,
VFONAZ 200 mg film-coated tablet,VORICONAZOLE,-,-,Generic,Prescription,Pfizer Italia S.R.L,Italy,Valid,2/28/2023,,
VFONAZ 200 mg powder for solution for infusion,VORICONAZOLE,-,-,Generic,Prescription,Pfizer Manufacturing Deutschland GmbH,Germany,Valid,9/30/2022,,
PHLEBODIA 600 mg film-coated tablet,DIOSMIN,-,-,Generic,Prescription,INNOTHERA CHOUZY,France,Valid,8/1/2022,,
ADVATE 1000 IU ,HUMAN COAGULATION FACTOR VIII,5,ml,Biological,Prescription,TAKEDA MANUFACTURING AUSTRIA AG,Austria,Valid,5/3/2023,,
ARCHIFAR 500 mg powder for solution for injection or infusion,MEROPENEM,-,-,Generic,Prescription,MEDOCHEMIE LTD,Cyprus,Valid,3/4/2025,,
ARCHIFAR 1000 mg powder for solution for injection or infusion,MEROPENEM,-,-,Generic,Prescription,MEDOCHEMIE LTD,Cyprus,Valid,7/9/2025,,
LANOXIN 0.25MG/ML INJ,DIGOXIN,2,ml,Generic,Prescription,CENEXI,France,Valid,7/27/2025,,
ENTYVIO 300 mg powder for concentrate for solution for infusion,VEDOLIZUMAB,-,-,Biological,Prescription,HOSPIRA,United States,Valid,9/1/2022,,
G-PRIDE 4 mg tablet,GLIMEPIRIDE,-,-,Generic,Prescription,OMAN PHARMACEUTICAL PRODUCTS,Oman,Valid,8/29/2022,,
VANCO 1000 mg powder for solution for injection or infusion,VANCOMYCIN,-,-,Generic,Prescription,Hikma Farmaceutica,Portugal,Valid,8/29/2022,,
VANCO 500 mg powder for solution for injection or infusion,VANCOMYCIN,-,-,Generic,Prescription,Hikma Farmaceutica,Portugal,Valid,8/29/2022,,
INVOKANA 100 mg film-coated tablet,CANAGLIFLOZIN,-,-,NCE,Prescription,JANSSEN - ORTHO,Puerto Rico,Valid,8/29/2022,,
DOBUTAMINE JPI 250 mg/20 ml solution for IV infusion,DOBUTAMINE,20,ml,Generic,Prescription,Hikma Farmaceutica,Portugal,Valid,1/23/2024,,
RIBOMUSTIN 25 mg powder for concentrate for solution for infusion,BENDAMUSTINE HYDROCHLORIDE,26,ml,NCE,Prescription,CENEXI-LABORATORIES,Belgium,Valid,2/16/2023,,
RIBOMUSTIN 100 mg powder for concentrate for solution for infusion,BENDAMUSTINE HYDROCHLORIDE,60,ml,NCE,Prescription,CENEXI-LABORATORIES,Belgium,Valid,2/16/2023,,
RIBOMUSTIN 100 mg powder for concentrate for solution for infusion,BENDAMUSTINE HYDROCHLORIDE,60,ml,NCE,Prescription,CENEXI-LABORATORIES,Belgium,Valid,2/16/2023,,
ZYKADIA 150 mg capsule,CERITINIB,-,-,NCE,Prescription,NOVARTIS Pharma Stein AG,Switzerland,Valid,2/11/2025,,
IBRANCE 75 mg capsule,PALBOCICLIB,-,-,NCE,Prescription,Pfizer Manufacturing Deutschland GmbH,Germany,Valid,10/10/2023,,
IBRANCE 100 mg capsule,PALBOCICLIB,-,-,NCE,Prescription,Pfizer Manufacturing Deutschland GmbH,Germany,Valid,10/10/2023,,
ALOPEXY 5% topical solution,MINOXIDIL,60,ml,Generic,OTC,FAREVA PAU 1,France,Valid,4/24/2025,,
ALOPEXY 5% topical solution,MINOXIDIL,60,ml,Generic,OTC,FAREVA PAU 1,France,Valid,4/24/2025,,
FORTA-Z 1 g powder for solution for injection,CEFTAZIDIME,50,ml,Generic,Prescription,Hikma Farmaceutica,Portugal,Valid,8/29/2022,,
DOMINE 40 mg/ml concentrate for solution for infusion,DOPAMINE HYDROCHLORIDE,5,ml,Generic,Prescription,HIKMA ITALIA SPA,Italy,Valid,11/7/2024,,
GAZYVA 25 mg/ml concentrate for solution for infusion,OBINUTUZUMAB,40,ml,NCE,Prescription,ROCHE DIAGNOSTICS,Germany,Valid,5/21/2024,,
ENDOMETRIN 100 mg vafinal tablet,PROGESTERONE,-,-,NCE,Prescription,Sever Pharma Solutions AB ,Sweden,Valid,10/3/2024,,
LERCADIP 20 mg film-coated tablet,LERCANIDIPINE HYDROCHLORIDE,-,-,NCE,Prescription,Algorithm SAL,Lebanon,Suspended,1/29/2025,,
ADACEL 0.5 ml suspension for injection,"TETANUS TOXOID,DIPHTHERIA TOXOID,ACELLULAR PERTUSSIS",0.5,ml,Biological,Prescription,SANOFI PASTEUR,Canada,Valid,3/23/2023,,
FORXIGA 10 mg film-coated tablet,DAPAGLIFLOZIN,-,-,NCE,Prescription,AstraZeneca Pharmaceuticals LP,United States,Valid,8/29/2022,,
FORXIGA 5 mg film-coated tablet,DAPAGLIFLOZIN,-,-,NCE,Prescription,AstraZeneca,United States,Valid,8/29/2022,,
BUTRANS 5 mcg/hour transdermal patch,BUPRENORPHINE,-,-,NCE,Prescription,LTS LOHMANN Therapie-Systeme,Germany,Valid,4/6/2023,,
BUTRANS 10 mcg/hour transdermal patch,BUPRENORPHINE,-,-,NCE,Prescription,LTS LOHMANN Therapie-Systeme,Germany,Valid,4/6/2023,,
BUTRANS 20 mcg/hour transdermal patch,BUPRENORPHINE,-,-,NCE,Prescription,LTS LOHMANN Therapie-Systeme,Germany,Valid,4/6/2023,,
PLEGRIDY 125 mcg solution for injection,PEGINTERFERON BETA-1A,0.5,ml,Biological,Prescription,VETTER PHARMA,Germany,Valid,7/7/2024,,
PLEGRIDY 63-94 mcg solution for injection,PEGINTERFERON BETA-1A,0.5,ml,Biological,Prescription,VETTER PHARMA,Germany,Valid,7/7/2024,,
G-PRIDE 3 mg tablet,GLIMEPIRIDE,-,-,Generic,Prescription,OMAN PHARMACEUTICAL PRODUCTS,Oman,Valid,8/29/2022,,
IBRANCE 125 mg capsule,PALBOCICLIB,-,-,NCE,Prescription,Pfizer Manufacturing Deutschland GmbH,Germany,Valid,10/10/2023,,
AVONEX 30 mcg/0.5 ml pre-filled pen,INTERFERON BETA-1A,0.5,ml,Biological,Prescription,"VETTER PHARMA-FERTIGUNG, GMBH & CO. KG",Germany,Valid,7/7/2024,,
TECFIDERA 240 mg capsule,Dimethyl Fumarate,-,-,NCE,Prescription,CORDEN PHARMA FRIBOURG AG,Switzerland,Valid,6/2/2025,,
TECFIDERA 120 mg capsule,Dimethyl Fumarate,-,-,NCE,Prescription,CORDEN PHARMA FRIBOURG AG,Switzerland,Valid,7/7/2024,,
OXYCONTIN 15 mg controlled release tablet,OXYCODONE HYDROCHLORIDE,-,-,NCE,Prescription,PURDUE PHARMACEUTICALS LP,United States,Valid,5/16/2024,,
OXYCONTIN 20 mg controlled release tablet,OXYCODONE HYDROCHLORIDE,-,-,NCE,Prescription,PURDUE PHARMACEUTICALS LP,United States,Valid,5/16/2024,,
OXYCONTIN 30 mg controlled release tablet,OXYCODONE HYDROCHLORIDE,-,-,NCE,Prescription,PURDUE PHARMACEUTICALS LP,United States,Valid,5/16/2024,,
OXYCONTIN 40 mg controlled release tablet,OXYCODONE HYDROCHLORIDE,-,-,NCE,Prescription,PURDUE PHARMACEUTICALS LP,United States,Valid,5/16/2024,,
OXYCONTIN 60 mg controlled release tablet,OXYCODONE HYDROCHLORIDE,-,-,NCE,Prescription,PURDUE PHARMACEUTICALS LP,United States,Valid,5/16/2024,,
CLOPRAM 10 mg/2 ml solution for injection,METOCLOPRAMIDE HYDROCHLORIDE,2,ml,Generic,Prescription,HIKMA ITALIA SPA,Italy,Valid,8/29/2022,,
ELOXATIN 50MG VIAL,OXALIPLATIN,-,-,NCE,Prescription,Sanofi aventis Deutschland GmbH,Germany,Valid,1/18/2023,,
ELOCTA 3000 IU POWDER FOR SOLUTION FOR INJECTION,EFMOROCTOCOG ALFA,3,ml,Biological,Prescription,VETTER PHARMA-FERTIGUNG GMBH & CO. KG,Germany,Valid,3/20/2023,,
CANESTEN SOLUTION 1%,CLOTRIMAZOLE,20,ml,NCE,OTC,KVP PHARMA,Germany,Valid,8/29/2022,,
CANESTEN CREAM 1%,CLOTRIMAZOLE,20,g,NCE,OTC,GP Grenzach Produktion GmbH (GP),Germany,Valid,8/29/2022,,
CANESTEN-1 VAG. CREAM 10%,CLOTRIMAZOLE,5,g,NCE,OTC,Kern Pharma S.L.,Spain,Valid,4/2/2023,,
ASPIRIN EFFERVESCENT WITH VITAMIN C,"ACETYLSALICYLIC ACID,ASCORBIC ACID",-,-,NCE,OTC,Bayer Bitterfeld GmbH ,Germany,Valid,11/19/2022,,
TYKERB 250MG F.C. TABLETS,LAPATINIB,-,-,NCE,Prescription,GLAXO OPERATION,United Kingdom,Valid,6/19/2025,,
REVOLADE 25MG FILM COATED TABLET,ELTROMBOPAG OLAMINE,-,-,NCE,Prescription,"Siegfried Barbera, S.L",Spain,Valid,7/27/2025,,
REVOLADE 50MG FILM COATED TABLET,ELTROMBOPAG OLAMINE,-,-,NCE,Prescription,Siegfried Barbera S.L,Spain,Valid,7/27/2025,,
ESBRIET 267 mg HARD CAPSULES,PIRFENIDONE,-,-,NCE,Prescription,CATALENT PHARMA SOLUTIONS,United States,Valid,12/1/2022,,
DARZALEX 100 mg per 5 ml,DARATUMUMAB,5,ml,Biological,Prescription,JANSSEN-CILAG,Switzerland,Valid,5/25/2023,,
DARZALEX 400 mg per 20 ml,DARATUMUMAB,20,ml,Biological,Prescription,JANSSEN-CILAG,Switzerland,Valid,5/25/2023,,
MIDIXIME 100MG\5ML,CEFIXIME,60,ml,Generic,Prescription,Pharma International Co.,Jordan,Valid,7/22/2025,,
ELOCTA 2000 IU POWDER FOR SOLUTION FOR INJECTION,EFMOROCTOCOG ALFA,3,ml,Biological,Prescription,VETTER PHARMA-FERTIGUNG GMBH & CO. KG,Germany,Valid,3/20/2023,,
ELOCTA 1500 IU POWDER FOR SOLUTION FOR INJECTION,EFMOROCTOCOG ALFA,3,ml,Biological,Prescription,VETTER PHARMA-FERTIGUNG GMBH & CO. KG,Germany,Valid,3/20/2023,,
ELOCTA 1000 IU POWDER FOR SOLUTION FOR INJECTION,EFMOROCTOCOG ALFA,3,ml,Biological,Prescription,VETTER PHARMA-FERTIGUNG GMBH & CO. KG,Germany,Valid,3/20/2023,,
ELOCTA 500 IU POWDER FOR SOLUTION FOR INJECTION,EFMOROCTOCOG ALFA,3,ml,Biological,Prescription,VETTER PHARMA-FERTIGUNG GMBH & CO. KG,Germany,Valid,3/20/2023,,
VENCLEXTA 100 mg film-coated tablet,VENETOCLAX,-,-,NCE,Prescription,ABBVIE IRELAND NL B.V.,Ireland,Valid,2/28/2023,,
DIPHERELINE P.R. 11.25 mg Powder for Suspension for Injection,TRIPTORELIN,2,ml,NCE,Prescription,IPSEN PHARMA BIOTECH,France,Valid,2/27/2024,,
RUCORON 50MG\5ML SOLUTION FOR IV BOLUS OR INFUSION,ROCURONIUM BROMIDE,5,ml,Generic,Prescription,Hikma Farmaceutica,Portugal,Valid,3/13/2025,,
DOBUTAMINE JPI 250 mg/20 ml solution for IV infusion,DOBUTAMINE,20,ml,Generic,Prescription,Hikma Farmaceutica,Portugal,Valid,2/28/2024,,
DOROFEN 500-50 MG CAPSULE,"GLUCOSAMINE SULFATE,GINKGO BILOBA",-,-,Generic,Prescription,LIPTIS PHARMACEUTICALS,United States,Valid,5/24/2023,,
ESSENTIAL D-3 5000 IU CAPSULE,COLECALCIFEROL,-,-,Generic,Prescription, ARNET PHARMACEUTICAL CORP,United States,Valid,2/28/2023,,
ESSENTIAL D-3 10000 IU CAPSULE,COLECALCIFEROL,-,-,Generic,Prescription, ARNET PHARMACEUTICAL CORP,United States,Valid,2/28/2023,,
VENCLEXTA 10 mg / 50 mg / 100 mg film-coated tablet,VENETOCLAX,-,-,NCE,Prescription,ABBVIE IRELAND NL B.V.,Ireland,Valid,2/28/2023,,
VIMPAT 10 mg/ml SYRUP,LACOSAMIDE,200,ml,NCE,Prescription,Unither Manufacturing LLC ,United States,Valid,2/27/2023,,
NUROFEN 400 DOUBLE STRENGTH TABLET,IBUPROFEN,-,-,Generic,OTC,RECKITT BENCKISER HEALTHCARE INTERNATIONAL,United Kingdom,Valid,8/18/2024,,
ELIGARD 7.5 MG POWDER FOR SOLUTION FOR INJECTION,LEUPRORELIN,-,-,NCE,Prescription,TOLMAR INC.,United States,Valid,5/5/2024,,
ELIGARD 22.5 MG POWDER FOR SOLUTION FOR INJECTION,LEUPRORELIN,-,-,NCE,Prescription,TOLMAR INC.,United States,Valid,5/5/2024,,
ELIGARD 45 MG POWDER FOR SOLUTION FOR INJECTION,LEUPRORELIN,-,-,NCE,Prescription,TOLMAR INC.,United States,Valid,5/5/2024,,
ORFADIN 2 MG CAPSULE,NITISINONE,-,-,NCE,Prescription,APOTEK PRODUKTION & LABORATORIER AB,Sweden,Valid,2/16/2023,,
ORFADIN 5 MG CAPSULE,NITISINONE,-,-,NCE,Prescription,APOTEK PRODUKTION & LABORATORIER AB,Sweden,Valid,2/16/2023,,
ORFADIN 10 MG CAPSULE,NITISINONE,-,-,NCE,Prescription,APOTEK PRODUKTION & LABORATORIER AB,Sweden,Valid,2/16/2023,,
ORFADIN 20 MG CAPSULE,NITISINONE,-,-,NCE,Prescription,APOTEK PRODUKTION & LABORATORIER AB,Sweden,Valid,2/16/2023,,
ELOCTA 250 IU POWDER FOR SOLUTION FOR INJECTION,EFMOROCTOCOG ALFA,3,ml,Biological,Prescription,VETTER PHARMA-FERTIGUNG GMBH & CO. KG,Germany,Valid,3/20/2023,,
VIMPAT 10 mg/ml SOLUTION FOR INFUSION,LACOSAMIDE,20,ml,NCE,Prescription,Patheon Italia S.P.A.,Italy,Valid,1/23/2024,,
KEPPRA 1000MG F.C.TAB,LEVETIRACETAM,-,-,NCE,Prescription,U.C.B.,Belgium,Valid,2/13/2025,,
KEPPRA 100MG-ML ORAL SOLUTION,LEVETIRACETAM,300,ml,NCE,Prescription,NEXT PHARMA,France,Valid,2/10/2025,,
CANESTEN VAGINAL TAB 100MG,CLOTRIMAZOLE,-,-,NCE,OTC,Haupt Pharma Wulfing GmbH,Germany,Valid,10/5/2022,,
MYLERAN,BUSULFAN,-,-,NCE,Prescription,EXCELLA GmbH & Co. KG,Germany,Valid,5/19/2025,,
OXYCONTIN 10 mg controlled release tablet,OXYCODONE HYDROCHLORIDE,-,-,NCE,Prescription,PURDUE PHARMACEUTICALS LP,United States,Valid,5/16/2024,,
CENTRUM SILVER TABLETS,"IODINE,SELENIUM SULFIDE,CHROMIUM CHLORIDE HEXAHYDRATE,FOLIC ACID,CALCIUM PHOSPHATE,PHOSPHORUS,BIOTIN,ASCORBIC ACID,FERROUS FUMARATE,SODIUM MOLYBDATE,VITAMIN K1,NICOTINAMIDE,DL-ALPHA TOCOFERIL ACETATE,BETA CAROTENE,COPPER,MANGANESE,MAGNESIUM OXIDE,CYANOCOBALAMIN,RIBOFLAVIN (VITAMIN B2),PYRIDOXINE (VITAMIN B6),ZINC OXIDE,PANTOTHENIC ACID,LUTEIN,POTASSIUM CHLORIDE,THIAMINE,COLECALCIFEROL (VITAMIN D3)",-,-,NCE,OTC,PFIZER,Canada,Valid,8/22/2024,,
CENTRUM SILVER TABLETS,"BETA CAROTENE,LUTEIN,COLECALCIFEROL (VITAMIN D3),FOLIC ACID,CALCIUM PHOSPHATE,PHOSPHORUS,BIOTIN,IODINE,ASCORBIC ACID,MAGNESIUM OXIDE,SODIUM MOLYBDATE,CHROMIUM CHLORIDE HEXAHYDRATE,POTASSIUM CHLORIDE,VITAMIN K1,SELENIUM SULFIDE,NICOTINAMIDE,DL-ALPHA TOCOFERIL ACETATE,FERROUS FUMARATE,PANTOTHENIC ACID,ZINC OXIDE,PYRIDOXINE (VITAMIN B6),RIBOFLAVIN (VITAMIN B2),THIAMINE,CYANOCOBALAMIN,MANGANESE,COPPER",-,-,NCE,OTC,PFIZER,Canada,Valid,8/22/2024,,
CENTRUM WITH LUTEIN TABLETS,"BETA CAROTENE,LUTEIN,COLECALCIFEROL (VITAMIN D3),FOLIC ACID,CALCIUM PHOSPHATE,PHOSPHORUS,IODINE,BIOTIN,ASCORBIC ACID,SODIUM MOLYBDATE,POTASSIUM CHLORIDE,CHROMIUM CHLORIDE HEXAHYDRATE,VITAMIN K1,SELENIUM SULFIDE,NICOTINAMIDE,FERROUS FUMARATE,PANTOTHENIC ACID,ZINC OXIDE,PYRIDOXINE (VITAMIN B6),RIBOFLAVIN (VITAMIN B2),THIAMINE,CYANOCOBALAMIN,MANGANESE,COPPER",-,-,NCE,OTC,PF Consumer Healthcare Canada ULC ,Canada,Valid,8/22/2024,,
CENTRUM WITH LUTEIN TABLETS,"COPPER,MANGANESE,CYANOCOBALAMIN,THIAMINE,RIBOFLAVIN (VITAMIN B2),PYRIDOXINE (VITAMIN B6),ZINC OXIDE,PANTOTHENIC ACID,FERROUS FUMARATE,SELENIUM SULFIDE,CHROMIUM CHLORIDE HEXAHYDRATE,POTASSIUM CHLORIDE,SODIUM MOLYBDATE,ASCORBIC ACID,BIOTIN,IODINE,PHOSPHORUS,CALCIUM PHOSPHATE,FOLIC ACID,COLECALCIFEROL (VITAMIN D3),LUTEIN,BETA CAROTENE,VITAMIN K1,NICOTINAMIDE",-,-,NCE,OTC,PF Consumer Healthcare Canada ULC ,Canada,Valid,8/22/2024,,
MIRTAZA 30 mg film-coated tablet,MIRTAZAPINE,-,-,Generic,Prescription,APOTEX,Canada,Valid,3/30/2023,,
MIRTAZA 15 mg film-coated tablet,MIRTAZAPINE,-,-,Generic,Prescription,APOTEX,Canada,Valid,3/30/2023,,
CAPRELSA 100 mg film-coated tablet,VANDETANIB,-,-,NCE,Prescription,IPR PHARMACEUTICALS INC.,Puerto Rico,Valid,8/15/2023,,
CAPRELSA 300 mg film-coated tablet,VANDETANIB,-,-,NCE,Prescription,IPR PHARMACEUTICALS INC.,Puerto Rico,Valid,8/15/2023,,
MOVICOL SACHET POWDER FOR RECONSTITUTION,"MACROGOL ,SODIUM CHLORIDE,SODIUM BICARBONATE,POTASSIUM CHLORIDE",-,-,Generic,OTC,NORGINE,United Kingdom,Valid,6/8/2023,,
TELFAST 180 MG FILM COATED TAB,FEXOFENADINE HYDROCHLORIDE,-,-,NCE,OTC,SANOFI WINTHROP INDUSTRIE,France,Valid,3/3/2025,,
TIMOPTOL .DROPS,TIMOLOL MALEATE,5,ml,NCE,Prescription,FAREVA MIRABEL,France,Valid,5/24/2023,,
TIMOPTOL .DROPS,TIMOLOL MALEATE,5,ml,NCE,Prescription,FAREVA MIRABEL,France,Valid,4/5/2023,,
TYSABRI 300 MG/15ML,NATALIZUMAB,15,ml,Biological,Prescription,"VETTER PHARMA-FERTIGUNG, GMBH & CO. KG",Germany,Valid,1/30/2025,,
LEVANIX 500 mg film-coated tablet,LEVOFLOXACIN,-,-,Generic,Prescription,NEOPHARMA,United Arab Emirates,Suspended,8/29/2022,,
KEPPRA 250MG F.C.TAB,LEVETIRACETAM,-,-,NCE,Prescription,U.C.B.,Belgium,Valid,2/13/2025,,
KEPPRA 500MG F.C.TAB,LEVETIRACETAM,-,-,NCE,Prescription,U.C.B.,Belgium,Valid,2/13/2025,,
POSICAINE 200 INJECTION,"ARTICAINE,NOREPINEPHRINE BITARTRATE",1.7,ml,Generic,Prescription,NOVOCOL,Canada,Valid,4/1/2025,,
RESOLOR 1 mg film-coated tablet,PRUCALOPRIDE,-,-,NCE,Prescription,JANSSEN-CILAG SPA,Italy,Valid,3/19/2024,,
IRESSA 250 mg film coated tablet,GEFITINIB,-,-,NCE,Prescription,ASTRAZENECA UK LIMITED,United Kingdom,Valid,9/19/2024,,
NUCALA 100 mg POWDER FOR SOLUTION FOR INJECTION,MEPOLIZUMAB,10,ml,Biological,Prescription,GLAXO SMITHKLINE MANUFACTURING S.P.A.,Italy,Valid,7/22/2023,,
ZEMPLAR 1 mcg Capsule,PARICALCITOL,-,-,NCE,Prescription,CATALENT PHARMA SOLUTIONS,United States,Valid,5/14/2023,,
ZEMPLAR 2 mcg Capsule,PARICALCITOL,-,-,NCE,Prescription,CATALENT PHARMA SOLUTIONS,United States,Valid,5/14/2023,,
NEVOTIC 500 mg film-coated tablet,LEVOFLOXACIN,-,-,Generic,Prescription,Pharma International Co.,Jordan,Valid,12/29/2024,,
ZYLANZA 5 mg Orodispersible Tablet,OLANZAPINE,-,-,Generic,Prescription,GENEPHARM S.A.,Greece,Valid,10/3/2024,,
ZYLANZA 10 mg Orodispersible Tablet,OLANZAPINE,-,-,Generic,Prescription,GENEPHARM S.A.,Greece,Valid,10/3/2024,,
ADRENALINE/EPINEPHRINE INJ 1:1000 INJECTION,ADRENALINE,1,ml,Generic,Prescription,MACARTHYS LABORATORIES LIMITED T\A MARTINDALE PHARMA,United Kingdom,Valid,5/15/2024,,
SEFARIX 125mg/5ml Powder For Suspension,CEFDINIR,50,ml,Generic,Prescription,Pharma International Co.,Jordan,Valid,12/29/2024,,
SEFARIX 125mg/5ml Powder For Suspension,CEFDINIR,100,ml,Generic,Prescription,Pharma International Co.,Jordan,Valid,12/29/2024,,
RESOLOR 2 mg film-coated tablet,PRUCALOPRIDE,-,-,NCE,Prescription,JANSSEN-CILAG SPA,Italy,Valid,3/19/2024,,
SAXENDA 6 mg/ml sloution for injection in pre-filled pen,LIRAGLUTIDE,3,ml,Biological,Prescription,NOVO NORDISK,Denmark,Valid,5/13/2025,,
GAMUNEX 10% solution for infusion,NORMAL HUMAN IMMUNOGLOBULIN,25,ml,Biological,Prescription,GRIFOLS THERAPEUTICS LLC,United States,Valid,10/9/2024,,
GAMUNEX 10% solution for infusion,NORMAL HUMAN IMMUNOGLOBULIN,50,ml,Biological,Prescription,GRIFOLS THERAPEUTICS LLC,United States,Valid,10/9/2024,,
GAMUNEX 10% solution for infusion,NORMAL HUMAN IMMUNOGLOBULIN,100,ml,Biological,Prescription,GRIFOLS THERAPEUTICS LLC,United States,Valid,10/9/2024,,
REPLAGAL 1mg/ml concetrate for solution for infusion,AGALSIDASE ALFA,3.5,ml,NCE,Prescription,Cangene BioPharma Inc. (CBI) ,United States,Valid,2/21/2024,,
TRIUMEQ 50mg/600mg/300mg film-coated tablet,"DOLUTEGRAVIR,LAMIVUDINE,ABACAVIR",-,-,NCE,Prescription,Delpharm Poznan ,Poland,Valid,6/21/2023,,
AERRANE LIQUID FOR INHALATION,ISOFLURANE,100,ml,Generic,Prescription,BAXTER HEALTHCARE,Puerto Rico,Valid,9/7/2023,,
D-CURA 2500 IU oral ampule,CHOLECALCIFEROL,1,ml,Generic,Prescription,SMB Technology SA ,Belgium,Valid,8/29/2022,,
VOTRIENT,PAZOPANIB HYDROCHLORIDE,-,-,NCE,Prescription,Novartis Pharmaceutical Manufacturing LLC,Slovenia,Valid,1/13/2025,,
VOTRIENT,PAZOPANIB HYDROCHLORIDE,-,-,NCE,Prescription,Novartis Pharmaceutical Manufacturing LLC,Slovenia,Valid,1/13/2025,,
ZOFRAN,ONDANSETRON,50,ml,NCE,Prescription,GLAXOSMITHKLINE (GSK),Canada,Valid,5/13/2024,,
ZOFRAN MELT 4MG ORAL LYOPHILISATE TABLET,ONDANSETRON,-,-,NCE,Prescription,CATALENT,United Kingdom,Valid,3/22/2025,,
ZOFRAN MELT 8MG ORAL LYOPHILISATE TABLET,ONDANSETRON,-,-,NCE,Prescription,CATALENT,United Kingdom,Valid,3/22/2025,,
BRINTELLIX 10 mg film-coated tablet,VORTIOXETINE,-,-,NCE,Prescription,H. LUNDBECK,Denmark,Valid,5/15/2023,,
BRINTELLIX 20 mg film-coated tablet,VORTIOXETINE,-,-,NCE,Prescription,H. LUNDBECK,Denmark,Valid,4/30/2023,,
INVOKANA 300 mg film-coated tablet,CANAGLIFLOZIN,-,-,NCE,Prescription,JANSSEN - ORTHO,Puerto Rico,Valid,4/5/2023,,
HYCAMTIN 4MG I.V. VIAL,TOPOTECAN,-,-,NCE,Prescription,GLAXO SMITHKLINE MANUFACTURING S.P.A.,Italy,Valid,5/13/2024,,
PRISMASOL 2 mmol/l POTASSIUM SOLUTION FOR HAEMO/HAEMOFI,"LACTIC ACID,SODIUM HYDROGEN CARBONATE,MAGNESIUM CHLORIDE,CALCIUM CHLORIDE,POTASSIUM CHLORIDE,GLUCOSE,SODIUM CHLORIDE",5,l,NCE,Prescription,Bieffe Medital S.p.A,Italy,Valid,5/14/2023,,
FLEBOGAMMA 5% DIF SOLUTION FOR INFUSION,NORMAL HUMAN IMMUNOGLOBULIN,10,ml,Biological,Prescription,INSTITUTO GRIFOLS,Spain,Valid,11/20/2022,,
FLEBOGAMMA 5% DIF SOLUTION FOR INFUSION,NORMAL HUMAN IMMUNOGLOBULIN,50,ml,Biological,Prescription,INSTITUTO GRIFOLS,Spain,Valid,3/26/2023,,
FLEBOGAMMA 5% DIF SOLUTION FOR INFUSION,NORMAL HUMAN IMMUNOGLOBULIN,100,ml,Biological,Prescription,INSTITUTO GRIFOLS,Spain,Valid,1/31/2023,,
FLEBOGAMMA 5% DIF SOLUTION FOR INFUSION,NORMAL HUMAN IMMUNOGLOBULIN,400,ml,Biological,Prescription,INSTITUTO GRIFOLS,Spain,Valid,1/31/2023,,
FLEBOGAMMA 5% DIF SOLUTION FOR INFUSION,NORMAL HUMAN IMMUNOGLOBULIN,200,ml,Biological,Prescription,INSTITUTO GRIFOLS,Spain,Valid,2/28/2023,,
PRISMASOL 4 mmol/l POTASSIUM SOLUTION FOR HAEMO/HAEMOFI,"SODIUM CHLORIDE, CALCIUM CHLORIDE,LACTIC ACID,POTASSIUM CHLORIDE,SODIUM HYDROGEN CARBONATE,GLUCOSE,MAGNESIUM CHLORIDE",5,l,NCE,Prescription,Bieffe Medital S.p.A,Italy,Valid,5/14/2023,,
PRINCEOXIN 250 mg film-coated tablet,LEVOFLOXACIN,-,-,Generic,Prescription,APOTEX,Canada,Valid,2/28/2023,,
TAPCLOB 5MG/5ML ORAL SUSPENSION,CLOBAZAM,150,ml,NCE,Prescription,MACARTHYS LABORATORIES Ltd T/A MARTINDALE PHARMACEUTICALS,United Kingdom,Valid,4/20/2023,,
TAPCLOB 10MG/5ML ORAL SUSPENSION,CLOBAZAM,150,ml,NCE,Prescription,MACARTHYS LABORATORIES Ltd T/A MARTINDALE PHARMACEUTICALS,United Kingdom,Valid,4/20/2023,,
PRINCEOXIN 500 mg film-coated tablet,LEVOFLOXACIN,-,-,Generic,Prescription,APOTEX,Canada,Valid,2/28/2023,,
Risilud 0.05% NASAL SPRAY,MOMETASONE FUROATE,140,ml,Generic,Prescription,LEK PHARMACEUTICALS D.D.,Slovenia,Valid,5/13/2024,,
ESSENTIAL D-3 50000 IU CAPSULE,COLECALCIFEROL,-,-,Generic,Prescription, ARNET PHARMACEUTICAL CORP,United States,Valid,2/28/2023,,
TREZOL 2.5 mg film-coated tablet,LETROZOLE,-,-,Generic,Prescription,LABORATORIOS CINFA SA,Spain,Valid,2/10/2024,,
TRANDATE TAB 200 MG.,LABETALOL HYDROCHLORIDE,-,-,NCE,Prescription,ASPEN Bad Oldesloe GmbH,Germany,Valid,7/9/2025,,
SYNACTHEN DEPOT,TETRACOSACTIDE,1,ml,Biological,Prescription,TAKEDA AUSTRIA GmbH,Austria,Valid,8/29/2022,,
NOVOEIGHT 250 IU Powder & Solvent For Solution For Injection,TUROCTOCOG ALFA,4,ml,Biological,Prescription,NOVO NORDISK,Denmark,Valid,12/1/2022,,
NOVOEIGHT 500 IU Powder & Solvent For Solution For Injection,TUROCTOCOG ALFA,4,ml,Biological,Prescription,NOVO NORDISK,Denmark,Valid,12/1/2022,,
NOVOEIGHT 1000 IU Powder & Solvent For Solution For Injection,TUROCTOCOG ALFA,4,ml,Biological,Prescription,NOVO NORDISK,Denmark,Valid,12/1/2022,,
CUREAML 500 mg Capsules,HYDROXYCARBAMIDE,-,-,Generic,Prescription,The Arab Pharmaceutical Manufacturing PSC (Sahab) Co Ltd ,Jordan,Valid,3/6/2025,,
ELOXATIN 100MG VIAL,OXALIPLATIN,-,-,NCE,Prescription,Sanofi aventis Deutschland GmbH,Germany,Valid,8/31/2022,,
DIOSTAR PLUS,"VALSARTAN,HYDROCHLOROTHIAZIDE",-,-,Generic,Prescription,Pharma International Co.,Jordan,Valid,12/29/2024,,
DIOSTAR PLUS,"VALSARTAN,HYDROCHLOROTHIAZIDE",-,-,Generic,Prescription,Pharma International Co.,Jordan,Valid,12/29/2024,,
EMDITIL 500MG Film-coated TABLET,CEFUROXIME AXETIL,-,-,Generic,Prescription,Pharma International Co.,Jordan,Valid,7/22/2025,,
KEYTRUDA 25 mg/ml Concentrate For Solution For Infusion,PEMBROLIZUMAB,4,ml,Biological,Prescription,MSD INTERNATIONAL GMBH T/A MSD,Ireland,Valid,8/15/2023,,
ELTROXIN 0.05MG TAB,LEVOTHYROXINE SODIUM,-,-,NCE,Prescription,ASPEN Bad Oldesloe GmbH,Germany,Valid,8/29/2022,,
ELTROXIN 0.1MG TAB,LEVOTHYROXINE SODIUM,-,-,NCE,Prescription,ASPEN Bad Oldesloe GmbH,Germany,Valid,7/9/2025,,
PURINETHOL 50MG TAB,MERCAPTOPURINE,-,-,NCE,Prescription,EXCELLA GmbH & Co.KG ,Germany,Valid,3/6/2025,,
TRANDATE INJ. 100 MG.-AMP.20ML,LABETALOL HYDROCHLORIDE,20,ml,NCE,Prescription,CENEXI,France,Valid,2/1/2024,,
TRANDATE 100MG TABLET,LABETALOL HYDROCHLORIDE,-,-,NCE,Prescription,ASPEN Bad Oldesloe GmbH,Germany,Valid,7/9/2025,,
DIOSTAR PLUS,"VALSARTAN,HYDROCHLOROTHIAZIDE",-,-,Generic,Prescription,Pharma International Co.,Jordan,Valid,12/29/2024,,
ATORLIP 20 mg film-coated tablet,ATORVASTATIN CALCIUM,-,-,Generic,Prescription,GLOBAL PHARMA,United Arab Emirates,Valid,12/6/2023,,
ATORLIP 40 mg film-coated tablet,ATORVASTATIN CALCIUM,-,-,Generic,Prescription,GLOBAL PHARMA,United Arab Emirates,Valid,12/6/2023,,
XELJANZ 5 mg film-coated tablet ,TOFACITINIB,-,-,NCE,Prescription,PFIZER,Germany,Valid,2/28/2024,,
ACUVAIL ophthalmic solution,KETOROLAC TROMETHAMINE,0.4,ml,NCE,Prescription,ALLERGAN,United States,Valid,6/19/2025,,
OPDIVO 10 mg/ml solution for injection,NIVOLUMAB,4,ml,Biological,Prescription,BRISTOL-MYERS SQUIBB,United States,Valid,8/31/2022,,
OPDIVO 10 mg/ml solution for injection,NIVOLUMAB,10,ml,Biological,Prescription,BRISTOL-MYERS SQUIBB,United States,Valid,8/31/2022,,
OLIMEL N5E emulsion for infusion,"GLUCOSE,OLIVE OIL,SOYA OIL,ALANINE,SODIUM GLYCEROPHOSPHATE,ARGININE,LYSINE,GLYCINE,PHENYLALANINE,POTASSIUM CHLORIDE,VALINE,HISTIDINE,PROLINE,GLUTAMIC ACID,ISOLEUCINE5,METHIONINE,THREONINE,SODIUM ACETATE,SERINE,ASPARTIC ACID,MAGNESIUM CHLORIDE,TRYPTOPHAN, CALCIUM CHLORIDE,TYROSINE",2000,ml,NCE,Prescription,Baxalta Belgium Manufacturing SA,Belgium,Valid,11/21/2022,,
AZERA 100 mg enteric-coated tablet,ACETYLSALICYLIC ACID,-,-,Generic,OTC,UNITED PHARMACEUTICAL COMPANY,Jordan,Valid,7/9/2025,,
JURNISTA 8 mg prolonged-release tablet,HYDROMORPHONE HYDROCHLORIDE,-,-,NCE,Prescription,Alza Corporation,United States,Valid,8/29/2022,,
JURNISTA 16 mg prolonged-release tablet,HYDROMORPHONE HYDROCHLORIDE,-,-,NCE,Prescription,Alza Corporation,United States,Valid,8/29/2022,,
JURNISTA 32 mg prolonged-release tablet,HYDROMORPHONE HYDROCHLORIDE,-,-,NCE,Prescription,Alza Corporation,United States,Valid,8/29/2022,,
FENTANYL 50 mg mcg/ml solution for injection,FENTANYL,2,ml,Generic,Prescription,MACARTHYS LABORATORIES Ltd T/A MARTINDALE PHARMACEUTICALS,United Kingdom,Valid,4/20/2023,,
FENTANYL 50 mcg/ml solution for injection,FENTANYL,10,ml,Generic,Prescription,MACARTHYS LABORATORIES Ltd T/A MARTINDALE PHARMACEUTICALS,United Kingdom,Valid,4/20/2023,,
"VIVARO 100 IU/ml pre-filled pen, disposable",INSULIN GLARGINE,3,ml,Biological,Prescription,sanofi-aventis,Germany,Valid,8/4/2024,,
VASTALIP 40 mg film-coated tablet,ATORVASTATIN CALCIUM,-,-,Generic,Prescription,ACTAVIS,Iceland,Valid,8/29/2022,,
VASTALIP 20 mg film-coated tablet,ATORVASTATIN CALCIUM,-,-,Generic,Prescription,ACTAVIS,Iceland,Valid,8/29/2022,,
ATORLIP 10 mg film-coated tablet,ATORVASTATIN CALCIUM,-,-,Generic,Prescription,GLOBAL PHARMA,United Arab Emirates,Valid,12/6/2023,,
RENVELA 2.4 g powder for oral suspension,SEVELAMER CARBONATE,2.4,g,NCE,Prescription,GENZYME IRELAND LIMITED,Ireland,Valid,8/7/2024,,
ENGERIX-B,HEPATITIS B VIRUS HBSAG SURFACE ANTIGEN,0.5,ml,Biological,Prescription,GLAXOSMITHKLINE (GSK),Belgium,Valid,10/11/2023,,
SURVANTA INTRATRACHEAL SUSP.VIAL 8ML,BERACTANT,8,ml,NCE,Prescription,Abbott Laboratories,United States,Valid,11/14/2024,,
SEVORANE INHAL.ANESTHESIA Plastic BOTTLE,SEVOFLURANE,250,ml,NCE,Prescription,AESICA QUEENBOROUGH LIMITED,United Kingdom,Valid,8/15/2023,,
SEVORANE INHAL.ANESTHESIA aluminum BOTTLE,SEVOFLURANE,250,ml,NCE,Prescription,AESICA QUEENBOROUGH LIMITED,United Kingdom,Valid,5/14/2023,,
HUMIRA 40MG/0.4ML PRE- FILLED SYRINGE,ADALIMUMAB,0.4,ml,Biological,Prescription,VETTER PHARMA,Germany,Valid,1/30/2025,,
SOLPADEINE CAPSULE,"PARACETAMOL,CAFFEINE CITRATE,CODEINE",-,-,NCE,Prescription,SMIITHKLINE BEECHAM,Spain,Valid,4/2/2023,,
VASTALIP 10 mg film-coated tablet,ATORVASTATIN CALCIUM,-,-,Generic,Prescription,ACTAVIS,Iceland,Valid,8/29/2022,,
GRACIAL TABLET,"DESOGESTREL,ETHINYLESTRADIOL",-,-,Generic,Prescription,"CYNDEA PHARMA , S.L",Spain,Valid,3/6/2025,,
ZELBORAF 240 mg film-coated tablet,VEMURAFENIB,-,-,NCE,Prescription,"Delpharm Milano, S.r.l.",Italy,Valid,4/23/2025,,
MORPHINE SULPHATE BP 10 mg/ml solution for injection,MORPHINE SULFATE,1,ml,Generic,Prescription,MACARTHYS LABORATORIES Ltd T/A MARTINDALE PHARMACEUTICALS,United Kingdom,Valid,6/9/2024,,
EPHEDRINE HYDROCHLORIDE 30 mg/ml solution for injction,Ephedrine hydrochloride,1,ml,Generic,Prescription,MACARTHYS LABORATORIES Ltd T/A MARTINDALE PHARMACEUTICALS,United Kingdom,Valid,1/11/2024,,
"DILUTE ADRENALINE (Epinephrine) 1:10,000 solution for injection",ADRENALINE,10,ml,Generic,Prescription,MACARTHYS LABORATORIES Ltd T/A MARTINDALE PHARMACEUTICALS,United Kingdom,Valid,4/20/2023,,
METHADONE MARTINDALE PHARMA 2 mg/ml oral solution,METHADONE,500,ml,Generic,Prescription,MACARTHYS LABORATORIES Ltd T/A MARTINDALE PHARMACEUTICALS,United Kingdom,Valid,8/29/2022,,
METHADONE MARTINDALE PHARMA 2 mg/ml oral solution,METHADONE,40,ml,Generic,Prescription,MACARTHYS LABORATORIES Ltd T/A MARTINDALE PHARMACEUTICALS,United Kingdom,Valid,8/1/2022,,
INVEGA SUSTENNA 150 mg,PALIPERIDONE,1.5,ml,NCE,Prescription,JANSSEN PHARMACEUTICA N.V.,Belgium,Valid,5/8/2025,,
INVEGA SUSTENNA 100 mg,PALIPERIDONE,1,ml,NCE,Prescription,JANSSEN PHARMACEUTICA N.V.,Belgium,Valid,5/8/2025,,
INVEGA SUSTENNA 75 mg,PALIPERIDONE,0.75,ml,NCE,Prescription,JANSSEN PHARMACEUTICA N.V.,Belgium,Valid,5/8/2025,,
INVEGA SUSTENNA 50 mg,PALIPERIDONE,0.5,ml,NCE,Prescription,JANSSEN PHARMACEUTICA N.V.,Belgium,Valid,5/8/2025,,
SUSTANON 250 AMP,"TESTOSTERONE DECANOATE,TESTOSTERONE ISOCAPROATE,TESTOSTERONE PHENYLPROPIONATE,TESTOSTERONE PROPIONATE",1,ml,NCE,Prescription,EVER PHARMA JENA GMBH,Germany,Valid,3/6/2025,,
SETININ 100 mg film-coated tablet,QUETIAPINE,-,-,Generic,Prescription,ACTAVIS,Malta,Valid,8/29/2022,,
G-PRIDE 1 mg tablet,GLIMEPIRIDE,-,-,Generic,Prescription,OMAN PHARMACEUTICAL PRODUCTS,Oman,Valid,8/29/2022,,
G-PRIDE 2 mg tablet,GLIMEPIRIDE,-,-,Generic,Prescription,OMAN PHARMACEUTICAL PRODUCTS,Oman,Valid,8/29/2022,,
MENOPUR Multidose,MENOTROPHIN,-,-,NCE,Prescription,FERRING,Germany,Valid,2/27/2024,,
MENOPUR Multidose,MENOTROPHIN,-,-,NCE,Prescription,FERRING,Germany,Valid,2/27/2024,,
BIODAL 50000 iu tablet,COLECALCIFEROL,-,-,NCE,Prescription,HAYAT PHARMACEUTICAL INDUSTRIES,Jordan,Valid,5/22/2025,,
MEDROLONE 40 mg lyophilisate for solution for injection,METHYLPREDNISOLONE SODIUM SUCCINATE,10,ml,Generic,Prescription,HIKMA ITALIA SPA,Italy,Valid,8/29/2022,,
MEDROLONE 500 mg lyophilisate for solution for injection,METHYLPREDNISOLONE SODIUM SUCCINATE,10,ml,Generic,Prescription,HIKMA ITALIA SPA,Italy,Valid,8/29/2022,,
CoDICERAN 16/12.5 film-coated tablet,"CANDESARTAN CILEXETIL,HYDROCHLOROTHIAZIDE",-,-,Generic,Prescription,LEK PHARMACEUTICALS D.D.,Slovenia,Valid,11/12/2024,,
HAVRIX,HEPATITIS A VIRUS,1,ml,Biological,Prescription,GLAXOSMITHKLINE (GSK),Belgium,Valid,2/28/2024,,
OLANA 10 mg orodispersible tablet,OLANZAPINE,-,-,Generic,Prescription,ACTAVIS,Malta,Valid,8/29/2022,,
ADCETRIS 50 mg powder for concentrate for solution for infusion,BRENTUXIMAB VEDOTIN,-,-,Biological,Prescription,BSP PHARMACEUTICALS,Italy,Valid,12/28/2023,,
SETININ 200 mg film-coated tablet,QUETIAPINE,-,-,Generic,Prescription,ACTAVIS,Malta,Valid,8/29/2022,,
SETININ 300 mg film-coated tablet,QUETIAPINE,-,-,Generic,Prescription,ACTAVIS,Malta,Valid,8/29/2022,,
LEVOFLOXACIN Sandoz 500 mg film-coated tablet,LEVOFLOXACIN,-,-,Generic,Prescription,Novartis Pharmaceutical Manufacturing LLC,Slovenia,Valid,7/7/2024,,
CELEBREX 400 mg capsule,CELECOXIB,-,-,NCE,Prescription,VIATRIS PHARMACEUTICALS LLC,United States,Valid,7/15/2025,,
CIPRALEX 10 MG F.C. TABLETS,ESCITALOPRAM,-,-,NCE,Prescription,H. LUNDBECK,Denmark,Valid,2/28/2024,,
CIPRALEX 10 MG F.C. TABLETS,ESCITALOPRAM,-,-,Generic,Prescription,H. LUNDBECK,Denmark,Valid,5/14/2023,,
CIPRALEX 20MG F.C. TABLETS,ESCITALOPRAM,-,-,Generic,Prescription,H. LUNDBECK,Denmark,Valid,5/14/2023,,
CLARINASE TAB,"PSEUDOEPHEDRINE HYDROCHLORIDE,LORATADINE",-,-,NCE,OTC,SAG Manufacturing SLU,Spain,Valid,3/13/2025,,
OLANA 5 mg orodispersible tablet,OLANZAPINE,-,-,Generic,Prescription,ACTAVIS,Malta,Valid,8/29/2022,,
ARIXTRA 2.5MG-0.5ML PRE-FILLED SYRINGE,FONDAPARINUX SODIUM,-,-,NCE,Prescription,ASPEN NOTRE DAM de BONDEVILLE,France,Valid,7/9/2025,,
DIOSTAR 80 mg film-coated tablet,VALSARTAN,-,-,Generic,Prescription,Pharma International Co.,Jordan,Valid,12/29/2024,,
DIOSTAR 160 mg film-coated tablet,VALSARTAN,-,-,Generic,Prescription,Pharma International Co.,Jordan,Valid,12/29/2024,,
OCTAGAM 100 mg/ml solution for infusion,NORMAL HUMAN IMMUNOGLOBULIN,50,ml,Biological,Prescription,OCTAPHARMA,Austria,Valid,11/20/2022,,
OCTAGAM 100 mg/ml solution for infusion,NORMAL HUMAN IMMUNOGLOBULIN,50,ml,Biological,Prescription,OCTAPHARMA,Austria,Valid,11/20/2022,,
OCTAGAM 100 mg/ml solution for infusion,NORMAL HUMAN IMMUNOGLOBULIN,100,ml,Biological,Prescription,OCTAPHARMA,Austria,Valid,11/20/2022,,
OCTAGAM 100 mg/ml solution for infusion,NORMAL HUMAN IMMUNOGLOBULIN,200,ml,Biological,Prescription,OCTAPHARMA,Austria,Valid,11/20/2022,,
TARGOPLANIN 200 mg injection,TEICOPLANIN,-,-,Generic,Prescription,HIKMA ITALIA SPA,Italy,Valid,3/28/2024,,
ENGERIX B,HEPATITIS B VIRUS HBSAG SURFACE ANTIGEN,1,-,Biological,Prescription,GLAXOSMITHKLINE (GSK),Belgium,Valid,8/29/2022,,
BOOSTRIX VACCINE,"DIPHTHERIA TOXOID,TETANUS TOXOID,Haemagglutinin,PERTACTIN,ACELLULAR PERTUSSIS",0.5,ml,Biological,Prescription,GLAXO SMITHKLINE BIOLOGICALS ,Germany,Valid,10/29/2024,,
ZYMAXID 0.5% eye drops solution,GATIFLOXACIN,2.5,ml,NCE,Prescription,ALLERGAN,United States,Valid,4/24/2025,,
OLIMEL N7E emulsion for infusion,"GLUCOSE,OLIVE OIL,SOYA OIL,ALANINE,ARGININE,ASPARTIC ACID,GLUTAMIC ACID,GLYCINE,HISTIDINE,ISOLEUCINE5,LEUCINE,METHIONINE,PHENYLALANINE,PROLINE,SERINE,THREONINE,TRYPTOPHAN,TYROSINE,VALINE,SODIUM ACETATE,SODIUM GLYCEROPHOSPHATE,POTASSIUM CHLORIDE,MAGNESIUM CHLORIDE, CALCIUM CHLORIDE,LYSINE",1000,ml,NCE,Prescription,Baxalta Belgium Manufacturing SA,Belgium,Valid,11/24/2022,,
OLIMEL N7E emulsion for infusion,"OLIVE OIL,SOYA OIL,ALANINE,ARGININE,ASPARTIC ACID,GLUTAMIC ACID,GLYCINE,HISTIDINE,ISOLEUCINE5,LEUCINE,METHIONINE,PHENYLALANINE,PROLINE,SERINE,THREONINE,TRYPTOPHAN,TYROSINE,VALINE,SODIUM ACETATE,SODIUM GLYCEROPHOSPHATE,POTASSIUM CHLORIDE,MAGNESIUM CHLORIDE, CALCIUM CHLORIDE,GLUCOSE,LYSINE",2000,ml,NCE,Prescription,Baxalta Belgium Manufacturing SA,Belgium,Valid,11/24/2022,,
OLIMEL N9E emulsion for infusion,"OLIVE OIL,SOYA OIL,ALANINE,ARGININE,ASPARTIC ACID,GLUTAMIC ACID,GLYCINE,HISTIDINE,ISOLEUCINE5,LEUCINE,LYSINE,METHIONINE,PHENYLALANINE,PROLINE,SERINE,THREONINE,TRYPTOPHAN,TYROSINE,VALINE,GLUCOSE,SODIUM ACETATE,SODIUM GLYCEROPHOSPHATE,POTASSIUM CHLORIDE,MAGNESIUM CHLORIDE, CALCIUM CHLORIDE",1000,ml,NCE,Prescription,Baxalta Belgium Manufacturing SA,Belgium,Valid,11/24/2022,,
OLIMEL N9E emulsion for infusion,"OLIVE OIL,SOYA OIL,ALANINE,ARGININE,ASPARTIC ACID,GLUTAMIC ACID,GLYCINE,HISTIDINE,ISOLEUCINE5,LEUCINE,LYSINE,METHIONINE,PHENYLALANINE,PROLINE,SERINE,THREONINE,TRYPTOPHAN,TYROSINE,VALINE,GLUCOSE,SODIUM ACETATE,SODIUM GLYCEROPHOSPHATE,POTASSIUM CHLORIDE,MAGNESIUM CHLORIDE, CALCIUM CHLORIDE",2000,ml,NCE,Prescription,Baxalta Belgium Manufacturing SA,Belgium,Valid,11/24/2022,,
PERIOLIMEL N4E emulsion for infusion,"OLIVE OIL,SOYA OIL,ALANINE,ARGININE,ASPARTIC ACID,GLUTAMIC ACID,GLYCINE,HISTIDINE,ISOLEUCINE5,LEUCINE,METHIONINE,PHENYLALANINE,PROLINE,SERINE,THREONINE,TRYPTOPHAN,TYROSINE,VALINE,SODIUM ACETATE,SODIUM GLYCEROPHOSPHATE,POTASSIUM CHLORIDE,MAGNESIUM CHLORIDE, CALCIUM CHLORIDE,LYSINE,GLUCOSE",1500,ml,NCE,Prescription,Baxalta Belgium Manufacturing SA,Belgium,Valid,11/24/2022,,
PERIOLIMEL N4E emulsion for infusion,"OLIVE OIL,SOYA OIL,ALANINE,ARGININE,ASPARTIC ACID,GLUTAMIC ACID,GLYCINE,HISTIDINE,ISOLEUCINE5,LEUCINE,METHIONINE,PHENYLALANINE,PROLINE,SERINE,THREONINE,TRYPTOPHAN,TYROSINE,VALINE,SODIUM ACETATE,SODIUM GLYCEROPHOSPHATE,POTASSIUM CHLORIDE,MAGNESIUM CHLORIDE, CALCIUM CHLORIDE,LYSINE,GLUCOSE",2000,ml,NCE,Prescription,Baxalta Belgium Manufacturing SA,Belgium,Valid,11/24/2022,,
ULTIBRO Breezhaler,"GLYCOPYRRONIUM BROMIDE,(indacaterol (as acetate",-,-,NCE,Prescription,NOVARTIS,Switzerland,Valid,3/2/2023,,
VFEND 200MG TABLET,VORICONAZOLE,-,-,NCE,Prescription,Pfizer Italia S.R.L,Italy,Valid,10/19/2023,,
ALFOSIN XR 10 mg prolonged-release tablet,ALFUZOSIN,-,-,Generic,Prescription,APOTEX,Canada,Valid,8/29/2022,,
QUETTA 25 mg film-coated tablet,QUETIAPINE,-,-,Generic,Prescription,ACTAVIS,Malta,Valid,8/29/2022,,
QUETTA 100 mg film-coated tablet,QUETIAPINE,-,-,Generic,Prescription,ACTAVIS,Malta,Valid,8/29/2022,,
VFEND 50MG TABLET,VORICONAZOLE,-,-,NCE,Prescription,Pfizer Italia S.R.L,Italy,Valid,12/7/2023,,
QUETTA 200 mg film-coated tablet,QUETIAPINE,-,-,Generic,Prescription,ACTAVIS,Malta,Valid,8/29/2022,,
BREVIBLOC Premixed 10 mg/ml solution for infusion,ESMOLOL,250,ml,NCE,Prescription,BAXTER HEALTHCARE,Ireland,Valid,6/24/2024,,
TALOPAM 100 mg film-coated tablet,TOPIRAMATE,-,-,Generic,Prescription,ACTAVIS,Iceland,Valid,8/29/2022,,
PREZISTA 400 mg film-coated tablet,DARUNAVIR,-,-,NCE,Prescription,JANSSEN-CILAG SPA,Italy,Valid,1/1/2023,,
PREZISTA 600 mg film-coated tablet,DARUNAVIR,-,-,NCE,Prescription,JANSSEN-CILAG SPA,Italy,Valid,1/1/2023,,
INLYTA 1 mg film-coated tablet,AXITINIB,-,-,NCE,Prescription,PFIZER,Germany,Valid,8/29/2022,,
INLYTA 5 mg film-coated tablet,AXITINIB,-,-,NCE,Prescription,PFIZER,Germany,Valid,8/1/2022,,
GIOTRIF 30 mg film-coated tablet,AFATINIB,-,-,NCE,Prescription,BOEHRINGER INGELHEIM,Germany,Valid,8/29/2022,,
GIOTRIF 40 mg film-coated tablet,AFATINIB,-,-,NCE,Prescription,BOEHRINGER INGELHEIM,Germany,Valid,8/29/2022,,
CLOFAST-P 50 mg tablet,DICLOFENAC POTASSIUM,-,-,Generic,Prescription,OMAN PHARMACEUTICAL PRODUCTS,Oman,Valid,8/29/2022,,
PARACETAMOL B.Braun 10 mg/ml solution for infusion,PARACETAMOL,100,ml,Generic,Prescription,B. BRAUN MEDICAL A.G,Spain,Valid,4/24/2025,,
PARACETAMOL B.Braun 10 mg/ml solution for infusion,PARACETAMOL,50,ml,Generic,Prescription,B. BRAUN MEDICAL A.G,Spain,Valid,4/24/2025,,
TALOPAM 25 mg film-coated tablet,TOPIRAMATE,-,-,Generic,Prescription,ACTAVIS,Iceland,Valid,8/29/2022,,
QUETTA 300 mg film-coated tablet,QUETIAPINE,-,-,Generic,Prescription,ACTAVIS,Malta,Valid,8/29/2022,,
IMBRUVICA 140 mg capsule,IBRUTINIB,-,-,NCE,Prescription,CATALENT,United States,Valid,9/15/2022,,
EYLEA 40 mg/ml solution for injection,AFLIBERCEPT,1,ml,Biological,Prescription,BAYER AG,Germany,Valid,10/29/2024,,
TARCEVA 150 mg film-coated tablet,ERLOTINIB,-,-,NCE,Prescription,"Delpharm Milano, S.r.l.",Italy,Valid,8/20/2023,,
KIVEXA film-coated tablet,"ABACAVIR,LAMIVUDINE",-,-,NCE,Prescription,Delpharm Poznań Spółka Akcyjna,Poland,Valid,6/21/2023,,
OLIMEL N9 emulsion for infusion,"GLUCOSE,OLIVE OIL,SOYA OIL,ALANINE,ARGININE,LYSINE,LEUCINE,PHENYLALANINE,GLYCINE,VALINE,PROLINE,GLUTAMIC ACID,THREONINE,ISOLEUCINE5,METHIONINE,SERINE,HISTIDINE,ASPARTIC ACID,TRYPTOPHAN,TYROSINE",1000,ml,NCE,Prescription,Baxalta manufacturing Sarl ,Switzerland,Valid,11/21/2022,,
HEXAXIM vaccine,"DIPHTHERIA TOXOID,TETANUS TOXOID,PERTUSSIS TOXOID,Haemagglutinin,INACTIVATED POLIO VIRUS (IPV) TYPE 1,INACTIVATED POLIO VIRUS (IPV) TYPE 2,INACTIVATED POLIO VIRUS (IPV) TYPE 3,HEPATITIS B VIRUS HBSAG SURFACE ANTIGEN,HAEMOPHILUS INFLUENZAE TYPE B",0.5,ml,Biological,Prescription,SANOFI PASTEUR,France,Valid,11/12/2024,,
HEXAXIM vaccine,"TETANUS TOXOID,PERTUSSIS TOXOID,Haemagglutinin,INACTIVATED POLIO VIRUS (IPV) TYPE 1,INACTIVATED POLIO VIRUS (IPV) TYPE 2,INACTIVATED POLIO VIRUS (IPV) TYPE 3,HEPATITIS B VIRUS HBSAG SURFACE ANTIGEN,HAEMOPHILUS INFLUENZAE TYPE B,DIPHTHERIA TOXOID",0.5,ml,Biological,Prescription,SANOFI PASTEUR,France,Valid,5/22/2024,,
JALRA 50 mg tablet,VILDAGLIPTIN,-,-,NCE,Prescription,"Siegfried Barbera, S.L",Spain,Valid,10/30/2024,,
JALRA 50 mg tablet,VILDAGLIPTIN,-,-,NCE,Prescription,"Siegfried Barbera, S.L",Spain,Valid,10/30/2024,,
JALRA M,"METFORMIN HYDROCHLORIDE,VILDAGLIPTIN",-,-,Generic,Prescription,NOVARTIS Pharma Stein AG,Switzerland,Valid,4/6/2025,,
JALRA M ,"METFORMIN HYDROCHLORIDE,VILDAGLIPTIN",-,-,Generic,Prescription,NOVARTIS Pharma Stein AG,Switzerland,Valid,4/20/2024,,
CITABOL 1000 mg powder for solution for infusion,GEMCITABINE,-,-,Generic,Prescription,VENUS REMEDIES LIMITED,India,Valid,8/31/2022,,
CITABOL 200 mg powder for solution for infusion,GEMCITABINE,-,-,Generic,Prescription,VENUS REMEDIES LIMITED,India,Valid,8/31/2022,,
YERVOY 5 mg/ml intravenous infusion,IPILIMUMAB,10,ml,Biological,Prescription,BAXTER PHARMACEUTICAL SOLUTION LLC,United States,Valid,7/23/2024,,
HARVONI 400/90 mg film-coated tablet,"SOFOSBUVIR,LEDIPASVIR",-,-,NCE,Prescription,GILEAD SCIENCES LIMITED (CORK),Ireland,Valid,11/27/2023,,
NovoThirteen (rFXIII) powder and solvent for solution for injection,CATRIDECACOG,-,-,NCE,Prescription,NOVO NORDISK,Denmark,Valid,8/31/2022,,
BLES,BOVINE LIPID EXTRACT SURFACTANT,5,ml,Biological,Prescription,BLES Biochemicals,Canada,Valid,5/5/2024,,
ZARZIO 30 mU/0.5 mL solution for injection,FILGRASTIM,0.5,ml,Biological,Prescription,IDT Biologika GmbH,Germany,Valid,10/9/2024,,
ZARZIO 48 mU/0.5 mL solution for injection,FILGRASTIM,0.5,ml,Biological,Prescription,IDT Biologika GmbH,Germany,Valid,10/9/2024,,
ENTRESTO,"VALSARTAN,SACUBITRIL",-,-,NCE,Prescription,NOVARTIS FARMA S.P.A,Italy,Valid,4/25/2025,,
ENTRESTO,"VALSARTAN,SACUBITRIL",-,-,NCE,Prescription,NOVARTIS FARMA S.P.A,Italy,Valid,4/25/2025,,
ENTRESTO 200 mg film-coated tablet,"VALSARTAN,SACUBITRIL",-,-,NCE,Prescription,NOVARTIS FARMA S.P.A,Italy,Valid,4/25/2025,,
LEVANIX 500 mg film-coated tablet,LEVOFLOXACIN,-,-,Generic,Prescription,NEOPHARMA,United Arab Emirates,Suspended,8/29/2022,,
ARTHOSAVE 200 mg tablet,HYDROXYCHLOROQUINE SULFATE,-,-,Generic,Prescription,APOTEX,Canada,Valid,3/30/2023,,
SIRDALUD 2MG TAB,TIZANIDINE,-,-,NCE,Prescription,NOVARTIS,Turkey,Valid,5/13/2024,,
SIRDALUD 4MG TAB,TIZANIDINE,-,-,NCE,Prescription,NOVARTIS,Turkey,Valid,5/13/2024,,
TRILEPTAL 300MG F.C TAB,OXCARBAZEPINE,-,-,NCE,Prescription,NOVARTIS,Italy,Valid,6/8/2023,,
CATAFLAM 50MG TABLET,DICLOFENAC POTASSIUM,-,-,Generic,Prescription,NOVARTIS,Turkey,Valid,8/21/2024,,
FAMVIR 125MGTAB,FAMCICLOVIR,-,-,NCE,Prescription,"Siegfried Barbera, S.L",Spain,Valid,8/7/2024,,
FAMVIR 250MG TAB,FAMCICLOVIR,-,-,NCE,Prescription,"Siegfried Barbera, S.L",Spain,Valid,8/7/2024,,
TRILEPTAL 600MG F.C TAB,OXCARBAZEPINE,-,-,NCE,Prescription,NOVARTIS,Italy,Valid,6/8/2023,,
TRILEPTAL 60MG\ML SUSPENTION,OXCARBAZEPINE,250,ml,NCE,Prescription,DELPHARM HUNINGUE S.A.S.,France,Valid,6/8/2023,,
CATAFAST 50 MG SACHET,DICLOFENAC POTASSIUM,-,-,NCE,Prescription,MIPHARM,Italy,Valid,8/29/2022,,
MOSEGOR SYRUP,PIZOTIFEN,100,ml,NCE,Prescription,Delpharm Orleans,France,Valid,3/27/2025,,
SANDIMMUN CONC.FOR INFUSIN 250MG-5ML,CICLOSPORIN,5,ml,NCE,Prescription,NOVARTIS,Switzerland,Valid,9/2/2024,,
SANDIMMUN NEORAL DRINK 100MG-ML,CICLOSPORIN,50,ml,NCE,Prescription,DELPHARM HUNINGUE S.A.S.,France,Valid,8/18/2024,,
VOLTAREN 50 MG TAB,DICLOFENAC SODIUM,-,-,NCE,Prescription,NOVARTIS Saglik Gida ve Tarm,Turkey,Valid,5/22/2024,,
LUCENTIS 10MG-ML INTRAVITREAL Injection,RANIBIZUMAB,1,-,Biological,Prescription,NOVARTIS Pharma Stein AG,Switzerland,Valid,8/20/2024,,
VOLTAREN 100 MG,DICLOFENAC SODIUM,-,-,NCE,Prescription,DELPHARM HUNINGUE S.A.S.,France,Valid,8/29/2022,,
VOLTAREN 75 MG AMP,DICLOFENAC SODIUM,3,ml,NCE,Prescription,LEK PHARMACEUTICAL D.D,Slovenia,Valid,8/29/2022,,
KADCYLA 160 mg powder for concentrate for solution for infusion,TRASTUZUMAB EMTANSINE,-,-,NCE,Prescription,Patheon Manufacturing Services LLC ,United States,Valid,5/5/2024,,
SANDIMMUN NEORAL 100MG CAPS,CICLOSPORIN,-,-,NCE,Prescription,CATALENT,Germany,Valid,2/15/2024,,
SANDIMMUN NEORAL 50MG CAP,CICLOSPORIN,-,-,NCE,Prescription,CATALENT,Germany,Valid,2/15/2024,,
MOSEGOR 0.5MG SUGAR COATED TABLETS,PIZOTIFEN,-,-,NCE,OTC,Delpharm LAigle,France,Valid,6/15/2025,,
SANDOSTATIN LAR 20MG VIAL,OCTREOTIDE ACETATE,-,-,Biological,Prescription,Novartis Pharmaceutical Manufacturing GmbH,Austria,Valid,8/21/2024,,
SIMULECT 20 MG I.V VIAL,BASILIXIMAB,-,-,NCE,Prescription,NOVARTIS Pharma Stein AG,Switzerland,Valid,5/9/2024,,
PARLODEL 2.5 MG TAB,BROMOCRIPTINE,-,-,NCE,Prescription,NOVARTIS,Italy,Valid,5/13/2024,,
SANDIMMUN 50MG-ML AMPULE,CICLOSPORIN,10,ml,NCE,Prescription,NOVARTIS,Switzerland,Valid,8/18/2024,,
VOLTAREN 25 MG TAB,DICLOFENAC SODIUM,-,-,NCE,Prescription,NOVARTIS Saglik Gida ve Tarm,Turkey,Valid,5/22/2024,,
VOLTAREN 50 MG. SUPP.,DICLOFENAC SODIUM,-,-,NCE,Prescription,DELPHARM HUNINGUE S.A.S.,France,Valid,8/29/2022,,
VOLTAREN 75 Mg SR TABLET,DICLOFENAC SODIUM,-,-,NCE,Prescription,NOVARTIS,Italy,Valid,5/15/2023,,
SANDIMMUN NEORAL 25MG CAPS,CICLOSPORIN,-,-,NCE,Prescription,CATALENT,Germany,Valid,8/3/2025,,
TEGRETOL CR 200MG SCORED TAB,CARBAMAZEPINE,-,-,NCE,Prescription,NOVARTIS,Italy,Valid,6/8/2023,,
FEMARA 2.5 MG TABLET,LETROZOLE,-,-,NCE,Prescription,NOVARTIS Pharma Stein AG,Switzerland,Valid,2/16/2025,,
GAVISCON DOUBLE ACTION ORAL SUSPENSION,"SODIUM ALGINATE,SODIUM BICARBONATE,CALCIUM CARBONATE",150,ml,Generic,OTC,RECKITT BENCKISER HEALTHCARE INTERNATIONAL,United Kingdom,Valid,8/13/2024,,
GLYCOPYRRONIUM BROMIDE 200 mcg/ml solution for injection,GLYCOPYRRONIUM BROMIDE,1,ml,Generic,Prescription,MACARTHYS LABORATORIES Ltd T/A MARTINDALE PHARMACEUTICALS,United Kingdom,Valid,1/2/2023,,
PETHIDINE PETHIDINE 50 mg/ml injection BP ,PETHIDINE,1,ml,Generic,Prescription,MACARTHYS LABORATORIES Ltd T/A MARTINDALE PHARMACEUTICALS,United Kingdom,Valid,4/20/2023,,
PETHIDINE PETHIDINE 50 mg/ml injection BP ,PETHIDINE,2,ml,Generic,Prescription,MACARTHYS LABORATORIES Ltd T/A MARTINDALE PHARMACEUTICALS,United Kingdom,Valid,4/20/2023,,
KADCYLA 100 mg powder for concentrate for solution for infusion,TRASTUZUMAB EMTANSINE,-,-,NCE,Prescription,Patheon Manufacturing Services LLC ,United States,Valid,5/5/2024,,
LESCOL XL 80 MG FILM COATED TAB,FLUVASTATIN,-,-,NCE,Prescription,"Siegfried Barbera, S.L",Spain,Valid,6/4/2025,,
VOLTAREN SUPP 12.5 MG.,DICLOFENAC SODIUM,-,-,NCE,Prescription,DELPHARM HUNINGUE S.A.S.,France,Valid,8/29/2022,,
ANAFRANIL TAB 10MG,CLOMIPRAMINE HYDROCHLORIDE,-,-,NCE,Prescription,NOVARTIS,Italy,Valid,7/9/2025,,
ANAFRANIL TABLETS 25 MG,CLOMIPRAMINE HYDROCHLORIDE,-,-,NCE,Prescription,NOVARTIS,Italy,Valid,7/9/2025,,
VIMPAT 100 mg film-coated tablet,LACOSAMIDE,-,-,NCE,Prescription,Aesica Pharmaceuticals GmbH.,Germany,Valid,8/29/2022,,
VIMPAT 150 mg film-coated tablet,LACOSAMIDE,-,-,NCE,Prescription,Aesica Pharmaceuticals GmbH.,Germany,Valid,8/29/2022,,
FLUTIFORM 50/5 mcg pressurised inhalation suspension,"FLUTICASONE PROPIONATE,FORMOTEROL FUMARATE",120,DF,NCE,Prescription,Recipharm HC Limited,United Kingdom,Valid,4/6/2023,,
FLUTIFORM 250/10 mcg pressurised inhalation suspension,"FLUTICASONE PROPIONATE,FORMOTEROL FUMARATE",120,DF,NCE,Prescription,Recipharm HC Limited,United Kingdom,Valid,4/6/2023,,
AMARYL 6 mg tablet,GLIMEPIRIDE,-,-,Generic,Prescription,sanofi-aventis,Italy,Valid,8/29/2022,,
Naselfast nasal spray suspension,TRIAMCINOLONE ACETONIDE,120,DF,NCE,OTC,Recipharm HC Limited,United Kingdom,Valid,11/12/2024,,
FLUTIFORM 125/5 mcg pressurised inhalation suspension,"FLUTICASONE PROPIONATE,FORMOTEROL FUMARATE",120,DF,NCE,Prescription,Recipharm HC Limited,United Kingdom,Valid,4/6/2023,,
XTANDI 40 mg capsule,ENZALUTAMIDE,-,-,NCE,Prescription,CATALENT PHARMA SOLUTIONS,United States,Valid,2/28/2023,,
SOLIAN 100 MG TABLET,AMISULPRIDE,-,-,Generic,Prescription,Delpharm Dijon,France,Valid,5/19/2025,,
SOLIAN 200MG TAB,AMISULPRIDE,-,-,NCE,Prescription,Delpharm Dijon,France,Valid,8/29/2022,,
SOLIAN 400 MG FILM COATED TABLETS,AMISULPRIDE,-,-,Generic,Prescription,Delpharm Dijon,France,Valid,8/29/2022,,
XATRAL XL 10 MG,ALFUZOSIN,-,-,NCE,Prescription,SANOFI WINTHROP INDUSTRIE,France,Valid,8/29/2022,,
CORDARONE 200MG TAB,AMIODARONE,-,-,NCE,Prescription,SANOFI WINTHROP INDUSTRIE,France,Valid,8/11/2022,,
DEPAKINE 57.64MG-ML SYRUP,VALPROATE SODIUM,150,ml,NCE,Prescription,Unither Liquid Manufacturing,France,Valid,4/23/2025,,
FLAGYL 250MG TAB,METRONIDAZOLE,-,-,NCE,Prescription,"SANOFI-AVENTIS, S.A",Spain,Valid,8/29/2022,,
FLAGYL 500MG SCORED TABS,METRONIDAZOLE,-,-,Generic,Prescription,sanofi-aventis,Spain,Valid,8/29/2022,,
YAZ PLUS film-coated tablet,"DROSPINENONE,ETHINYLESTRADIOL, LEVOMEFOLATE CALCIUM",-,-,NCE,Prescription,BAYER WEIMAR GmbH UND CO. KG,Germany,Valid,11/22/2022,,
CELLCEPT 500 mg tablet,MYCOPHENOLATE MOFETIL,-,-,NCE,Prescription,Delpharm Milano S.r.l,Italy,Valid,8/21/2024,,
AUBAGIO 14 mg film-coated tablet,TERIFLUNOMIDE,-,-,NCE,Prescription,Opella Healthcare International,France,Valid,8/21/2024,,
SOFOCURE 400 mg film-coated tablet,SOFOSBUVIR,-,-,Generic,Prescription,EUROPEAN EGYPTIAN PHARMACEUTICAL IND. CO,Egypt,Valid,8/11/2022,,
JEVTANA 60 mg concentrate and solvent for solution for infusion,CABAZITAXEL,1.5,ml,NCE,Prescription,AVENTIS PHARMA LIMITED,United Kingdom,Valid,8/31/2022,,
GYNOCIN 10 IU/ml solution for injection,OXYTOCIN,1,ml,Generic,Prescription,Hikma Farmaceutica,Portugal,Valid,3/20/2023,,
GYNOCIN 10 IU/ml solution for injection,OXYTOCIN,0.5,ml,Generic,Prescription,Hikma Farmaceutica,Portugal,Valid,3/20/2023,,
VIRECTIL 100 mg tablet,SILDENAFIL,-,-,Generic,Prescription,LABORATORIES PHARMA 5,Morocco,Valid,8/29/2022,,
VIRECTIL 100 mg tablet,SILDENAFIL,-,-,Generic,Prescription,LABORATORIES PHARMA 5,Morocco,Valid,8/29/2022,,
VIRECTIL 50 mg tablet,SILDENAFIL,-,-,Generic,Prescription,LABORATORIES PHARMA 5,Morocco,Valid,2/4/2025,,
VIRECTIL 50 mg tablet,SILDENAFIL,-,-,Generic,Prescription,LABORATORIES PHARMA 5,Morocco,Valid,11/26/2024,,
FABRAZYME 35 mg powder for concentrate for solution for infusion,AGALSIDASE BETA,7,ml,Biological,Prescription,GENZYME IRELAND LIMITED,Ireland,Valid,5/22/2025,,
DUODOPA intestinal gel,"LEVODOPA,CARBIDOPA",100,ml,NCE,Prescription,HP Halden Pharma AS,Norway,Valid,11/7/2024,,
TILCOTIL TAB 20MG,TENOXICAM,-,-,NCE,Prescription,ROCHE,Switzerland,Valid,11/14/2024,,
REMERON 30MG TAB,MIRTAZAPINE,-,-,NCE,Prescription,Organon Pharma (UK) Limited ,United Kingdom,Valid,5/27/2025,,
COAPROVEL 300-25MG F.C. TABLETS,"IRBESARTAN,HYDROCHLOROTHIAZIDE",-,-,NCE,Prescription,SANOFI WINTHROP INDUSTRIE,France,Valid,4/14/2024,,
INEGY,"SIMVASTATIN,EZETIMIBE",-,-,NCE,Prescription,MSD International GmbH (Singapore Branch),Singapore,Valid,8/3/2025,,
INEGY,"SIMVASTATIN,EZETIMIBE",-,-,NCE,Prescription,MSD International GmbH (Singapore Branch),Singapore,Valid,8/3/2025,,
EZETROL 10 mg tablet,EZETIMIBE,-,-,NCE,Prescription,MSD International GmbH (Singapore Branch),Singapore,Valid,5/27/2025,,
FABRAZYME 5 mg powder for concentrate for solution for infusion,AGALSIDASE BETA,1,ml,Biological,Prescription,GENZYME IRELAND LIMITED,Ireland,Valid,5/22/2025,,
ADENOCOR 6MG-2ML VIAL,ADENOSINE,2,ml,NCE,Prescription,FAMAR (SANOFI AVENTIS) ,Spain,Valid,3/15/2024,,
MENOPUR 75 IU powder for solution for injection,MENOTROPHIN,1,ml,NCE,Prescription,FERRING,Germany,Valid,2/27/2024,,
ESOMEP 20 mg gastro-resistant tablet,ESOMEPRAZOLE,-,-,Generic,OTC,SALUTAS PHARMA GmbH,Germany,Valid,5/13/2024,,
ESOMEP 40 mg gastro-resistant tablet,ESOMEPRAZOLE,-,-,Generic,Prescription,SALUTAS PHARMA GmbH,Germany,Valid,5/13/2024,,
ESOMEP 40 mg gastro-resistant tablet,ESOMEPRAZOLE,-,-,Generic,Prescription,SALUTAS PHARMA GmbH,Germany,Valid,5/13/2024,,
KEMADRIN 5MG TABLET,PROCYCLIDINE,-,-,Generic,Prescription,ASPEN Bad Oldesloe GmbH,Germany,Valid,4/23/2025,,
ALKERAN TABLETS 2 MG,MELPHALAN,-,-,NCE,Prescription,EXCELLA GmbH & Co. KG,Germany,Valid,8/3/2025,,
DICERAN 8 mg film-coated tablet,CANDESARTAN CILEXETIL,-,-,Generic,Prescription,Novartis Pharmaceutical Manufacturing LLC,Slovenia,Valid,10/2/2024,,
DICERAN 16 mg film-coated tablet,CANDESARTAN CILEXETIL,-,-,Generic,Prescription,Novartis Pharmaceutical Manufacturing LLC,Slovenia,Valid,1/16/2025,,
ESOMEP 20 mg gastro-resistant tablet,ESOMEPRAZOLE,-,-,Generic,Prescription,SALUTAS PHARMA GmbH,Germany,Valid,5/13/2024,,
SINGULAIR,MONTELUKAST SODIUM,-,-,NCE,Prescription,MERCK SHARP & DOHME,United Kingdom,Valid,10/31/2024,,
SINGULAIR PAEDIATRIC 4 MG CHEWABLE TAB,MONTELUKAST SODIUM,-,-,NCE,Prescription,MERCK SHARP & DOHME,United Kingdom,Valid,10/31/2024,,
VIMPAT 50 mg film-coated tablet,LACOSAMIDE,-,-,NCE,Prescription,Aesica Pharmaceuticals GmbH.,Germany,Valid,8/29/2022,,
"Sterile VANCOMYCIN HCL, USP",VANCOMYCIN,-,-,Generic,Prescription,HOSPIRA MCPHERSON,United States,Valid,9/14/2023,,
COSENTYX 150 mg/ml solution for injection in pre-filled pen,SECUKINUMAB,1,ml,NCE,Prescription,NOVARTIS,Switzerland,Valid,4/23/2023,,
TRESIBA FlexTouch 100 U/ml solution for injection,INSULIN DEGLUDEC,3,ml,NCE,Prescription,NOVO NORDISK,Denmark,Valid,5/9/2023,,
SPRYCEL 20MG F.C. TABLETS,DASATINIB,-,-,NCE,Prescription,AstraZeneca Pharmaceuticals LP,United States,Valid,8/29/2022,,
SPRYCEL 50MG F.C. TABLETS,DASATINIB,-,-,NCE,Prescription,AstraZeneca Pharmaceuticals LP,United States,Valid,8/29/2022,,
SPRYCEL 70MG F.C. TABLETS,DASATINIB,-,-,NCE,Prescription,AstraZeneca Pharmaceuticals LP,United States,Valid,8/29/2022,,
LASTINEM 500 mg powder for solution for infusion,"CILASTATIN,IMIPENEM",-,-,Generic,Prescription,VENUS REMEDIES LIMITED,India,Valid,11/1/2022,,
SINGULAIR,MONTELUKAST SODIUM,-,-,NCE,Prescription,MERCK SHARP & DOHME,United Kingdom,Valid,10/31/2024,,
SINGULAIR PEDIATRIC 4MG GRANULES,MONTELUKAST SODIUM,-,-,NCE,Prescription,Patheon Manufacturing Services LLC ,United States,Valid,2/21/2024,,
JANUVIA 100MG F.C. TABLETS,SITAGLIPTIN PHOSPHATE,-,-,NCE,Prescription,Organon Pharma (UK) Limited ,United Kingdom,Valid,8/3/2025,,
PROSCAR,FINASTERIDE,-,-,NCE,Prescription,Organon Pharma (UK) Limited ,United Kingdom,Valid,6/4/2025,,
JANUMET,"METFORMIN HYDROCHLORIDE,SITAGLIPTIN PHOSPHATE",-,-,NCE,Prescription,PATHEON INC,Puerto Rico,Valid,8/3/2025,,
JANUMET,"METFORMIN HYDROCHLORIDE,SITAGLIPTIN PHOSPHATE",-,-,NCE,Prescription,PATHEON INC,Puerto Rico,Valid,8/3/2025,,
ZOCOR 10MG TAB,SIMVASTATIN,-,-,NCE,Prescription,Organon Pharma (UK) Limited ,United Kingdom,Valid,7/29/2025,,
ZOCOR 20MG TAB,SIMVASTATIN,-,-,NCE,Prescription,Organon Pharma (UK) Limited ,United Kingdom,Valid,7/29/2025,,
ZOCOR 40MG TAB,SIMVASTATIN,-,-,NCE,Prescription,Organon Pharma (UK) Limited ,United Kingdom,Valid,7/29/2025,,
CANCIDAS 50 MG VIAL,CASPOFUNGIN,10,ml,NCE,Prescription,FAREVA MIRABEL,France,Valid,10/2/2022,,
CANCIDAS 70 MG VIAL,CASPOFUNGIN,10,ml,NCE,Prescription,FAREVA MIRABEL,France,Valid,3/20/2023,,
NASONEX 0.05% NASAL SPRAY,MOMETASONE FUROATE,-,-,NCE,Prescription,Organon Heist bv,Belgium,Valid,5/22/2025,,
ATROVENT 250MCG-2ML UDV (SOLUTION FOR INHALATION),IPRATROPIUM BROMIDE,2,ml,NCE,Prescription,Laboratoire Unither,France,Valid,7/13/2023,,
ATROVENT 500MCG-2ML UDV (SOLUTION FOR INHALATION),IPRATROPIUM BROMIDE,2,ml,NCE,Prescription,Laboratoire Unither,France,Valid,7/13/2023,,
ADENURIC 80 mg film-coated tablet,FEBUXOSTAT,-,-,NCE,Prescription,Algorithm SAL,Lebanon,Suspended,1/29/2025,,
REMSIMA 100 mg powder for solution for infusion,INFLIXIMAB,-,-,Biological,Prescription,CELLTRION INC,KOREA,Valid,11/20/2022,,
FYCOMPA 2 mg Film-Coated Tablet,PERAMPANEL,-,-,NCE,Prescription,EISAI MANUFACTURING LIMITED,United Kingdom,Valid,5/15/2023,,
BRIDION 100 mg/ml Solution for Injection,SUGAMMADEX,2,ml,NCE,Prescription,MERCK SHARP & DOHME B.V.,Netherlands,Valid,10/3/2023,,
AKYNZEO 300 mg/0.5 mg hard capsules,"NETUPITANT,PALONOSETRON HYDROCHLORIDE",-,-,NCE,Prescription,Helsinn Birex Pharmaceuticals Ltd,Ireland,Valid,4/23/2025,,
LIXIANA 60 mg film coted tablet,EDOXABAN TOSILATE,-,-,NCE,Prescription,Daiichi Sankyo Europe GmbH,Germany,Valid,10/30/2024,,
LIXIANA 30 mg film coted tablet,EDOXABAN TOSILATE,-,-,NCE,Prescription,Daiichi Sankyo Europe GmbH,Germany,Valid,10/30/2024,,
LIXIANA 15 mg film coted tablet,EDOXABAN TOSILATE,-,-,NCE,Prescription,Daiichi Sankyo Europe GmbH,Germany,Valid,10/30/2024,,
INVANZ 1 gm Powder for Concentrate for Solution for Infusion,ERTAPENEM SODIUM,-,-,NCE,Prescription,FAREVA MIRABEL,France,Valid,11/12/2024,,
TEGOZOL 20 mg Capsule,TEMOZOLOMIDE,-,-,Generic,Prescription,The Arab Pharmaceutical Manufacturing PSC (Sahab) Co Ltd ,Jordan,Valid,11/20/2024,,
CLOMID 50MG TAB,CLOMIFENE,-,-,NCE,Prescription,PATHEON FRANCE,France,Valid,10/16/2024,,
XELJANZ XR 11 mg Extended Release Tablet,TOFACITINIB,-,-,NCE,Prescription,Pfizer Ireland Pharmaceuticals,Ireland,Valid,6/29/2025,,
THYROGEN 0.9 mg/ml powder for solution For injection,THYROTROPIN ALFA,-,-,Biological,Prescription,HOSPIRA INC. MCPHERSON,United States,Valid,4/30/2025,,
LAGONA 20 mg  Hard capsule,TEMOZOLOMIDE,-,-,Generic,Prescription,EirGen Pharma,Ireland,Valid,7/10/2024,,
TEGOZOL 100 mg Capsule,TEMOZOLOMIDE,-,-,Generic,Prescription,The Arab Pharmaceutical Manufacturing PSC (Sahab) Co Ltd ,Jordan,Valid,5/21/2024,,
LAGONA 5 mg  Hard capsule,TEMOZOLOMIDE,-,-,Generic,Prescription,EirGen Pharma,Ireland,Valid,7/10/2024,,
LAGONA 100 mg  Hard capsule,TEMOZOLOMIDE,-,-,Generic,Prescription,EirGen Pharma,Ireland,Valid,7/10/2024,,
LAGONA 100 mg  Hard capsule,TEMOZOLOMIDE,-,-,Generic,Prescription,EirGen Pharma,Ireland,Valid,7/28/2024,,
LAGONA 5 mg  Hard capsule,TEMOZOLOMIDE,-,-,Generic,Prescription,EirGen Pharma,Ireland,Valid,7/10/2024,,
TEGOZOL 250 mg Capsule,TEMOZOLOMIDE,-,-,Generic,Prescription,The Arab Pharmaceutical Manufacturing PSC (Sahab) Co Ltd ,Jordan,Valid,5/21/2024,,
DEPAKINE 500MG TABS,VALPROATE SODIUM,-,-,NCE,Prescription,"Sanofi-aventis, S.A.",Spain,Valid,8/29/2022,,
ELOCOM 0.1% LOTION,MOMETASONE FUROATE,30,ml,NCE,Prescription,Delpharm Montréal Inc,Canada,Valid,11/11/2024,,
MAVIRET 100 mg/40 mg Film Coated Tablet,"GLECAPREVIR,PIBRENTASVIR",-,-,NCE,Prescription,Abbott Laboratories Fournier (Laboratories) Ireland Ltd ,Ireland,Valid,5/8/2024,,
GLEMAX 1 mg Tablet,GLIMEPIRIDE,-,-,Generic,Prescription,Jordan Sweden Medical and Sterilization Co.,Jordan,Valid,11/14/2024,,
GLEMAX 2 mg Tablet,GLIMEPIRIDE,-,-,Generic,Prescription,Jordan Sweden Medical and Sterilization Co.,Jordan,Valid,2/4/2024,,
GLEMAX 3 mg Tablet,GLIMEPIRIDE,-,-,Generic,Prescription,Jordan Sweden Medical and Sterilization Co.,Jordan,Valid,2/4/2024,,
GLEMAX 4 mg Tablet,GLIMEPIRIDE,-,-,Generic,Prescription,Jordan Sweden Medical and Sterilization Co.,Jordan,Valid,2/4/2024,,
GLEMAX 6 mg Tablet,GLIMEPIRIDE,-,-,Generic,Prescription,Jordan Sweden Medical and Sterilization Co.,Jordan,Valid,2/4/2024,,
CIPALIN 0.5 mg/ml Vial,CISPLATIN,20,ml,Generic,Prescription,THYMOORGAN PHARMAZIE GMBH,Germany,Valid,8/31/2022,,
CIPALIN 0.5 mg/ml Vial,CISPLATIN,50,ml,Generic,Prescription,THYMOORGAN PHARMAZIE GMBH,Germany,Valid,8/31/2022,,
CIPALIN 0.5 mg/ml Vial,CISPLATIN,100,ml,Generic,Prescription,THYMOORGAN PHARMAZIE GMBH,Germany,Valid,8/31/2022,,
PRIC-TEK Sol. for Skin Prick Test (Food),ALLERGEN EXTRACT -SKIN PRICK TEST (FOOD),2.5,ml,Biological,Prescription,"Inmunotek, S.L",Spain,Valid,3/27/2024,,
OCTAPLEX 500 IU,PROTHROMBIN,20,ml,Biological,Prescription,OCTAPHARMA,Austria,Valid,3/10/2024,,
PRIC-TEK Sol. for Skin Prick Test (Indoor),ALLERGEN EXTRACT - SKIN PRICK TEST (INDOOR),2.5,ml,Biological,Prescription,"Inmunotek, S.L",Spain,Valid,3/27/2024,,
PRIC-TEK Sol. for Skin Prick Test (Mould),ALLERGEN EXTRACT -SKIN PRICK TEST (MOULD),2.5,ml,Biological,Prescription,"Inmunotek, S.L",Spain,Valid,7/23/2023,,
ALLERGOTEK Clustek 10.000 TU/ml Susp. for Injection (Indoor),POLIMERIZED ALLERGEN EXTRACT,2.5,ml,Biological,Prescription,"Inmunotek, S.L",Spain,Valid,10/29/2024,,
Oraltek 30.000 TU/ml Sol. for Sublingual Spray (Pollen),ALLERGEN EXTRACT,9,ml,Biological,Prescription,"Inmunotek, S.L",Spain,Valid,7/6/2025,,
Clustek 10.000 TU/ml Susp. for Injection (Pollen),POLIMERIZED ALLERGEN EXTRACT,2.5,ml,Biological,Prescription,"Inmunotek, S.L",Spain,Valid,7/6/2025,,
ALLERGOTEK Oraltek 30.000 TU/ml Sol. for Sublingual Spray (Indoor),ALLERGENIC EXTRACTS,9,ml,Biological,Prescription,"Inmunotek, S.L",Spain,Valid,10/29/2024,,
Oraltek 30.000 TU/ml Sol. for Sublingual Spray (Mould),ALLERGEN EXTRACT,9,ml,Biological,Prescription,"Inmunotek, S.L",Spain,Valid,7/6/2025,,
EMANERA 20mg Gastro-Resistant Capsule,ESOMEPRAZOLE,-,-,Generic,Prescription,KRKA dd Novo mesto,Slovenia,Valid,10/16/2024,,
EMANERA 40mg Gastro-Resistant Capsule,ESOMEPRAZOLE,-,-,Generic,Prescription,KRKA dd Novo mesto,Slovenia,Valid,10/16/2024,,
PULECTUS 100 mg Film Coated Tablet,ERLOTINIB,-,-,Generic,Prescription,The Arab Pharmaceutical Manufacturing PSC (Sahab) Co Ltd ,Jordan,Valid,7/10/2024,,
PULECTUS 150 mg Film Coated Tablet,ERLOTINIB,-,-,Generic,Prescription,The Arab Pharmaceutical Manufacturing PSC (Sahab) Co Ltd ,Jordan,Valid,11/5/2024,,
AZYN 500 mg Film Coated Tablet,AZITHROMYCIN,-,-,Generic,Prescription,"BLUEPHARMA INDUSTRIA FARMACEUTICA, S.A",Portugal,Valid,2/17/2025,,
CERUXIM 250 mg Film Coted Tablet,CEFUROXIME AXETIL,-,-,Generic,Prescription,MEDOCHEMIE LTD (FACTORY C),Cyprus,Valid,3/4/2025,,
PRIC-TEK Sol. for Skin Prick Test (Pollen),ALLERGEN EXTRACT -SKIN PRICK TEST (POLLEN),2.5,ml,Biological,Prescription,"Inmunotek, S.L",Spain,Valid,3/27/2024,,
BUSCOPAN TABLETS 10MG,HYOSCINE BUTYLBROMIDE,-,-,NCE,OTC,DELPHARM REIMS S.A.S,France,Valid,6/4/2025,,
KISQALI 200 mg Film-Coated Tablet,RIBOCICLIB,-,-,NCE,Prescription,NOVARTIS SINGAPORE PHARMACEUTICAL MANUFACTURING PTE. LTD.,Singapore,Valid,6/4/2025,,
VULTERA 200 mg Film Coated Tablet,VORICONAZOLE,-,-,Generic,Prescription,PHARMATHEN INTERNATIONAL,Greece,Valid,11/5/2023,,
VULTERA 50 mg Film Coated Tablet,VORICONAZOLE,-,-,Generic,Prescription,PHARMATHEN INTERNATIONAL,Greece,Valid,11/5/2023,,
SOMATULINE AUTOGEL 120 MG SOLUTION FOR INJECTION IN PRE-FILLE,LANREOTIDE ACETATE,0.5,ml,NCE,Prescription,IPSEN PHARMA BIOTECH,France,Valid,7/22/2025,,
KISQALI 200 mg Film-Coated Tablet,RIBOCICLIB,-,-,NCE,Prescription,NOVARTIS SINGAPORE PHARMACEUTICAL MANUFACTURING PTE. LTD.,Singapore,Valid,6/4/2025,,
TOSTAF 500 mg Vial,VANCOMYCIN,-,-,Generic,Prescription,LES LABORATOIRES MEDIS,Tunisia,Valid,9/22/2024,,
XULTOPHY 100 U/ml + 3.6 mg/ml Solution for  Injection,"INSULIN DEGLUDEC,LIRAGLUTIDE",3,ml,Biological,Prescription,NOVO NORDISK,Denmark,Valid,4/30/2024,,
ZAVICEFTA 2 g/0.5 g Vial,"CEFTAZIDIME,AVIBACTAM",-,-,NCE,Prescription,ACS DOBFAR SPA,Italy,Valid,10/10/2024,,
ONDA 2 mg/ml Solution for Injection,ONDANSETRON,4,ml,Generic,Prescription,VIANEX S.A (Plant A),Greece,Valid,8/15/2023,,
TRAMAL 50 MG-1 ML AMPOULE,TRAMADOL HYDROCHLORIDE,1,ml,NCE,Prescription,GRUNENTHAL,Germany,Valid,9/7/2023,,
TRAMAL 50 MG-1 ML AMPOULE,TRAMADOL HYDROCHLORIDE,2,ml,NCE,Prescription,GRUNENTHAL,Germany,Valid,9/7/2023,,
DIANE-35 TAB,"CYPROTERONE ACETATE,ETHINYLESTRADIOL",-,-,NCE,Prescription,BAYER WEIMAR GmbH UND CO. KG,Germany,Valid,11/21/2022,,
MUCOSOLVAN TAB 30MG,AMBROXOL HYDROCHLORIDE,-,-,NCE,OTC,DELPHARM REIMS S.A.S,France,Valid,8/18/2024,,
KISQALI 200 mg Film-Coated Tablet,RIBOCICLIB,-,-,NCE,Prescription,NOVARTIS SINGAPORE PHARMACEUTICAL MANUFACTURING PTE. LTD.,Singapore,Valid,6/4/2025,,
NOREPIRIN 2 mg/ml Injection,NOREPINEPHRINE BITARTRATE,4,ml,Generic,Prescription,"Huons Co., Ltd.",KOREA,Valid,3/20/2024,,
ELEVIT PRONATAL,"RIBOFLAVIN (VITAMIN B2),THIAMINE,BIOTIN,MANGANESE,FOLIC ACID,PYRIDOXINE (VITAMIN B6),COPPER,CYANOCOBALAMIN,NICOTINAMIDE,CALCIUM PANTOTHENATE,COLECALCIFEROL (VITAMIN D3),ASCORBIC ACID,MAGNESIUM HYDROXIDE,PHOSPHATE, CALCIUM CHLORIDE,RETINOL,FERROUS FUMARATE,ZINC OXIDE,DL-ALPHA TOCOFERIL ACETATE",-,-,NCE,OTC,Dragenopharm Apotheker Puschl GmbH,Germany,Valid,9/14/2023,,
OLUMIANT 2 mg Film Coated Tablet,BARICITINIB,-,-,NCE,Prescription,"LILLY DEL CARIBE, INC.",United States,Valid,9/19/2024,,
OLUMIANT 2 mg Film Coated Tablet,BARICITINIB,-,-,NCE,Prescription,"LILLY DEL CARIBE, INC.",United States,Valid,9/19/2024,,
OLUMIANT 4 mg Film Coated Tablet,BARICITINIB,-,-,NCE,Prescription,"LILLY DEL CARIBE, INC.",United States,Valid,9/19/2024,,
OLUMIANT 4 mg Film Coated Tablet,BARICITINIB,-,-,NCE,Prescription,"LILLY DEL CARIBE, INC.",United States,Valid,9/19/2024,,
MEXIA 10 mg Film-coated Tablet,MEMANTINE HYDROCHLORIDE,-,-,Generic,Prescription,NOBELFARMA ILAC SAN . VE TIC. A.S.,Turkey,Valid,8/29/2022,,
MOZOBIL 24mg/1.2ml solution for injection,PLERIXAFOR,1.2,ml,NCE,Prescription,Genzyme Corporation,United States,Valid,6/19/2025,,
OLMEPRESS 40 mg film-coated tablet,OLMESARTAN MEDOXOMIL,-,-,Generic,Prescription,LABORATORIOS CINFA SA,Spain,Valid,11/5/2023,,
MONOFER 100 mg/ml Solution For Injection/Infusion,IRON ISOMALTOSIDE 1000,1,ml,NCE,Prescription,WASSERBURGER ARZNEIMITTELWEK GMBH,Germany,Valid,11/5/2023,,
MONOFER 100 mg/ml Solution For Injection/Infusion,IRON ISOMALTOSIDE 1000,5,ml,NCE,Prescription,WASSERBURGER ARZNEIMITTELWEK GMBH,Germany,Valid,11/5/2023,,
ADEMPAS 0.5 mg film-coated tablets,RIOCIGUAT,-,-,NCE,Prescription,BAYER AG,Germany,Valid,8/29/2022,,
ADEMPAS 1 mg film-coated tablets,RIOCIGUAT,-,-,NCE,Prescription,BAYER AG,Germany,Valid,8/29/2022,,
ADEMPAS 1.5 mg film-coated tablets,RIOCIGUAT,-,-,NCE,Prescription,BAYER AG,Germany,Valid,8/29/2022,,
ADEMPAS 2 mg film-coated tablets,RIOCIGUAT,-,-,NCE,Prescription,BAYER AG,Germany,Valid,8/29/2022,,
ADEMPAS 2.5 mg film-coated tablets,RIOCIGUAT,-,-,NCE,Prescription,BAYER AG,Germany,Valid,8/29/2022,,
ORGALUTRAN 0.25MG\0.5ML SYRINGE,GANIRELIX ACETATE,0.5,ml,NCE,Prescription,VETTER PHARMA,Germany,Valid,6/19/2025,,
PROVERA 5MG TAB,MEDROXYPROGESTERONE ACETATE,-,-,NCE,Prescription,Pfizer Italia S.R.L,Italy,Valid,10/9/2023,,
DEPAKINE 200MG TABS,VALPROATE SODIUM,-,-,NCE,Prescription,"SANOFI-AVENTIS, S.A",Spain,Valid,8/29/2022,,
OLMEPRESS 20 mg film-coated tablet,OLMESARTAN MEDOXOMIL,-,-,Generic,Prescription,LABORATORIOS CINFA SA,Spain,Valid,11/5/2023,,
AMEP 10 mg Tablet,AMLODIPINE BESILATE,-,-,Generic,Prescription,COOPER PHARMA,Morocco,Valid,6/4/2025,,
ELONVA 150 mcg Solution For Injection,CORIFOLLITROPIN ALFA,0.5,ml,NCE,Prescription,"VETTER PHARMA-FERTIGUNG, GMBH & CO. KG",Germany,Valid,10/16/2024,,
XIGDUO XR 10 mg/1000 mg Film Coted Tablet,"METFORMIN HYDROCHLORIDE,DAPAGLIFLOZIN",-,-,NCE,Prescription,AstraZeneca Pharmaceuticals LP,United States,Valid,9/14/2023,,
KETOVA 100 mg Film Coated Tablets,IMATINIB MESILATE,-,-,Generic,Prescription,APOTEX INC. (SIGNET SITE),Canada,Valid,8/15/2023,,
ORATANE 10 mg Soft Capsules,ISOTRETINOIN,-,-,Generic,Prescription,SWISS CAPS AG,Switzerland,Valid,11/29/2023,,
VEELBORE 3.5 mg Powder For Solution For Injection,BORTEZOMIB,8,ml,Generic,Prescription,PharmIdea SIA,Latvia,Valid,8/15/2023,,
YASMIN TAB.,"DROSPINENONE,ETHINYLESTRADIOL",-,-,NCE,Prescription,BAYER AG,Germany,Valid,2/28/2023,,
FLOMOXIN 400 mg Solution for Infusion,MOXIFLOXACIN HYDROCHLORIDE,250,ml,Generic,Prescription,Hikma Farmaceutica,Portugal,Valid,3/28/2024,,
TEICO 200 mg Vial,TEICOPLANIN,-,-,Generic,Prescription,LES LABORATOIRES MEDIS,Tunisia,Valid,9/22/2024,,
TEICO 400 mg Vial,TEICOPLANIN,-,-,Generic,Prescription,LES LABORATOIRES MEDIS,Tunisia,Valid,9/22/2024,,
XIGDUO XR 10 mg/500 mg Film Coted Tablet,"METFORMIN HYDROCHLORIDE,DAPAGLIFLOZIN",-,-,NCE,Prescription,AstraZeneca Pharmaceuticals LP,United States,Valid,9/14/2023,,
XIGDUO XR 5 mg/1000 mg Film Coted Tablet,"METFORMIN HYDROCHLORIDE,DAPAGLIFLOZIN",-,-,NCE,Prescription,AstraZeneca Pharmaceuticals LP,United States,Valid,10/5/2023,,
ORATANE 20 mg Soft Capsules,ISOTRETINOIN,-,-,Generic,Prescription,SWISS CAPS AG,Switzerland,Valid,11/29/2023,,
CERUXIM 500 mg Film Coted Tablet,CEFUROXIME AXETIL,-,-,Generic,Prescription,MEDOCHEMIE LTD (FACTORY C),Cyprus,Valid,3/4/2025,,
VILTIN 50 mg Tablet,VILDAGLIPTIN,-,-,Generic,Prescription,Pharma International Co.,Jordan,Valid,12/29/2024,,
EXTEMENT 25 mg Chewable Tablet,SILDENAFIL,-,-,NCE,Prescription,GENEPHARM S.A.,Greece,Valid,10/3/2024,,
SOLIQUA SOLOSTAR (33 mcg/ml) /100 U Solution for Injection,"INSULIN GLARGINE,LIXISENATIDE",3,ml,Biological,Prescription,Sanofi aventis Deutschland GmbH,Germany,Valid,1/8/2025,,
SOLIQUA SOLOSTAR (33 mcg/ml) /100 U Solution for Injection,"INSULIN GLARGINE,LIXISENATIDE",3,ml,Biological,Prescription,Sanofi aventis Deutschland GmbH,Germany,Valid,1/8/2025,,
SOLIQUA SOLOSTAR 50 mcg/ml) /100 U Solution for Injection,"INSULIN GLARGINE,LIXISENATIDE",3,ml,Biological,Prescription,Sanofi aventis Deutschland GmbH,Germany,Valid,1/8/2025,,
SOLIQUA SOLOSTAR 50 mcg/ml) /100 U Solution for Injection,"INSULIN GLARGINE,LIXISENATIDE",3,ml,Biological,Prescription,Sanofi aventis Deutschland GmbH,Germany,Valid,1/8/2025,,
INSTIGAR 30 mg Delayed-Release Capsule,DEXLANSOPRAZOLE,-,-,NCE,Prescription,TAKEDA GMBH,Germany,Valid,11/26/2023,,
BORTEZOMIB SPC 3.5 mg Powder for Solution for Infusion,BORTEZOMIB,10,ml,Generic,Prescription,Dr. Reddy’s Laboratories Ltd. Formulation Unit VII,India,Valid,5/7/2024,,
INSTIGAR 30 mg Delayed-Release Capsule,DEXLANSOPRAZOLE,-,-,NCE,Prescription,TAKEDA,Germany,Valid,3/6/2025,,
EZEACT 40 mg Tablet,AZILSARTAN MEDOXOMIL,-,-,NCE,Prescription,TAKEDA PHARMACEUTICAL COMPANY LIMITED,Japan,Valid,11/6/2023,,
EZEACT 80 mg Tablet,AZILSARTAN MEDOXOMIL,-,-,NCE,Prescription,TAKEDA PHARMACEUTICAL COMPANY LIMITED,Japan,Valid,11/29/2023,,
NIVESTIM 600 mcg Solution for Injection/ Infusion,FILGRASTIM,0.2,ml,Biological,Prescription,HOSPIRA ZAGREB D.O.O.,Croatia,Valid,2/28/2024,,
NIVESTIM 600 mcg Solution for Injection/ Infusion,FILGRASTIM,0.5,ml,Biological,Prescription,HOSPIRA ZAGREB D.O.O.,Croatia,Valid,2/28/2024,,
NIVESTIM 960 mcg Solution for Injection/ Infusion,FILGRASTIM,0.5,ml,Biological,Prescription,HOSPIRA ZAGREB D.O.O.,Croatia,Valid,2/28/2024,,
INSTIGAR 60 mg Delayed-Release Capsule,DEXLANSOPRAZOLE,-,-,NCE,Prescription,TAKEDA,Germany,Valid,3/6/2025,,
PEMETREXED SPC 500 mg Powder for Solution for  Infusion,PEMETREXED,500,mg,Generic,Prescription,Dr. Reddy’s Laboratories Ltd. Formulation Unit VII,India,Valid,7/22/2025,,
EXTEMENT 50 mg Chewable Tablet,SILDENAFIL,-,-,NCE,Prescription,GENEPHARM S.A.,Greece,Valid,10/3/2024,,
EXTEMENT 100 mg Chewable Tablet,SILDENAFIL,-,-,NCE,Prescription,GENEPHARM S.A.,Greece,Valid,10/3/2024,,
IRBEGEN 150 mg Film Coated Tablet,IRBESARTAN,-,-,Generic,Prescription,GENEPHARM S.A.,Greece,Valid,10/3/2024,,
IRBEGEN 300 mg Film Coated Tablet,IRBESARTAN,-,-,Generic,Prescription,GENEPHARM S.A.,Greece,Valid,10/3/2024,,
SEROGEN 25 mg Film Coated Tablet,QUETIAPINE,-,-,Generic,Prescription,GENEPHARM S.A.,Greece,Valid,10/3/2024,,
SEROGEN 100 mg Film Coated Tablet,QUETIAPINE,-,-,Generic,Prescription,GENEPHARM S.A.,Greece,Valid,10/3/2024,,
SEROGEN 200 mg Film Coated Tablet,QUETIAPINE,-,-,Generic,Prescription,GENEPHARM S.A.,Greece,Valid,10/3/2024,,
SEROGEN 300 mg Film Coated Tablet,QUETIAPINE,-,-,Generic,Prescription,GENEPHARM S.A.,Greece,Valid,10/3/2024,,
LAYAL Syrup,LEVOCETIRIZINE DIHYDROCHLORIDE,100,ml,Generic,OTC,Jordan Sweden Medical and Sterilization Co.,Jordan,Valid,9/14/2023,,
PARACETAMOL B.Braun 10 mg/ml solution for infusion,PARACETAMOL,10,ml,Generic,Prescription,B. BRAUN MEDICAL S.A,Spain,Valid,4/24/2025,,
LIPOPLUS 20 % Emulsion For Infusion,"TRIGLYCERIDES MEDIUM CHAIN,SOYA OIL,OMEGA-3-ACID ETHYL ESTERS",100,ml,NCE,Prescription,B. BRAUN,Germany,Valid,11/5/2023,,
LIPOPLUS 20 % Emulsion For Infusion,"TRIGLYCERIDES MEDIUM CHAIN,SOYA OIL,OMEGA-3-ACID ETHYL ESTERS",250,ml,NCE,Prescription,B. BRAUN,Germany,Valid,11/5/2023,,
LIPOPLUS 20 % Emulsion For Infusion,"TRIGLYCERIDES MEDIUM CHAIN,SOYA OIL,OMEGA-3-ACID ETHYL ESTERS",500,ml,NCE,Prescription,B. BRAUN,Germany,Valid,11/5/2023,,
"BASAGLAR 100 u/ml solution for injection in Pre-Filled pen	",INSULIN GLARGINE,3,ml,Biological,Prescription,ELI LILLY,France,Valid,4/17/2024,,
DELTACEF 1 gm Vial,CEFEPIME HYDROCHLORIDE,-,-,Generic,Prescription,MEDOCHEMIE LTD (FACTORY C),Cyprus,Valid,3/4/2025,,
DELTACEF 2 gm Vial,CEFEPIME HYDROCHLORIDE,-,-,Generic,Prescription,MEDOCHEMIE LTD (FACTORY C),Cyprus,Valid,3/4/2025,,
JADENU 90 mg Film-coated Tablet,DEFERASIROX,-,-,NCE,Prescription,NOVARTIS Pharma Stein AG,Switzerland,Valid,11/29/2023,,
JADENU 180 mg Film-coated Tablet,DEFERASIROX,-,-,NCE,Prescription,NOVARTIS Pharma Stein AG,Switzerland,Valid,11/29/2023,,
JADENU 360 mg Film-coated Tablet,DEFERASIROX,-,-,NCE,Prescription,NOVARTIS Pharma Stein AG,Switzerland,Valid,11/29/2023,,
RECUGEL Eye Gel,DEXPANTHENOL,10,g,Generic,OTC,DR. GERHARD MANN CHEM.-PHARM. FABRIK GMBH,Germany,Valid,10/22/2023,,
ROTUB 6 mg/ml Concentrate For Solution For Infusion,PACLITAXEL,5,ml,Generic,Prescription,HAUPT PHARMA WOLFRATSHAUSEN GMBH,Germany,Valid,8/31/2022,,
ROTUB 6 mg/ml Concentrate For Solution For Infusion,PACLITAXEL,16.7,ml,Generic,Prescription,HAUPT PHARMA WOLFRATSHAUSEN GMBH,Germany,Valid,8/31/2022,,
ROTUB 6 mg/ml Concentrate For Solution For Infusion,PACLITAXEL,25,ml,Generic,Prescription,HAUPT PHARMA WOLFRATSHAUSEN GMBH,Germany,Valid,8/31/2022,,
ROTUB 6 mg/ml Concentrate For Solution For Infusion,PACLITAXEL,50,ml,Generic,Prescription,HAUPT PHARMA WOLFRATSHAUSEN GMBH,Germany,Valid,8/31/2022,,
AMEP 5 mg Tablet,AMLODIPINE BESILATE,-,-,Generic,Prescription,COOPER PHARMA,Morocco,Valid,6/4/2025,,
DYNASTAT 40 mg Powder And solvent for Solution For injection,PARECOXIB,5,ml,NCE,Prescription,PHARMACIA UPJOHN,United States,Valid,11/12/2024,,
BETOPTIC OPTHALMIC SOLUTION 0.5%,BETAXOLOL HYDROCHLORIDE,5,ml,NCE,Prescription,S.A. Alcon Couvreur N.V,Belgium,Valid,11/26/2024,,
TOBRADEX EYE OINT,"TOBRAMYCIN,DEXAMETHASONE",3.5,g,NCE,Prescription,S.A. Alcon Couvreur N.V,Belgium,Valid,11/26/2024,,
NOSTAM 0.4 MG PROLONGED RELEASE TABLET,TAMSULOSIN HYDROCHLORIDE,-,-,Generic,Prescription,Novartis Pharmaceutical Manufacturing LLC,Slovenia,Valid,1/13/2025,,
RAMEP 20 MG GASTRO-RESISTANT TABLET,RABEPRAZOLE SODIUM,-,-,Generic,Prescription,Novartis Pharmaceutical Manufacturing LLC,Slovenia,Valid,1/13/2025,,
HEMLIBRA 150 MG/ML SOLUTION FOR INJECTION,EMICIZUMAB,1,ml,Biological,Prescription,CHUGAI PHARMACEUTICAL CO LTD,Japan,Valid,4/23/2025,,
HEMLIBRA 150 MG/ML SOLUTION FOR INJECTION,EMICIZUMAB,0.7,ml,Biological,Prescription,CHUGAI PHARMACEUTICAL CO LTD,Japan,Valid,4/23/2025,,
HEMLIBRA 150 MG/ML SOLUTION FOR INJECTION,EMICIZUMAB,0.4,ml,Biological,Prescription,CHUGAI PHARMACEUTICAL CO LTD,Japan,Valid,4/23/2025,,
HEMLIBRA 30 MG/ML SOLUTION FOR INJECTION,EMICIZUMAB,1,ml,Biological,Prescription,CHUGAI PHARMACEUTICAL CO LTD,Japan,Valid,4/23/2025,,
SKINFILL ADVANCE STRONG INJECTION,HYALURONIC ACID,1,ml,Generic,Prescription,Promoitalia Group Spa,Italy,Valid,8/29/2022,,
SKINFILL ADVANCE MEDIUM INJECTION,HYALURONIC ACID,1,ml,Generic,Prescription,Promoitalia Group Spa,Italy,Valid,8/29/2022,,
SKINFILL DIAMOND PLUS INJECTION,HYALURONIC ACID,1,ml,Generic,Prescription,Promoitalia Group Spa,Italy,Valid,8/29/2022,,
BIOSOFT EYE DROP,SODIUM HYALURONATE,10,ml,Generic,OTC,Oy Finnsusp Ab ,Finland,Valid,8/29/2022,,
BIOSOFT PLUS EYE DROP,"TREHALOSE,SODIUM HYALURONATE",10,ml,Generic,OTC,Oy Finnsusp Ab ,Finland,Valid,11/29/2022,,
PARACONICA 10 MG/ML SOLUTION FOR INFUSION,PARACETAMOL,100,ml,Generic,Prescription,S.M. Farmaceutici SRL ,Italy,Valid,2/28/2024,,
CHLORASEPTIC SORE THROAT LOZENGES (cherry),"MENTHOL,BENZOCAINE",-,-,NCE,OTC,Bestco Inc.,United States,Valid,1/19/2023,,
CHLORASEPTIC SORE THROAT LOZENGES (citrus),"MENTHOL,BENZOCAINE",-,-,NCE,OTC,Bestco Inc.,United States,Valid,1/19/2023,,
CHLORASEPTIC SORE THROAT LOZENGES ( Lemon),"MENTHOL,BENZOCAINE",-,-,NCE,OTC,Bestco Inc.,United States,Valid,1/19/2023,,
DYSPORT 500U VIAL,CLOSTRIDIUM BOTULINUM TYPE A TOXIN-HAEMAGGLUTININ COMPLEX,3,ml,Biological,Prescription,Ipsen Biopharm Limited ,United Kingdom,Valid,10/14/2024,,
VERZENIO 200 MG FILM-COATED TABLET,ABEMACICLIB,-,-,NCE,Prescription,ELI LILLY,United States,Valid,9/19/2024,,
VERZENIO 150 MG FILM-COATED TABLET,ABEMACICLIB,-,-,NCE,Prescription,ELI LILLY,United States,Valid,9/19/2024,,
VERZENIO 100 MG FILM-COATED TABLET,ABEMACICLIB,-,-,NCE,Prescription,ELI LILLY,United States,Valid,9/19/2024,,
VERZENIO 50 MG FILM-COATED TABLET,ABEMACICLIB,-,-,NCE,Prescription,ELI LILLY,United States,Valid,11/26/2024,,
DIAPAM 10MG/2ML SOL. FOR INJ./INF,DIAZEPAM,2,ml,Generic,Prescription,Medochemie (Ampoule Injectable Facility),Cyprus,Valid,3/4/2025,,
CLEXANE 40MG\0.4ML PREFILLED SYRINGE,ENOXAPARIN SODIUM,0.4,ml,Biological,Prescription,SANOFI WINTHROP INDUSTRIE,France,Valid,5/19/2025,,
KYPROLIS 60 mg Powder For Solution For Injection,CARFILZOMIB,-,-,NCE,Prescription,Patheon Manufacturing Services LLC ,United States,Valid,4/5/2023,,
M.M.R II 0.5ML VACCINE+ 0.7ML DILUENT,"MEASLES VIRUS (SCHWARZ) LIVE ATTENUATED,MUMPS VIRUS (JERYL LYNN, STRAIN RIT 4385) LIVE ATTENUATED,RUBELLA VIRUS (WISTAR RA 27/3) LIVE ATTENUATED",-,-,Biological,Prescription,MERCK SHARP AND DOHME LLC,United States,Valid,8/22/2024,,
ARCOXIA 60MG TAB,Etoricoxib,-,-,NCE,Prescription,Rovi Pharma Industrial Service,Spain,Valid,4/23/2025,,
ARCOXIA 90MG TAB,Etoricoxib,-,-,NCE,Prescription,Rovi Pharma Industrial Service,Spain,Valid,4/23/2025,,
Z FILL DEEP 2 IMPLANT IN PRE-FILLED SYRINGE,SODIUM HYALURONATE,1,ml,Generic,Prescription,Croma GmbH ,Austria,Valid,8/29/2022,,
CLEXANE 80MG\0.8ML PREFILLED SYRINGE,ENOXAPARIN SODIUM,0.8,ml,Biological,Prescription,sanofi-aventis,France,Valid,11/25/2024,,
DEXILANT 30 mg,DEXLANSOPRAZOLE,-,-,NCE,Prescription,TAKEDA GMBH,Germany,Valid,3/19/2024,,
SOOLANTRA 10MG/GM CREAM,IVERMECTIN,30,g,NCE,Prescription,Laboratories Galderma ZI Montdésir ,France,Valid,1/13/2025,,
VIBERZI 100 MG FILM COATED TABLETS,ELUXADOLINE,-,-,NCE,Prescription,Patheon Pharmaceuticals Inc. ,United States,Valid,8/29/2022,,
VIBERZI 75MG FILM COATED TABLETS,ELUXADOLINE,-,-,NCE,Prescription,Patheon Pharmaceuticals Inc. ,United States,Valid,8/1/2022,,
VELPHORO 500 MG CHEWABLE TABLET,PA-21 FERRIC OXY-HYDROXIDE COMPONENT,-,-,NCE,Prescription,Vifor SA ,Switzerland,Valid,8/15/2024,,
MABTHERA 120 MG/ML SOLUTION FOR SUBCUTANEOUS FOR INJECTION,RITUXIMAB,11.7,ml,Biological,Prescription,F. Hoffmann-La Roche Ltd,Switzerland,Valid,5/10/2023,,
DEXILANT 30 mg,DEXLANSOPRAZOLE,-,-,NCE,Prescription,TAKEDA GMBH,Germany,Valid,3/20/2023,,
Z FILL CONTOUR 2 IMPLANT IN PRE-FILLED SYRINGE,SODIUM HYALURONATE,1,ml,Generic,Prescription,Croma GmbH ,Austria,Valid,8/29/2022,,
Z FILL REFRESH 2 IMPLANT IN PRE-FILLED SYRINGE,SODIUM HYALURONATE,1,ml,Generic,Prescription,Croma GmbH ,Austria,Valid,8/29/2022,,
BRIDION 100 MG/ML SOLUTION FOR INJECTION,SUGAMMADEX,5,ml,NCE,Prescription,Patheon Manufacturing Services LLC ,United States,Valid,3/20/2024,,
ESCITALAX 20MG FILM COATED TABLET,ESCITALOPRAM,-,-,Generic,Prescription,LABORATORIOS CINFA SA,Spain,Valid,10/16/2024,,
ESCITALAX 15MG FILM COATED TABLET,ESCITALOPRAM,-,-,Generic,Prescription,LABORATORIOS CINFA SA,Spain,Valid,10/16/2024,,
ESCITALAX 10MG FILM COATED TABLET,ESCITALOPRAM,-,-,Generic,Prescription,LABORATORIOS CINFA SA,Spain,Valid,10/16/2024,,
LIPIZET 10MG TABLET,EZETIMIBE,-,-,Generic,Prescription,LABORATORIOS CINFA SA,Spain,Valid,11/26/2024,,
STORVAS 40MG F.C.TABLET,ATORVASTATIN CALCIUM,-,-,Generic,Prescription,Sun Pharmaceutical Industries Limited ,India,Valid,8/21/2024,,
STORVAS 20MG F.C.TABLET,ATORVASTATIN CALCIUM,-,-,Generic,Prescription,Sun Pharmaceutical Industries Limited ,India,Valid,6/6/2024,,
STORVAS 10MG F.C.TABLET,ATORVASTATIN CALCIUM,-,-,Generic,Prescription,Sun Pharmaceutical Industries Limited ,India,Valid,6/6/2024,,
EPIXX 100MG/ML SYRUP,LEVETIRACETAM,300,ml,Generic,Prescription,Abdi Ibrahim Ilac San ve Tic A.S.,Turkey,Valid,1/7/2024,,
MUCOSOLVAN LA 75MG CAPS,AMBROXOL HYDROCHLORIDE,-,-,Generic,OTC,SANOFI WINTHROP INDUSTRIE,France,Valid,8/21/2024,,
ATOXIA 60 mg Film-coated Tablet,Etoricoxib,-,-,Generic,Prescription,UNITED PHARMACEUTICAL COMPANY,Jordan,Valid,8/29/2022,,
ATOXIA 90 mg Film-coated Tablet,Etoricoxib,-,-,Generic,Prescription,UNITED PHARMACEUTICAL COMPANY,Jordan,Valid,8/29/2022,,
ZOLEDRONIC ACID FRESENIUS KABI 4 MG/5 ML CONC. FOR SOLUTION FOR INFUSION,ZOLEDRONIC ACID,5,ml,Generic,Prescription,FRESENIUS KABI,Austria,Valid,11/14/2024,,
MEPROSON 40MG POWDER FOR INJECTION,METHYLPREDNISOLONE,-,-,Generic,Prescription,LES LABORATOIRES MEDIS,Tunisia,Valid,2/10/2025,,
MEXAT 25 MG/ML SOLUTION FOR INJECTION,METHOTREXATE,40,ml,Generic,Prescription,INTAS PHARMACEUTICALS LIMITED,India,Valid,8/29/2022,,
MEXAT 25 MG/ML SOLUTION FOR INJECTION,METHOTREXATE,20,ml,Generic,Prescription,INTAS PHARMACEUTICALS LIMITED,India,Valid,8/29/2022,,
MEXAT 25 MG/ML SOLUTION FOR INJECTION,METHOTREXATE,2,ml,Generic,Prescription,INTAS PHARMACEUTICALS LIMITED,India,Valid,8/29/2022,,
NIMBEX 2MG\ML SOLUTION FOR INJ,CISATRACURIUM,10,ml,NCE,Prescription,GLAXOSMITHKLINE (GSK),Italy,Valid,7/10/2025,,
ULTIVA 1MG VIAL(LYOPHILIZED),REMIFENTANIL HYDROCHLORIDE,-,-,NCE,Prescription,GLAXOSMITHKLINE (GSK),Italy,Valid,3/6/2025,,
ULTIVA 2MG VIAL(LYOPHILIZED),REMIFENTANIL HYDROCHLORIDE,-,-,NCE,Prescription,GLAXOSMITHKLINE (GSK),United Kingdom,Valid,3/6/2025,,
ULTIVA 5MG VIAL(LYOPHILIZED),REMIFENTANIL HYDROCHLORIDE,-,-,NCE,Prescription,GLAXOSMITHKLINE (GSK),Italy,Valid,3/6/2025,,
DIBASA 100000 I.U  AMPOULE,COLECALCIFEROL,1,ml,NCE,Prescription,ABIOGEN PHARMA S.p.A. ,Italy,Valid,2/28/2024,,
DIBASA 300000 I.U AMPOULE,COLECALCIFEROL,1,ml,NCE,Prescription,ABIOGEN PHARMA S.p.A. ,Italy,Valid,2/28/2024,,
MEPROSON 500 MG POWDER FOR INJECTION,METHYLPREDNISOLONE SODIUM SUCCINATE,-,-,Generic,Prescription,LES LABORATOIRES MEDIS,Tunisia,Valid,6/19/2025,,
ZAHRA TABLET,"DROSPINENONE,ETHINYLESTRADIOL",-,-,Generic,Prescription,OMAN PHARMACEUTICAL PRODUCTS,Oman,Valid,4/24/2025,,
PENTHROX 99.9 % liquid for inhalation,METHOXYFLURANE,3,ml,NCE,Prescription,Medical Developments International Limited,Australia,Valid,8/17/2023,,
PENTHROX 99.9 % liquid for inhalation,METHOXYFLURANE,3,ml,NCE,Prescription,Medical Developments International Limited,Australia,Valid,2/28/2024,,
PENTHROX 99.9 % liquid for inhalation,METHOXYFLURANE,3,ml,NCE,Prescription,Medical Developments International Limited,Australia,Valid,8/17/2023,,
MONTAS 4 mg Chewable Tablets,MONTELUKAST SODIUM,-,-,Generic,Prescription,OMAN PHARMACEUTICAL PRODUCTS,Oman,Valid,2/11/2025,,
MONTAS 5 mg Chewable Tablets,MONTELUKAST SODIUM,-,-,Generic,Prescription,OMAN PHARMACEUTICAL PRODUCTS,Oman,Valid,4/24/2025,,
CONVENTIN 300 mg Capsule,GABAPENTIN,-,-,Generic,Prescription,EVA PHARMA,Egypt,Valid,5/8/2025,,
CONVENTIN 400 mg Capsule,GABAPENTIN,-,-,Generic,Prescription,EVA PHARMA,Egypt,Valid,11/6/2023,,
ZYTERO 12.5 mg Film Coated Tablet,ALOGLIPTIN,-,-,NCE,Prescription,TAKEDA IRELAND LIMITED,Ireland,Valid,4/23/2025,,
ZYTERO 25 mg Film Coated Tablet,ALOGLIPTIN,-,-,NCE,Prescription,TAKEDA IRELAND LIMITED,Ireland,Valid,4/23/2025,,
APISAL 0.9% EYE-NOSE DROPS,SODIUM CHLORIDE,15,ml,Generic,OTC,Amman Pharmaceutical Industries (API),Jordan,Valid,12/15/2024,,
VIBRAMYCIN 100MG TABLET,DOXYCYCLINE,-,-,Generic,Prescription,Fareva Amboise,France,Valid,7/9/2025,,
MICROLUT 0.03MG-TAB COATED TAB.,LEVONORGESTREL,-,-,NCE,Prescription,BAYER AG,Germany,Valid,8/29/2022,,
XALKORI 250MG CAPSULE,CRIZOTINIB,-,-,NCE,Prescription,PFIZER,Germany,Valid,4/1/2025,,
XALKORI 200MG CAPSULE,CRIZOTINIB,-,-,NCE,Prescription,PFIZER,Germany,Valid,4/1/2025,,
ZYTIGA 500 Film-coated Tablet,ABIRATERONE ACETATE,-,-,NCE,Prescription,PATHEON JALLIEU,France,Valid,2/10/2024,,
TOBREX OPTH.OINT. 0.3%,TOBRAMYCIN,3.5,g,NCE,Prescription,S.A. Alcon Couvreur N.V,Belgium,Valid,6/12/2023,,
TOBREX OPTH.SOLUTION 0.3%,TOBRAMYCIN,5,ml,NCE,Prescription,S.A. Alcon Couvreur N.V,Belgium,Valid,6/12/2023,,
MAXITROL DROPS,"POLYMYXIN B,NEOMYCIN SULFATE,DEXAMETHASONE",5,ml,NCE,Prescription,"Siegfried EI Masnou, S.A",Spain,Valid,8/21/2024,,
VIGAMOX 0.5% OPHTHALMIC SOLUTION,MOXIFLOXACIN HYDROCHLORIDE,5,ml,NCE,Prescription,S.A. Alcon Couvreur N.V,Belgium,Valid,8/21/2024,,
AZOPT 1%,BRINZOLAMIDE,5,ml,NCE,Prescription,S.A. Alcon Couvreur N.V,Belgium,Valid,6/6/2024,,
ROXONE 1 gm Powder for Solution for Injection,CEFTRIAXONE,-,-,Generic,Prescription,MEDOCHEMIE LTD (FACTORY C),Cyprus,Valid,3/4/2025,,
DUOTRAV EYE DROPS,"TRAVOPROST,TIMOLOL MALEATE",2.5,ml,Generic,Prescription,S.A. Alcon Couvreur N.V,Belgium,Valid,5/6/2024,,
NINLARO 3 mg Hard Capsule,IXAZOMIB CITRATE,-,-,NCE,Prescription,HAUPT PHARMA AMAREG GmbH,Germany,Valid,1/22/2024,,
EPNONE 50 mg Tablet,EPLERENONE,-,-,NCE,Prescription,MSN LABORATORIES PRIVATE LIMITED ,India,Valid,12/13/2023,,
FORTEO 20 MCG per 80MCL ,TERIPARATIDE,2.4,ml,Biological,Prescription,ELI LILLY,France,Valid,6/6/2024,,
SIMBRINZA DROPS SUSP,"BRIMONIDINE TARTRATE,BRINZOLAMIDE",5,ml,NCE,Prescription,S.A. Alcon Couvreur N.V,Belgium,Valid,6/12/2023,,
NEVANAC EYE DROP,NEPAFENAC,5,ml,NCE,Prescription,S.A. Alcon Couvreur N.V,Belgium,Valid,8/6/2023,,
DEPAKINE 200MG-ML SOLU.,VALPROATE SODIUM,40,ml,NCE,Prescription,Sanofi İlaç Sanayi ve Tic A.Ş,Turkey,Valid,10/16/2024,,
EXTRANEAL 7.5% w/v solution,PERITONEAL DIALYSIS SOLUTION,2000,ml,Generic,Prescription,BAXTER HEALTHCARE,Ireland,Valid,2/21/2024,,
EXTRANEAL 7.5% w/v solution,PERITONEAL DIALYSIS SOLUTION,2500,ml,Generic,Prescription,BAXTER,Ireland,Valid,8/29/2022,,
NINLARO 4 mg Hard Capsule,IXAZOMIB CITRATE,-,-,NCE,Prescription,HAUPT PHARMA AMAREG GmbH,Germany,Valid,1/22/2024,,
COUFATEX 1 mg Tablet,WARFARIN SODIUM,-,-,Generic,Prescription,APOTEX INC. (GRAY RAY),Canada,Valid,11/6/2023,,
COUFATEX 2 mg Tablet,WARFARIN SODIUM,-,-,Generic,Prescription,APOTEX INC. (GRAY RAY),Canada,Valid,11/6/2023,,
COUFATEX 5 mg Tablet,WARFARIN SODIUM,-,-,Generic,Prescription,APOTEX INC. (GRAY RAY),Canada,Valid,11/6/2023,,
NINLARO 2.3 mg Hard Capsule,IXAZOMIB CITRATE,-,-,NCE,Prescription,HAUPT PHARMA AMAREG GmbH,Germany,Valid,1/22/2024,,
AZARGA EYE DROPS,"TIMOLOL MALEATE,BRINZOLAMIDE",5,ml,NCE,Prescription,S.A. Alcon Couvreur N.V,Belgium,Valid,11/14/2024,,
HALAVEN,ERIBULIN MESILATE,2,ml,NCE,Prescription,BSP PHARMACEUTICALS,Italy,Valid,8/31/2022,,
SYSTANE ULTRA UD LUBRICANT EYE DROPS,"POLYETHYLENE GLYCOL,PROPYLENE GLYCOL",0.7,ml,NCE,OTC,ALCON LABORATORIES,France,Valid,11/13/2022,,
PHOXILIUM 1.2MMOL/I SOL. FOR HAEMODIAL./HAEMOFILT,"CALCIUM CHLORIDE,POTASSIUM CHLORIDE,SODIUM CHLORIDE,DISODIUM PHOSPHATE,MAGNESIUM CHLORIDE",5,l,Generic,Prescription,Gambro Dasco S.p.A ,Italy,Valid,2/28/2024,,
RENOMER 800 MG FILM-COATED TABLET,SEVELAMER CARBONATE,-,-,Generic,Prescription,Pharmaten Pharmaceutical Industry ,Greece,Valid,1/23/2024,,
TAFINLAR 50MG CAPSULE(28),DABRAFENIB MESILATE,-,-,NCE,Prescription,Glaxo Operations UK Limited ,United Kingdom,Valid,6/6/2024,,
TAFINLAR 75MG CAPSULE(28),DABRAFENIB MESILATE,-,-,NCE,Prescription,Glaxo Operations UK Limited ,United Kingdom,Valid,6/6/2024,,
XEMETAN 25MG F.C.TABLET,EXEMESTANE,-,-,Generic,Prescription,OMAN PHARMACEUTICAL PRODUCTS,Oman,Valid,1/22/2024,,
ACTEMRA 162 mg/0.9 ml solution for injection in pre-filled syringe ,TOCILIZUMAB,0.9,ml,NCE,Prescription,VETTER PHARMA,Germany,Valid,7/13/2025,,
MUCOSOLVAN 15MG-5ML ORAL LIQUID,AMBROXOL HYDROCHLORIDE,100,ml,Generic,OTC,DELPHARM REIMS S.A.S,France,Valid,3/20/2023,,
PROXEN F.C. TAB 250MG,NAPROXEN,-,-,NCE,OTC,GRUNENTHAL,Germany,Valid,10/16/2024,,
PROXEN F.C TAB 500MG,NAPROXEN,-,-,Generic,OTC,GRUNENTHAL,Germany,Valid,10/16/2024,,
REGULON,"DESOGESTREL,ETHINYLESTRADIOL",-,-,Generic,Prescription,GEDEON RICHTER,Hungary,Valid,5/16/2024,,
ROSUVAS 10 MG FILM COATED TABLET,ROSUVASTATIN,-,-,Generic,Prescription,Sun Pharmaceutical Industries Limited ,India,Valid,8/21/2024,,
ROSUVAS 20 MG FILM COATED TABLET,ROSUVASTATIN,-,-,Generic,Prescription,Sun Pharmaceutical Industries Limited ,India,Valid,8/21/2024,,
TREMFYA 100 MG/ML ,GUSELKUMAB,1,ml,Biological,Prescription,"Cilag AG, Schaffhausen, Switzerland",Switzerland,Valid,10/10/2024,,
ESBRIET 267 MG FILM COATED TABLET,PIRFENIDONE,-,-,NCE,Prescription,DELPHARM MILANO SRI,Italy,Valid,12/1/2022,,
ESBRIET 801 MG FILM COATED TABLET,PIRFENIDONE,-,-,NCE,Prescription,DELPHARM MILANO SRI,Italy,Valid,12/1/2022,,
LONSURF,"TRIFLURIDINE,TIPIRACIL",-,-,NCE,Prescription,TAIHO PHARMACEUTICAL CO LTD ( KITAJIMA PLANT ),Japan,Valid,10/16/2024,,
LONSURF,"TRIFLURIDINE,TIPIRACIL",-,-,NCE,Prescription,TAIHO PHARMACEUTICAL CO LTD ( KITAJIMA PLANT ),Japan,Valid,10/16/2024,,
OCREVUS 30 MG/ML CONCENTRATE FOR SOLUTION FOR INFUSION,OCRELIZUMAB,10,ml,Biological,Prescription,Roche Diagnostics GmbH ,Germany,Valid,12/18/2024,,
AFUNDAS-L 50 MG ,CASPOFUNGIN,50,mg,Generic,Prescription,Gensenta İlaç Sanayi ve Ticaret A.Ş,Turkey,Valid,7/6/2025,,
AFUNDAS-L 70 MG ,CASPOFUNGIN,70,mg,Generic,Prescription,Gensenta İlaç Sanayi ve Ticaret A.Ş,Turkey,Valid,7/6/2025,,
LEROXO 8 MG FILM COATED TABLET,LORNOXICAM,-,-,Generic,Prescription,UNITED PHARMACEUTICAL COMPANY,Jordan,Valid,1/22/2024,,
HUMALOG KWIK-PEN MIX 50,"INSULIN LISPRO,INSULIN PROTAMINE",3,ml,Biological,Prescription,ELI LILLY,France,Valid,4/20/2025,,
DOCETAXEL EBEWE 10 mg/ml concentration For Solution For Infusion,DOCETAXEL,2,ml,Generic,Prescription, Fareva Unterach GmbH ,Austria,Valid,7/10/2024,,
OFEV 100 mg Soft Capsule,NINTEDANIB,-,-,NCE,Prescription,CATALENT GERMANY EBERBACH GmbH,Germany,Valid,5/8/2025,,
DESIRETT 75 mcg Film-Coated Tablets,DESOGESTREL,-,-,Generic,Prescription,"LABORATORIOS LEON FARMA, S.A.",Spain,Valid,3/30/2023,,
VITA-D 50000 IU Tablet,COLECALCIFEROL,-,-,NCE,Prescription,QUEST VITAMINS MIDDLE EAST FZE,United Arab Emirates,Valid,4/5/2023,,
CLOPACIN 75mg film-coated tablets,CLOPIDOGREL,-,-,Generic,Prescription,ACINO PHARMA AG,Switzerland,Valid,4/30/2023,,
AROMAPLEX 25 mg Film-Coated Tablet,EXEMESTANE,-,-,Generic,Prescription,GENEPHARM S.A.,Greece,Valid,10/3/2024,,
LYSTEDA 650 mg Tablet,TRANEXAMIC ACID,-,-,NCE,Prescription,"MIKART, INC.",United States,Valid,2/20/2024,,
MOVIPREP POWDER FOR ORAL SOLUTION,"ASCORBIC ACID,SODIUM ASCORBATE,SODIUM SULFATE,MACROGOL ,POTASSIUM CHLORIDE,SODIUM CHLORIDE",-,-,NCE,Prescription,NORGINE LIMITED,United Kingdom,Valid,3/20/2024,,
COAPROVEL 300-12.5 MG TABLET,"IRBESARTAN,HYDROCHLOROTHIAZIDE",-,-,NCE,Prescription,SANOFI WINTHROP INDUSTRIE,France,Valid,11/10/2022,,
RELPAX 20MG TABLET,ELETRIPTAN,-,-,NCE,Prescription,Pfizer Italia S.R.L,Italy,Valid,6/2/2024,,
RELPAX 20MG TABLET,ELETRIPTAN,-,-,NCE,Prescription,Pfizer Italia S.R.L,Italy,Valid,6/2/2024,,
RELPAX 40MG TABLET,ELETRIPTAN,-,-,NCE,Prescription,Pfizer Italia S.R.L,Italy,Valid,12/19/2024,,
RELPAX 40MG TABLET,ELETRIPTAN,-,-,NCE,Prescription,Pfizer Italia S.R.L,Italy,Valid,12/19/2024,,
TRUSOPT,DORZOLAMIDE,5,ml,NCE,Prescription,MERCK SHARP & DOHME,France,Valid,12/13/2023,,
ALDACTONE TAB,SPIRONOLACTONE,-,-,NCE,Prescription,PIRAMAL HEALTHCARE UK LIMITED,United Kingdom,Valid,1/30/2025,,
ALDACTONE TAB,SPIRONOLACTONE,-,-,NCE,Prescription,PIRAMAL HEALTHCARE UK LIMITED,United Kingdom,Valid,5/5/2024,,
DOCETAXEL EBEWE 10 mg/ml concentration For Solution For Infusion,DOCETAXEL,8,ml,Generic,Prescription, Fareva Unterach GmbH ,Austria,Valid,7/10/2024,,
ZEVTERA 500 mg Powder for concentration for Solution for Infusion,CEFTOBIPROLE MEDOCARIL SODIUM,20,ml,NCE,Prescription,Nipro Pharma Corporation Ise Plant,Japan,Valid,10/8/2024,,
PEMITRA 500 mg Vial,PEMETREXED,-,-,Generic,Prescription,THYMOORGAN PHARMAZIE GMBH,Germany,Valid,10/15/2023,,
SEFARIX 300 mg Capsule,CEFDINIR,-,-,Generic,Prescription,Pharma International Co.,Jordan,Valid,12/29/2024,,
LEUKERAN 2 MG. TAB.,CHLORAMBUCIL,-,-,NCE,Prescription,EXCELLA GmbH & Co. KG,Germany,Valid,8/3/2025,,
NIMENRIX,"TETANUS TOXOID,MENINGOCOCCAL GROUP A (NEISSERIA MENINGITIDIS) POLYSACCHARIDE VACCINE,MENINGOCOCCAL GROUP C (NEISSERIA MENINGITIDIS) POLYSACCHARIDE,MENINGOCOCCAL GROUP W (NEISSERIA MENINGITIDIS) POLYSACCHARIDE,MENINGOCOCCAL GROUP Y (NEISSERIA MENINGITIDIS) POLYSACCHARIDE",0.5,ml,Biological,Prescription,Pfizer Manufacturing Belgium N.V.,Belgium,Valid,1/30/2024,,
DIPROSONE CREAM 0.05%,BETAMETHASONE DIPROPIONATE,30,g,NCE,Prescription,Organon Heist bv,Belgium,Valid,10/15/2023,,
AMARYL M 2/500 mg film-coated tablet,"METFORMIN HYDROCHLORIDE,GLIMEPIRIDE",-,-,NCE,Prescription,HANDOK PHARMACEUTICALS CO. LTD.,KOREA,Valid,3/6/2023,,
SEVOFLURANE Inhalation Anesthetic,SEVOFLURANE,250,ml,NCE,Prescription,BAXTER HEALTHCARE CORPORATION,Puerto Rico,Valid,3/6/2023,,
BISOLOL 2.5 mg Tablet,BISOPROLOL FUMARATE,-,-,Generic,Prescription,CHANELLE MEDICAL,Ireland,Valid,2/27/2023,,
BISOLOL 5 mg Tablet,BISOPROLOL FUMARATE,-,-,Generic,Prescription,CHANELLE MEDICAL,Ireland,Valid,2/27/2023,,
BISOLOL 10 mg Tablet,BISOPROLOL FUMARATE,-,-,Generic,Prescription,CHANELLE MEDICAL,Ireland,Valid,2/27/2023,,
ALPROLIX 250 I.U Powder And Solvent For Solution For Injection,EFTRENONACOG ALFA,5,ml,Biological,Prescription,VETTER PHARMA-FERTIGUNG GMBH & CO. KG,Germany,Valid,9/27/2023,,
ALPROLIX 500 I.U Powder And Solvent For Solution For Injection,EFTRENONACOG ALFA,5,ml,Biological,Prescription,VETTER PHARMA-FERTIGUNG GMBH & CO. KG,Germany,Valid,9/27/2023,,
ALPROLIX 1000 I.U Powder And Solvent For Solution For Injection,EFTRENONACOG ALFA,5,ml,Biological,Prescription,VETTER PHARMA-FERTIGUNG GMBH & CO. KG,Germany,Valid,9/27/2023,,
ALPROLIX 2000 I.U Powder And Solvent For Solution For Injection,EFTRENONACOG ALFA,5,ml,Biological,Prescription,VETTER PHARMA-FERTIGUNG GMBH & CO. KG,Germany,Valid,9/27/2023,,
ALPROLIX 3000 I.U Powder And Solvent For Solution For Injection,EFTRENONACOG ALFA,5,ml,Biological,Prescription,VETTER PHARMA-FERTIGUNG GMBH & CO. KG,Germany,Valid,9/27/2023,,
CEMIVIL 400 mg Film Coated Tablets,IMATINIB MESILATE,-,-,Generic,Prescription,The Arab Pharmaceutical Manufacturing PSC (Sahab) Co Ltd ,Jordan,Valid,2/21/2024,,
CEMIVIL 100 mg Film Coated Tablets,IMATINIB MESILATE,-,-,Generic,Prescription,The Arab Pharmaceutical Manufacturing PSC (Sahab) Co Ltd ,Jordan,Valid,2/21/2024,,
FLUCAZOL 50 mg Capsule,FLUCONAZOLE,-,-,Generic,Prescription,NATIONAL PHARMACEUTICAL INDUSTRIES CO,Oman,Valid,2/28/2024,,
FLUCAZOL 150 mg Capsule,FLUCONAZOLE,-,-,Generic,Prescription,NATIONAL PHARMACEUTICAL INDUSTRIES CO,Oman,Valid,2/28/2024,,
MONCAS 10 mg Film Coated Tablet,MONTELUKAST SODIUM,-,-,Generic,Prescription,GENEPHARM S.A.,Greece,Valid,10/3/2024,,
MONCAS 4 mg Chewable Tablet,MONTELUKAST SODIUM,-,-,Generic,Prescription,GENEPHARM S.A.,Greece,Valid,10/3/2024,,
OFEV 150 mg Soft Capsule,NINTEDANIB,-,-,NCE,Prescription,CATALENT GERMANY EBERBACH GmbH,Germany,Valid,5/8/2025,,
ZEGA 75 MG CAPSULE,PREGABALIN,-,-,Generic,Prescription,Pharma International Co.,Jordan,Valid,12/29/2024,,
ZEGA 150 MG CAPSULE,PREGABALIN,-,-,Generic,Prescription,Pharma International Co.,Jordan,Valid,12/29/2024,,
TULIP 10 mg film-coated tablet,ATORVASTATIN CALCIUM,-,-,Generic,Prescription,LEK S.A,Poland,Valid,10/9/2024,,
TULIP 20 mg film-coated tablet,ATORVASTATIN CALCIUM,-,-,Generic,Prescription,LEK S.A,Poland,Valid,10/9/2024,,
TULIP 40 mg film-coated tablet,ATORVASTATIN CALCIUM,-,-,Generic,Prescription,LEK S.A,Poland,Valid,10/9/2024,,
TULIP 80 mg film-coated tablet,ATORVASTATIN CALCIUM,-,-,Generic,Prescription,LEK S.A,Poland,Valid,10/9/2024,,
AMLOHOPE 10 mg/10 mg Capsule,"RAMIPRIL,AMLODIPINE BESILATE",-,-,NCE,Prescription,EGIS PHARMACEUTICALS PLC,Hungary,Valid,5/13/2024,,
AMLOHOPE 10 mg/5 mg Capsule,"RAMIPRIL,AMLODIPINE BESILATE",-,-,NCE,Prescription,EGIS PHARMACEUTICALS PLC,Hungary,Valid,5/13/2024,,
AMLOHOPE 5 mg/10 mg Capsule,"RAMIPRIL,AMLODIPINE BESILATE",-,-,NCE,Prescription,EGIS PHARMACEUTICALS PLC,Hungary,Valid,5/13/2024,,
GENOTROPIN 16IU CARTRIDGE,SOMATROPIN,-,-,Biological,Prescription,Pfizer Manufacturing Belgium N.V.,Belgium,Valid,2/27/2024,,
ROXONIN TAPE 50 mg Cutaneous Patch,LOXOPROFEN,-,-,NCE,OTC,"LEAD CHEMICAL CO., LTD.",Japan,Valid,11/12/2024,,
PRAXBIND 50 mg/ml Solution For Injection/Infusion,IDARUCIZUMAB,50,ml,Biological,Prescription,"BOEHRINGER INGELHEIM PHARMA GMBH & CO. KG,BIBERACH",Germany,Valid,9/5/2023,,
RINA 0.5 mg/ml Syrup,DESLORATADINE,100,ml,Generic,OTC,DAR ALDAWA,Jordan,Valid,5/3/2023,,
CANESTEN-1 VAG.TAB 500MG WITH APPLICATOR,CLOTRIMAZOLE,-,-,NCE,OTC,Haupt Pharma Wulfing GmbH,Germany,Valid,8/15/2023,,
ZYLORIC 100MG TABLET,ALLOPURINOL,-,-,Generic,Prescription,ASPEN Bad Oldesloe GmbH,Germany,Valid,4/24/2025,,
DIFICLIR 200 mg Film Coated Tablet,FIDAXOMICIN,-,-,NCE,Prescription,PATHEON INC,Canada,Valid,5/15/2023,,
ALOXI 0.25 mg/ 5 ml Solution For Injection,PALONOSETRON HYDROCHLORIDE,5,ml,NCE,Prescription,FAREVA PAU 1,France,Valid,8/31/2022,,
FLEXBUMIN 200GM/L SOLUTION FOR INFUSION,ALBUMIN HUMAN,50,ml,Biological,Prescription,"Baxalta US, Inc",United States,Valid,6/4/2025,,
FLEXBUMIN 200GM/L SOLUTION FOR INFUSION,ALBUMIN HUMAN,100,ml,Biological,Prescription,"Baxalta US, Inc",United States,Valid,6/4/2025,,
ROXONIN TAPE 100 mg Cutaneous Patch,LOXOPROFEN,-,-,NCE,OTC,"LEAD CHEMICAL CO., LTD.",Japan,Valid,5/12/2025,,
APROVEL 300MG TAB,IRBESARTAN,-,-,NCE,Prescription,SANOFI WINTHROP INDUSTRIE,France,Valid,2/27/2023,,
APROVEL 150MG TAB,IRBESARTAN,-,-,NCE,Prescription,SANOFI WINTHROP INDUSTRIE,France,Valid,2/27/2023,,
ROLENIUM 500/50 mcg Elpenhaler,"FLUTICASONE PROPIONATE,SALMETEROL",60,DF,Generic,Prescription,ELPEN PHARMACEUTICALS,Greece,Valid,11/26/2024,,
ALADIN 50 mg film-coated tablets,SILDENAFIL,-,-,Generic,Prescription,NATIONAL PHARMACEUTICAL INDUSTRIES CO,Oman,Valid,11/26/2024,,
MIDIXIME 400 mg Capsules,CEFIXIME,-,-,Generic,Prescription,Pharma International Co.,Jordan,Valid,7/22/2025,,
MIDIXIME 200 mg Capsules,CEFIXIME,-,-,Generic,Prescription,Pharma International Co.,Jordan,Valid,7/22/2025,,
BLINCYTO,BLINATUMOMAB,-,-,Biological,Prescription,Boehringer Ingelheim Pharma GmbH & Co. KG,Germany,Valid,11/15/2023,,
IGAMAD 750 IU/ml Solution for Injection,HUMAN RHO(D) IMMUNE GLOBULIN,2,ml,Biological,Prescription,INSTITUTO GRIFOLS,Spain,Valid,10/9/2023,,
NUROFEN FOR CHILDREN STRAWBERRY ORAL SUSPENSION,IBUPROFEN,150,ml,NCE,OTC,RECKITT BENCKISER HEALTHCARE INTERNATIONAL,United Kingdom,Valid,8/18/2024,,
ALADIN 25 mg film-coated tablets,SILDENAFIL,-,-,Generic,Prescription,NATIONAL PHARMACEUTICAL INDUSTRIES CO,Oman,Valid,11/26/2024,,
ASPIRIN ADULT TAB 300MG,ACETYLSALICYLIC ACID,-,-,Generic,OTC,Bayer Bitterfeld GmbH ,Germany,Valid,8/29/2022,,
ARVIDA 0.5 mg Tablet,ENTECAVIR,-,-,Generic,Prescription,APOTEX RESEARCH PRIVATE LIMITED,India,Valid,3/30/2023,,
LEVETAM 500 mg film-coated tablet,LEVETIRACETAM,-,-,Generic,Prescription,ACTAVIS,Iceland,Valid,7/27/2025,,
MEROZA 500 mg powder for Solution for Injection or Infusion,MEROPENEM,20,ml,Generic,Prescription,DEMO S.A,Greece,Valid,6/12/2023,,
MEROZA 1 g powder for Solution for Injection or Infusion,MEROPENEM,30,ml,Generic,Prescription,DEMO S.A,Greece,Valid,6/12/2023,,
LEVONIC 5 mg/ml Infusion,LEVOFLOXACIN,100,ml,Generic,Prescription,Hikma Farmaceutica,Portugal,Valid,7/24/2023,,
FYCOMPA 4 mg Film-Coated Tablet,PERAMPANEL,-,-,NCE,Prescription,EISAI MANUFACTURING LIMITED,United Kingdom,Valid,6/10/2023,,
FYCOMPA 6 mg Film-Coated Tablet,PERAMPANEL,-,-,NCE,Prescription,EISAI MANUFACTURING LIMITED,United Kingdom,Valid,6/10/2023,,
FYCOMPA 8 mg Film-Coated Tablet,PERAMPANEL,-,-,NCE,Prescription,EISAI MANUFACTURING LIMITED,United Kingdom,Valid,6/10/2023,,
FYCOMPA 10 mg Film-Coated Tablet,PERAMPANEL,-,-,NCE,Prescription,EISAI MANUFACTURING LIMITED,United Kingdom,Valid,6/10/2023,,
FYCOMPA 12 mg Film-Coated Tablet,PERAMPANEL,-,-,NCE,Prescription,EISAI MANUFACTURING LIMITED,United Kingdom,Valid,6/10/2023,,
TRULICITY 0.75 mg Solution for Injection in Prefilled Pen,DULAGLUTIDE,0.5,ml,Biological,Prescription,Vetter Pharma-Fertigung GmbH & Co.KG,Germany,Valid,1/31/2024,,
TRULICITY 1.5 mg Solution for Injection in Prefilled Pen,DULAGLUTIDE,0.5,ml,Biological,Prescription,"VETTER PHARMA-FERTIGUNG, GMBH & CO. KG",Germany,Valid,1/31/2024,,
TOUJEO 300 IU/ml Solution for Injection in Pre-filled Pen,INSULIN GLARGINE,1.5,ml,Biological,Prescription,sanofi-aventis,Germany,Valid,11/20/2022,,
TOUJEO 300 IU/ml Solution for Injection in Pre-filled Pen,INSULIN GLARGINE,1.5,ml,Biological,Prescription,sanofi-aventis,Germany,Valid,11/13/2024,,
ANTIKAST 4 mg chewable tablet,MONTELUKAST SODIUM,-,-,Generic,Prescription,Pharma International Co.,Jordan,Valid,12/29/2024,,
ANTIKAST 5 mg chewable tablet,MONTELUKAST SODIUM,-,-,Generic,Prescription,Pharma International Co.,Jordan,Valid,12/29/2024,,
IMODIUM INSTANTS 2MG ORODESPERSIBLE TABLET,LOPERAMIDE,-,-,NCE,OTC,CATALENT UK SWINDON ZYDIS LIMITED,United Kingdom,Valid,4/22/2025,,
IMODIUM INSTANTS 2MG ORODESPERSIBLE TABLET,LOPERAMIDE,-,-,NCE,OTC,CATALENT UK SWINDON ZYDIS LIMITED,United Kingdom,Valid,5/1/2025,,
ANTIKAST 10 mg film-coated tablet,MONTELUKAST SODIUM,-,-,Generic,Prescription,Pharma International Co.,Jordan,Valid,12/29/2024,,
AMLOHOPE 5 mg/5 mg Capsule,"RAMIPRIL,AMLODIPINE BESILATE",-,-,NCE,Prescription,EGIS PHARMACEUTICALS PLC,Hungary,Valid,5/13/2024,,
KEFLEX 250MG-5ML SUSPENTION,CEFALEXIN,100,ml,Generic,Prescription,ACS Dobfar S.P.A,Italy,Valid,8/29/2022,,
KEFLEX 500MG TAB,CEPHALEXIN ANHYDROUS,-,-,Generic,Prescription,ACS Dobfar S.P.A,Italy,Valid,8/29/2022,,
CELEBREX 100MG CAPSULE,CELECOXIB,-,-,NCE,Prescription,Pfizer Pharmaceutical LLC,United States,Valid,7/15/2025,,
DIPROSONE OINTMENT 0.05%,BETAMETHASONE DIPROPIONATE,30,g,NCE,Prescription,Organon Heist bv,Belgium,Valid,10/17/2023,,
JAKAVI 20MG TABLET,RUXOLITINIB,-,-,NCE,Prescription,NOVARTIS Pharma Stein AG,Switzerland,Valid,8/3/2025,,
JAKAVI 5MG TABLET,RUXOLITINIB,-,-,NCE,Prescription,NOVARTIS Pharma Stein AG,Switzerland,Valid,9/2/2024,,
RESTASIS 0.05% Eye Drop Emulsion,CICLOSPORIN,0.4,ml,NCE,Prescription,ALLERGAN,United States,Valid,6/29/2025,,
IRINOTECAN JAZEERA 20 mg/ml concentrate for solution for infusion,IRINOTECAN,2,ml,Generic,Prescription,THYMOORGAN PHARMAZIE GMBH,Germany,Valid,1/15/2024,,
IRINOTECAN JAZEERA 20 mg/ml concentrate for solution for infusion,IRINOTECAN,5,ml,Generic,Prescription,THYMOORGAN PHARMAZIE GMBH,Germany,Valid,1/15/2024,,
CEFAFOUR 1gm IV/IM Vial,CEFEPIME HYDROCHLORIDE,10,ml,Generic,Prescription,Hikma Farmaceutica,Portugal,Valid,3/30/2023,,
CEFAFOUR 2 gm IV/IM Vial,CEFEPIME HYDROCHLORIDE,50,ml,Generic,Prescription,Hikma Farmaceutica,Portugal,Valid,3/30/2023,,
COSOPT EYE DROPS,"DORZOLAMIDE,TIMOLOL MALEATE",5,ml,NCE,Prescription,FAREVA MIRABEL,France,Valid,4/5/2023,,
ZEMPLAR 5 mcg/ml solution for injection,PARICALCITOL,1,ml,NCE,Prescription,Avara Liscate Pharmaceutical services S.p.A,Italy,Valid,8/1/2023,,
ROLENIUM 250/50 mcg Elpenhaler,"FLUTICASONE PROPIONATE,SALMETEROL",60,DF,Generic,Prescription,ELPEN PHARMACEUTICALS,Greece,Valid,11/26/2024,,
JAKAVI 15MG TABLET,RUXOLITINIB,-,-,NCE,Prescription,NOVARTIS Pharma Stein AG,Switzerland,Valid,9/2/2024,,
FLOMOCIN 400 mg film-coated tablet,MOXIFLOXACIN HYDROCHLORIDE,-,-,Generic,Prescription,LABORATORIOS CINFA SA,Spain,Valid,11/29/2023,,
FLOMOCIN 400 mg film-coated tablet,MOXIFLOXACIN HYDROCHLORIDE,-,-,Generic,Prescription,LABORATORIOS CINFA SA,Spain,Valid,11/29/2023,,
TAGRISSO 40 mg Film-Coated Tablet,OSIMERTINIB MESILATE,-,-,NCE,Prescription,AstraZeneca,Sweden,Valid,8/10/2023,,
TAGRISSO 80 mg Film-Coated Tablet,OSIMERTINIB MESILATE,-,-,NCE,Prescription,AstraZeneca,Sweden,Valid,8/10/2023,,
PIPERACILLIN - TAZOPACTAM SANDOZ 4.5GM VIAL,"PIPERACILLIN,Tazobactam",4.5,g,Generic,Prescription,SANDOZ,Austria,Valid,5/13/2024,,
PARALOK 40 mg for I.V. Infusion,PANTOPRAZOLE,-,-,Generic,Prescription,Hikma Farmaceutica,Portugal,Valid,2/21/2024,,
TECENTRIQ 60 mg/ml Concentrate For Solution For Infusion,ATEZOLIZUMAB,20,ml,Biological,Prescription,ROCHE DIAGNOSTICS,Germany,Valid,8/31/2022,,
REBIF 22 MCG/0.5 ml Solution for injection in cartridge,INTERFERON BETA-1A,1.5,ml,Biological,Prescription,MERCK SERONO SPA,Italy,Valid,12/12/2023,,
REBIF 44 MCG/0.5 ml Solution for injection in cartridge,INTERFERON BETA-1A,1.5,ml,Biological,Prescription,MERCK SERONO SPA,Italy,Valid,12/12/2023,,
IRBEGEN PLUS 150/12.5 mg Film Coated Tablet,"IRBESARTAN,HYDROCHLOROTHIAZIDE",-,-,Generic,Prescription,GENEPHARM S.A.,Greece,Valid,11/10/2022,,
IRBEGEN PLUS 300/25 mg Film Coated Tablet,"IRBESARTAN,HYDROCHLOROTHIAZIDE",-,-,Generic,Prescription,GENEPHARM S.A.,Greece,Valid,11/10/2022,,
CINAC 30 MG FILM COATED TABLET,CINACALCET,-,-,Generic,Prescription,Abdi Ibrahim Ilac San ve Tic A.S.,Turkey,Valid,5/24/2023,,
CINAC 60 MG FILM COATED TABLET,CINACALCET,-,-,Generic,Prescription,Abdi Ibrahim Ilac San ve Tic A.S.,Turkey,Valid,5/24/2023,,
SIMPONI 100 MG/ML SOLUTION FOR INJECTION IN PREFILLED PEN,GOLIMUMAB,0.5,ml,Biological,Prescription,BAXTER PHARMACEUTICAL SOLUTION LLC,United States,Valid,8/1/2022,,
NEVOLEEN 1 mg/ml Ampoule,NOREPINEPHRINE BITARTRATE,4,ml,Generic,Prescription,HIKMA ITALIA SPA,Italy,Valid,5/24/2023,,
QUTENZA 179 mg Cutaneous Patch,CAPSAICIN,-,-,NCE,Prescription,LTS LOHMANN Therapie-Systeme,Germany,Valid,2/4/2024,,
QUTENZA 179 mg Cutaneous Patch,CAPSAICIN,-,-,NCE,Prescription,LTS LOHMANN Therapie-Systeme,Germany,Valid,2/4/2024,,
ALLERTEC 5 mg film-coated tablet,LEVOCETIRIZINE DIHYDROCHLORIDE,-,-,Generic,OTC,KRKA dd Novo mesto,Slovenia,Valid,7/8/2024,,
FEGONA 0.5 MG CAPSULE,FINGOLIMOD HYDROCHLORIDE,-,-,Generic,Prescription,"BLUEPHARMA INDUSTRIA FARMACEUTICA, S.A",Portugal,Valid,1/23/2024,,
EVOX 750MG FILM COATED TABLET,LEVOFLOXACIN,-,-,Generic,Prescription,Jordan Sweden Medical and Sterilization Co.,Jordan,Valid,5/27/2025,,
EVOX 500MG FILM COATED TABLET,LEVOFLOXACIN,-,-,Generic,Prescription,Jordan Sweden Medical and Sterilization Co.,Jordan,Valid,8/15/2023,,
EVOX 250MG FILM COATED TABLET,LEVOFLOXACIN,-,-,Generic,Prescription,Jordan Sweden Medical and Sterilization Co.,Jordan,Valid,9/14/2023,,
CYRAMZA 10 mg/ml Injection,RAMUCIRUMAB,50,ml,Biological,Prescription,ELI LILLY,United States,Valid,10/23/2024,,
EPITAM 100 mg/ml I.V. Infusion,LEVETIRACETAM,5,ml,Generic,Prescription,Hikma Farmaceutica,Portugal,Valid,5/24/2023,,
LIPOSYN II 20% (SOYABEEN OIL),FAT EMULSIONS,200,ml,Generic,Prescription,Abbott Laboratories,United States,Valid,8/1/2022,,
RIFINAH,"RIFAMPICIN,ISONIAZID",-,-,Generic,Prescription,Sanofi S.r.l.,Italy,Valid,8/6/2023,,
RIFINAH,"RIFAMPICIN,ISONIAZID",-,-,Generic,Prescription,Sanofi S.r.l.,Italy,Valid,8/6/2023,,
TRAVATAN EYE DROP,TRAVOPROST,2.5,ml,Generic,Prescription,S.A. Alcon Couvreur N.V,Belgium,Valid,8/21/2024,,
ZEPILEN 1GM POWDER FOR SOLUTION FOR INJECTION/INFUSION,CEFAZOLIN,-,-,Generic,Prescription,MEDOCHEMIE LTD,Cyprus,Valid,3/4/2025,,
BINOCRIT 2000 I.U/1.0 ml Solution For Injection,EPOETIN ALFA,1,ml,Biological,Prescription,IDT Biologika GmbH,Germany,Valid,5/13/2024,,
MIRVASO 3 MG/G GEL,BRIMONIDINE TARTRATE,3,gm,NCE,Prescription,GALDERMA,France,Valid,1/13/2025,,
DIPHERELINE 0.1 MG POWDER FOR SOLUTION FOR INJECTION / INFUSION,TRIPTORELIN,-,-,NCE,Prescription,IPSEN PHARMA BIOTECH,France,Valid,2/27/2024,,
SOMATULINE AUTOGEL 60 MG SOLUTION FOR INJECTION IN PRE-FILLE,LANREOTIDE ACETATE,0.5,ml,NCE,Prescription,IPSEN PHARMA BIOTECH,France,Valid,7/22/2025,,
SOMATULINE AUTOGEL 90 MG SOLUTION FOR INJECTION IN PRE-FILLE,LANREOTIDE ACETATE,0.5,ml,NCE,Prescription,IPSEN PHARMA BIOTECH,France,Valid,11/5/2023,,
EPCLUSA 400 mg/100 mg Film-coated Tablet,"SOFOSBUVIR,VELPATASVIR",-,-,NCE,Prescription,GILEAD SCIENCES IRELAND UC,Ireland,Valid,11/29/2023,,
TALTZ 80 mg/ml Injection,IXEKIZUMAB,1,ml,Biological,Prescription,ELI LILLY,United States,Valid,4/17/2024,,
MOXICLAV 1 gm Film Coted Tablet,"AMOXICILLIN,CLAVULANIC ACID",-,-,Generic,Prescription,MEDOCHEMIE LTD (FACTORY B),Cyprus,Valid,12/26/2024,,
TRAMAL RETARD 100MG F.C TAB,TRAMADOL HYDROCHLORIDE,-,-,NCE,Prescription,GRUNENTHAL,Germany,Valid,9/7/2023,,
VENTAVIS 10 mcg/ml solution for inhalation,ILOPROST,2,ml,NCE,Prescription,Berlimed S.A.,Spain,Valid,8/29/2022,,
POSTINOR-2,LEVONORGESTREL,-,-,Generic,OTC,GEDEON RICHTER,Hungary,Valid,12/9/2024,,
TOBRADEX EYE DROPS,"TOBRAMYCIN,DEXAMETHASONE",5,ml,NCE,Prescription,S.A. Alcon Couvreur N.V,Belgium,Valid,10/11/2023,,
MAXITROL,"POLYMYXIN B,NEOMYCIN SULFATE,DEXAMETHASONE",3.5,g,NCE,Prescription,S.A. Alcon Couvreur N.V,Belgium,Valid,1/30/2025,,
ARPEK 250 mg film-coated tablet,LEVETIRACETAM,-,-,Generic,Prescription,APOTEX,Canada,Valid,4/30/2023,,
ARPEK 500 mg film-coated tablet,LEVETIRACETAM,-,-,Generic,Prescription,APOTEX,Canada,Valid,4/30/2023,,
SALAZOPYRIN-EN TAB 500MG,SULFASALAZINE,-,-,NCE,Prescription,Recipharm Uppsala AB,Sweden,Valid,4/23/2025,,
MERONEM 1GM VIAL I-V,MEROPENEM,30,ml,NCE,Prescription,ACS DOBFAR SPA,Italy,Valid,2/20/2024,,
MERONEM 500MG VIAL I-V,MEROPENEM,20,ml,NCE,Prescription,ACS DOBFAR SPA,Italy,Valid,2/20/2024,,
CYRAMZA 10 mg/ml Injection,RAMUCIRUMAB,10,ml,Biological,Prescription,ELI LILLY,United States,Valid,10/23/2024,,
VOLCON 200 mg film-coated tablet,VORICONAZOLE,-,-,Generic,Prescription,Pharma International Co.,Jordan,Valid,12/29/2024,,
LINID 2 MG/ML SOLUTION FOR INFUSION,LINEZOLID,300,ml,Generic,Prescription,PHARMACEUTICAL WORKS POLPHARMA S.A.,Poland,Valid,1/16/2025,,
GANFORT EYE DROPS,"TIMOLOL MALEATE,BIMATOPROST",-,-,NCE,Prescription,ALLERGAN PHARMACEUTICALS LTD,Ireland,Valid,1/23/2024,,
AMLOBEN 5 mg Tablet,AMLODIPINE BESILATE,-,-,Generic,Prescription,BENTA S.A.L.,Lebanon,Suspended,8/29/2022,,
REXULTI 0.25 mg Tablet,BREXPIPRAZOLE,-,-,NCE,Prescription,"Otsuka Pharmaceutical Co., Ltd.",Japan,Valid,10/10/2023,,
REXULTI 0.5 mg Tablet,BREXPIPRAZOLE,-,-,NCE,Prescription,"Otsuka Pharmaceutical Co., Ltd.",Japan,Valid,10/10/2023,,
REXULTI 2 mg Tablet,BREXPIPRAZOLE,-,-,NCE,Prescription,"Otsuka Pharmaceutical Co., Ltd.",Japan,Valid,3/20/2024,,
REXULTI 3 mg Tablet,BREXPIPRAZOLE,-,-,NCE,Prescription,"Otsuka Pharmaceutical Co., Ltd.",Japan,Valid,3/10/2024,,
REXULTI 4 mg Tablet,BREXPIPRAZOLE,-,-,NCE,Prescription,"Otsuka Pharmaceutical Co., Ltd.",Japan,Valid,3/20/2024,,
HERCEPTIN 120 mg/ml Solution For Injection,Trastuzumab,5,ml,Biological,Prescription,F. Hoffmann-La Roche Ltd.,Switzerland,Valid,5/5/2024,,
GLOZAL 5 mg film-coated tablet,LEVOCETIRIZINE DIHYDROCHLORIDE,-,-,Generic,OTC,GLOBAL PHARMA,United Arab Emirates,Valid,8/15/2023,,
GLOZAL 5 mg film-coated tablet,LEVOCETIRIZINE DIHYDROCHLORIDE,-,-,Generic,OTC,GLOBAL PHARMA,United Arab Emirates,Valid,8/15/2023,,
RIVETAL 1.5 mg Capsule,RIVASTIGMINE,-,-,Generic,Prescription,GENEPHARM S.A.,Greece,Valid,10/3/2024,,
RIVETAL 3 mg Capsule,RIVASTIGMINE,-,-,Generic,Prescription,GENEPHARM S.A.,Greece,Valid,10/3/2024,,
RIVETAL 4.5 mg Capsule,RIVASTIGMINE,-,-,Generic,Prescription,GENEPHARM S.A.,Greece,Valid,10/3/2024,,
RIVETAL 6 mg Capsule,RIVASTIGMINE,-,-,Generic,Prescription,GENEPHARM S.A.,Greece,Valid,10/3/2024,,
REXULTI 1 mg Tablet,BREXPIPRAZOLE,-,-,NCE,Prescription,"Otsuka Pharmaceutical Co., Ltd.",Japan,Valid,3/10/2024,,
MIXIF 400 mg Capsules,CEFIXIME,-,-,Generic,Prescription,DAR ALDAWA,Jordan,Valid,3/30/2023,,
SYNJARDY 5/850 mg Film-coated Tablet,"METFORMIN HYDROCHLORIDE,EMPAGLIFLOZIN",-,-,NCE,Prescription,"BOEHRINGER INGELHEIM PHARMA GMBH & CO. KG,BIBERACH",Germany,Valid,5/2/2023,,
SYNJARDY 5/1000 mg Film-coated Tablet,"METFORMIN HYDROCHLORIDE,EMPAGLIFLOZIN",-,-,NCE,Prescription,"BOEHRINGER INGELHEIM PHARMA GMBH & CO. KG,BIBERACH",Germany,Valid,4/5/2023,,
SYNJARDY 12.5/850 mg Film-coated Tablet,"METFORMIN HYDROCHLORIDE,EMPAGLIFLOZIN",-,-,NCE,Prescription,"BOEHRINGER INGELHEIM PHARMA GMBH & CO. KG,BIBERACH",Germany,Valid,4/5/2023,,
SYNJARDY 12.5/1000 mg Film-coated Tablet,"METFORMIN HYDROCHLORIDE,EMPAGLIFLOZIN",-,-,NCE,Prescription,"BOEHRINGER INGELHEIM PHARMA GMBH & CO. KG,BIBERACH",Germany,Valid,4/5/2023,,
REPATHA 140 mg/ml Solution For Injection,EVOLOCUMAB,1,ml,Biological,Prescription,AMGEN MANUFACTURING LIMITED,United States,Valid,10/26/2023,,
Accofil 480 mcg/0.5 ml solution For injection/infusion,FILGRASTIM,0.5,ml,Biological,Prescription,INTAS PHARMACEUTICALS LIMITED,India,Valid,7/28/2025,,
Accofil 300 mcg/0.5 ml solution For injection/infusion,FILGRASTIM,0.5,ml,Biological,Prescription,INTAS PHARMACEUTICALS LIMITED,India,Valid,7/28/2025,,
LEVODIS 5 mg/ml Solution For Injection,LEVOFLOXACIN,100,ml,Generic,Prescription,LES LABORATOIRES MEDIS,Tunisia,Valid,9/22/2024,,
MYORA 500 MG FILM COATED TABLET,MYCOPHENOLATE MOFETIL,-,-,Generic,Prescription,The Arab Pharmaceutical Manufacturing PSC (Sahab) Co Ltd ,Jordan,Valid,8/7/2024,,
PRALUENT 150 mg Prefilled Pen,ALIROCUMAB,1,ml,Biological,Prescription,Sanofi aventis Deutschland GmbH,Germany,Valid,9/19/2024,,
KETOVA 400 mg Film Coated Tablets,IMATINIB MESILATE,-,-,Generic,Prescription,APOTEX,Canada,Valid,5/24/2023,,
SERCAND 25 mg film-coated tablet,QUETIAPINE,-,-,Generic,Prescription,APOTEX,Canada,Valid,4/30/2023,,
NEUROBION ampoules,"THIAMINE,PYRIDOXINE,CYANOCOBALAMIN",3,ml,NCE,Prescription,CENEXI,France,Valid,9/7/2023,,
DESLORATADINE/GENEPHARM 5 mg film-coated tablet,DESLORATADINE,-,-,Generic,OTC,GENEPHARM S.A.,Greece,Valid,10/3/2024,,
MONCAS 5 mg Chewable Tablet,MONTELUKAST SODIUM,-,-,Generic,Prescription,GENEPHARM S.A.,Greece,Valid,10/3/2024,,
SPIOLTO RESPIMATE,"TIOTROPIUM,OLODATEROL",-,-,NCE,Prescription,BOEHRINGER INGELHEIM,Germany,Valid,1/22/2024,,
PROPOFOL-LIPURO 0.5% EMULSION FOR Inj./Infusion ,PROPOFOL,20,ml,NCE,Prescription,B. BRAUN,Germany,Valid,1/16/2025,,
STELARA 130MG/26ML Concentrate for solution for infusion,USTEKINUMAB,26,ml,Biological,Prescription,JANSSEN-CILAG,Switzerland,Valid,8/15/2023,,
SPEDRA 50 mg Tablet,AVANAFIL,-,-,NCE,Prescription,SANOFI AVENTIS GROUP,France,Valid,4/5/2023,,
PANLOCK 40 mg Enteric coated tablet,PANTOPRAZOLE,-,-,Generic,Prescription,MEDICAL UNION PHARMACEUTICALS CO,Egypt,Suspended,8/29/2022,,
SPEDRA 100 mg Tablet,AVANAFIL,-,-,NCE,Prescription,SANOFI AVENTIS GROUP,France,Valid,4/5/2023,,
PRALUENT 150 mg Prefilled Pen,ALIROCUMAB,1,ml,Biological,Prescription,Sanofi aventis Deutschland GmbH,Germany,Valid,8/29/2022,,
PRALUENT 75 mg Prefilled Pen,ALIROCUMAB,1,ml,Biological,Prescription,Sanofi aventis Deutschland GmbH,Germany,Valid,8/29/2022,,
LINDYNETTE 0.075/0.03 mg Film-coated Tablet,"ETHINYLESTRADIOL,GESTODENE",-,-,Generic,Prescription,GEDEON RICHTER PLC.,Hungary,Valid,3/30/2023,,
GENVOYA Film-coated Tablet,"EMTRICITABINE,ELVITEGRAVIR,COBICISTAT,TENOFOVIR ALAFENAMIDE",-,-,NCE,Prescription,PATHEON INC,Canada,Valid,11/27/2023,,
ROZLET 2.5 mg film-coated tablet,LETROZOLE,-,-,Generic,Prescription,EirGen Pharma,Ireland,Valid,2/10/2024,,
GEMCITABINE JAZEERA 40 mg/ml Lyophilisate For solution For infusion,GEMCITABINE,25,ml,Generic,Prescription,THYMOORGAN PHARMAZIE GMBH,Germany,Valid,9/2/2024,,
COLISTIN JPI Powder For Solution For Injection/Infusion,COLISTIMETHATE SODIUM,10,ml,Generic,Prescription,HIKMA ITALIA SPA,Italy,Valid,4/5/2023,,
ZIDRONIC 4 mg/5 ml Vial,ZOLEDRONIC ACID,5,ml,Generic,Prescription,Hikma Farmaceutica,Portugal,Valid,8/20/2023,,
FEMAPLEX 2.5 mg film-coated tablet,LETROZOLE,-,-,Generic,Prescription,GENEPHARM S.A.,Greece,Valid,10/3/2024,,
ZERBAXA Powder For Injection Vial,"Tazobactam,CEFTOLOZANE",-,-,NCE,Prescription,"STERI-PHARMA, LLC",United States,Valid,8/15/2023,,
PRALUENT 75 mg Prefilled Pen,ALIROCUMAB,1,ml,Biological,Prescription,Sanofi aventis Deutschland GmbH,Germany,Valid,9/19/2024,,
ELOCOM 0.1% OINTMENT,MOMETASONE FUROATE,30,g,NCE,Prescription,Organon Heist bv,Belgium,Valid,11/11/2024,,
DIPROSALIC OINTMENT,"SALICYLIC ACID,BETAMETHASONE DIPROPIONATE",30,g,NCE,Prescription,Organon Heist bv,Belgium,Valid,2/29/2024,,
GEMCITABINE JAZEERA 40 mg/ml Lyophilisate For solution For infusion,GEMCITABINE,5,ml,Generic,Prescription,THYMOORGAN PHARMAZIE GMBH,Germany,Valid,9/2/2024,,
ACETYLCYSTEINE 200mg/ml Injection,ACETYLCYSTEINE,10,ml,NCE,Prescription,DEMO S.A.,Greece,Valid,11/15/2023,,
OZURDEX 700 mcg Intravitreal Implant In Applicator,DEXAMETHASONE,-,-,NCE,Prescription,ALLERGAN PHARMACEUTICALS LTD,Ireland,Valid,8/21/2024,,
PRALUENT 75 mg Prefilled Syringe,ALIROCUMAB,1,ml,Biological,Prescription,SANOFI WINTHROP INDUSTRIE,France,Valid,8/29/2022,,
PRALUENT 75 mg Prefilled Syringe,ALIROCUMAB,1,ml,Biological,Prescription,SANOFI WINTHROP INDUSTRIE,France,Valid,8/29/2022,,
PRALUENT 150 mg Prefilled Syringe,ALIROCUMAB,1,ml,Biological,Prescription,SANOFI WINTHROP INDUSTRIE,France,Valid,8/29/2022,,
PRALUENT 150 mg Prefilled Syringe,ALIROCUMAB,1,ml,Biological,Prescription,SANOFI WINTHROP INDUSTRIE,France,Valid,8/29/2022,,
ELOCOM 0.1% CREAM,MOMETASONE FUROATE,30,g,NCE,Prescription,ORGANON HEIST BV,Belgium,Valid,11/11/2024,,
IRBEGEN PLUS 300/12.5 mg Film Coated Tablet,"IRBESARTAN,HYDROCHLOROTHIAZIDE",-,-,Generic,Prescription,GENEPHARM S.A.,Greece,Valid,11/10/2022,,
SPEDRA 200 mg Tablet,AVANAFIL,-,-,NCE,Prescription,SANOFI AVENTIS GROUP,France,Valid,4/5/2023,,
PANREST 20 mg Enteric Coated Tablet,PANTOPRAZOLE,-,-,Generic,Prescription,APOTEX INC. (SIGNET SITE),Canada,Valid,2/28/2024,,
PANREST 40 mg Enteric Coated Tablet,PANTOPRAZOLE,-,-,Generic,Prescription,APOTEX INC. (SIGNET SITE),Canada,Valid,2/28/2024,,
BINOCRIT 1000 I.U/0.5 ml Solution For Injection,EPOETIN ALFA,0.5,ml,Biological,Prescription,IDT Biologika GmbH,Germany,Valid,5/13/2024,,
BINOCRIT 4000 I.U/0.4 ml Solution For Injection,EPOETIN ALFA,0.4,ml,Biological,Prescription,IDT Biologika GmbH,Germany,Valid,5/13/2024,,
BINOCRIT 10000 I.U/1.0 ml Solution For Injection,EPOETIN ALFA,1,ml,Biological,Prescription,IDT Biologika GmbH,Germany,Valid,5/13/2024,,
BINOCRIT 30000 I.U/0.75 ml Solution For Injection,EPOETIN ALFA,0.75,ml,Biological,Prescription,IDT Biologika GmbH,Germany,Valid,5/13/2024,,
BINOCRIT 40000 I.U/1.0 ml Solution For Injection,EPOETIN ALFA,1,ml,Biological,Prescription,IDT Biologika GmbH,Germany,Valid,5/13/2024,,
DENACIF 300 mg Capsule,CEFDINIR,-,-,Generic,Prescription,Pharma International Co.,Jordan,Valid,5/5/2024,,
DENACIF 125 mg/5 ml Suspension,CEFDINIR,50,ml,Generic,Prescription,Pharma International Co.,Jordan,Valid,4/30/2023,,
DENACIF 125 mg/5 ml Suspension,CEFDINIR,100,ml,Generic,Prescription,Pharma International Co.,Jordan,Valid,5/5/2024,,
QUET 100 mg Film-coated Tablet,QUETIAPINE,-,-,Generic,Prescription,DEVA HOLDING A.S.,Turkey,Suspended,8/19/2024,,
QUET 200 mg Film-coated Tablet,QUETIAPINE,-,-,Generic,Prescription,DEVA HOLDING A.S.,Turkey,Suspended,8/19/2024,,
LUXAT 10mg Film Coated Tablet,MONTELUKAST SODIUM,-,-,Generic,Prescription,DEVA HOLDING A.S.,Turkey,Suspended,8/19/2024,,
ABILIFY MAINTENA 400 mg Powder And Solvent For Prolonged-Release,ARIPIPRAZOLE,-,-,NCE,Prescription,"OTSUKA PHARMACEUTICAL CO., LTD",Japan,Valid,2/1/2024,,
PAFINUR 10 mg Tablet,RUPATADINE FUMARATE,-,-,NCE,Prescription,Nocour Health S.A,Spain,Valid,8/19/2024,,
STEROFUNDIN ISO Solution For Infusion,"SODIUM CHLORIDE,POTASSIUM CHLORIDE, CALCIUM CHLORIDE,MAGNESIUM CHLORIDE,SODIUM ACETATE,MALIC ACID",500,ml,NCE,Prescription,B. BRAUN MELSUNGEN AG,Germany,Valid,6/12/2023,,
STEROFUNDIN ISO Solution For Infusion,"POTASSIUM CHLORIDE,SODIUM CHLORIDE, CALCIUM CHLORIDE,SODIUM ACETATE,MALIC ACID,MAGNESIUM CHLORIDE",1000,ml,NCE,Prescription,B. BRAUN MELSUNGEN AG,Germany,Valid,6/12/2023,,
SERCAND 200 mg film-coated tablet,QUETIAPINE,-,-,Generic,Prescription,APOTEX,Canada,Valid,5/15/2023,,
XYRIO 20 mg Tablet,TADALAFIL,-,-,Generic,Prescription,APOTEX,Canada,Valid,5/24/2023,,
ACYCLOVIR JPI 250 mg vial,ACYCLOVIR,10,ml,Generic,Prescription,Hikma Farmaceutica,Portugal,Valid,12/19/2023,,
ACYCLOVIR JPI 500 mg vial,ACYCLOVIR,20,ml,Generic,Prescription,Hikma Farmaceutica,Portugal,Valid,12/19/2023,,
SERCAND 100 mg film-coated tablet,QUETIAPINE,-,-,Generic,Prescription,APOTEX,Canada,Valid,5/15/2023,,
SERCAND 300 mg film-coated tablet,QUETIAPINE,-,-,Generic,Prescription,APOTEX,Canada,Valid,4/30/2023,,
SUPRANE LIQUID FOR INHALATION,DESFLURANE,240,ml,NCE,Prescription,BAXTER HEALTHCARE CORPORATION,Puerto Rico,Valid,9/7/2023,,
MIDIANA 3 mg/ 0.3 mg F.C.tablet,"DROSPINENONE,ETHINYLESTRADIOL",-,-,Generic,Prescription,GEDEON RICHTER PLC.,Hungary,Valid,3/30/2023,,
XYRIO 5 mg Tablet,TADALAFIL,-,-,Generic,Prescription,APOTEX,Canada,Valid,5/24/2023,,
DIFLUCAN 200 mg capsule,FLUCONAZOLE,-,-,NCE,Prescription,Fareva Amboise,France,Valid,8/3/2025,,
DIFLUCAN 50 mg capsule,FLUCONAZOLE,-,-,NCE,Prescription,Fareva Amboise,France,Valid,8/3/2025,,
DALACIN C 300MG CAPS,CLINDAMYCIN HYDROCHLORIDE,-,-,Generic,Prescription,Fareva Amboise,France,Valid,10/3/2023,,
DALACIN C 150 MG CAPS,CLINDAMYCIN HYDROCHLORIDE,-,-,NCE,Prescription,Fareva Amboise,France,Valid,10/3/2023,,
CAMPTO 100MG-5ML VIAL FOR I.V INFUSION,IRINOTECAN,-,-,NCE,Prescription,Zydus Hospira Oncology Private Limited ZHOPL ,India,Valid,4/23/2025,,
CLAZ MR 30 mg tablet,GLICLAZIDE,-,-,Generic,Prescription,APOTEX,Canada,Valid,8/29/2022,,
MYOZYME 50mg Powder For Concentrate For Solution For Infusion,ALGLUCOSIDASE ALFA,10,ml,Biological,Prescription,GENZYME IRELAND LIMITED,Ireland,Valid,2/28/2024,,
ALECENSA 150 Mg Capsule,ALECTINIB HYDROCHLORIDE,-,-,NCE,Prescription,EXCELLA GmbH & Co. KG,Germany,Valid,4/23/2025,,
ELORES 1.5 g Powder For Solution For Injection/Infusion,"CEFTRIAXONE,SULBACTAM",-,-,Generic,Prescription,VENUS REMEDIES LIMITED,India,Valid,6/12/2023,,
DIFLUCAN 150 mg capsule,FLUCONAZOLE,-,-,NCE,Prescription,Fareva Amboise,France,Valid,8/3/2025,,
LIVADOR 750MG F.C.TABLET,LEVOFLOXACIN,-,-,Generic,Prescription,DAR ALDAWA,Jordan,Valid,4/24/2025,,
PROLASTINE C 50MG/ML VIAL,ALPHA.1-PROTEINASE INHIBITOR HUMAN,1000,mg,Biological,Prescription,GRIFOLS THERAPEUTICS LLC,United States,Valid,4/23/2025,,
METOJECT 50 mg/ml solution for injection,METHOTREXATE,0.4,ml,NCE,Prescription,ONCOTEC PHARMA PRODUCTION GmbH,Germany,Valid,5/8/2025,,
NUMETA G16% E,"TRYPTOPHAN,ARGININE,PHENYLALANINE,REFINED OLIVE OIL (~80%) + REFINED SOYA OIL (~20%),METHIONINE,CALCIUM CHLORIDE DIHYDRATE,GLUTAMIC ACID,ASPARTIC ACID,TAURINE,SERINE,PROLINE,ISOLEUCINE5,HISTIDINE,CYSTEINE,POTASSIUM ACETATE,THREONINE,TYROSINE,ORNITHINE,GLYCINE,LYSINE,LEUCINE,SODIUM CHLORIDE,GLUCOSE,SODIUM GLYCEROPHOSPHATE HYDRATED,ALANINE,MAGNESIUM ACETATE TETRAHYDRATE,VALINE",500,ml,NCE,Prescription,Baxalta Belgium Manufacturing SA,Belgium,Valid,11/26/2024,,
OXYNORM 20MG/2ML AMPOULE,OXYCODONE HYDROCHLORIDE,2,ml,NCE,Prescription,Bard Pharmaceuticals Limited ,United Kingdom,Valid,5/16/2024,,
SEIZET 100 mg Chewable/Dispersible Tablet,LAMOTRIGINE,-,-,Generic,Prescription,UNITED PHARMACEUTICAL COMPANY,Jordan,Valid,1/19/2025,,
MAVEC 100MG F.C. TABLET,IMATINIB MESILATE,-,-,Generic,Prescription,Natco Pharma Limited,India,Valid,11/26/2024,,
DEXTROSE 5% USP INFUSION,DEXTROSE,500,ml,Generic,Prescription,QATAR PHARMA,Qatar,Valid,1/23/2024,,
VIAGRA 50 mg Orodispersible Tablet,SILDENAFIL,-,-,NCE,Prescription,Fareva Amboise,France,Valid,11/14/2024,,
MAVEC 400MG F.C. TABLET,IMATINIB MESILATE,-,-,Generic,Prescription,Natco Pharma Limited,India,Valid,11/26/2024,,
METOJECT 50 mg/ml solution for injection,METHOTREXATE,0.5,ml,NCE,Prescription,ONCOTEC PHARMA PRODUCTION GmbH,Germany,Valid,5/8/2025,,
TARGINACT 10MG/5MG PR TABLET,"OXYCODONE HYDROCHLORIDE,NALOXONE HYDROCHLORIDE",-,-,NCE,Prescription,Bard Pharmaceuticals Limited ,United Kingdom,Valid,5/16/2024,,
OBSOL 5 MG FILM COATED TABLET,BISOPROLOL FUMARATE,-,-,Generic,Prescription,UNITED PHARMACEUTICAL COMPANY,Jordan,Valid,1/19/2025,,
"TRELEGY ELLIPTA 100/62.5/25MCG Inhalation powder, pre-dispensed","FLUTICASONE FUROATE,UMECLIDINIUM BROMIDE,VILANTEROL",30,dose,NCE,Prescription,Glaxo Operations UK Ltd ,United Kingdom,Valid,2/10/2025,,
DEXT.5% +0.225% SOD.CHLORIDE INFUSION,"DEXTROSE,SODIUM CHLORIDE",500,ml,Generic,Prescription,QATAR PHARMA,Qatar,Valid,1/23/2024,,
GAMCET 0.4MG PROLONGED RELEASE F.C.TABLET,TAMSULOSIN HYDROCHLORIDE,-,-,Generic,Prescription,DAR ALDAWA,Jordan,Valid,4/24/2025,,
VIAGRA 50 mg Orodispersible Tablet,SILDENAFIL,-,-,NCE,Prescription,Fareva Amboise,France,Valid,11/14/2024,,
QUREX XL 1000 mg film-coated tablet,CIPROFLOXACIN,-,-,NCE,Prescription,DAR ALDAWA,Jordan,Valid,11/26/2024,,
LIVADOR 500 MG FILM COATED TABLET,LEVOFLOXACIN,-,-,Generic,Prescription,DAR ALDAWA,Jordan,Valid,4/24/2025,,
ROLITAC 5 mg Capsule,TACROLIMUS,-,-,Generic,Prescription,Sandoz Private Limited,India,Valid,5/13/2024,,
ROLITAC 0.5 mg Capsule,TACROLIMUS,-,-,Generic,Prescription,Sandoz Private Limited,India,Valid,5/13/2024,,
AXE BRAND UNIVERSAL OIL,COD LIVER OIL,5,ml,Generic,Prescription,LEUNG KAI FOOK,Singapore,Valid,1/23/2024,,
ROLITAC 1 mg Capsule,TACROLIMUS,-,-,Generic,Prescription,Sandoz Private Limited,India,Valid,5/13/2024,,
Xevaneer 300 mg capsule,CEFDINIR,-,-,Generic,Prescription,DAR ALDAWA,Jordan,Valid,2/17/2025,,
METOJECT 50 mg/ml solution for injection,METHOTREXATE,0.6,ml,NCE,Prescription,ONCOTEC PHARMA PRODUCTION GmbH,Germany,Valid,5/8/2025,,
TARGINACT 20MG/10MG PR TABLET,"OXYCODONE HYDROCHLORIDE,NALOXONE HYDROCHLORIDE",-,-,NCE,Prescription,Bard Pharmaceuticals Limited ,United Kingdom,Valid,5/16/2024,,
ANASTROZOLE 1MG F.C.TABLET,ANASTROZOLE,-,-,Generic,Prescription,LABORATORIOS CINFA SA,Spain,Valid,8/29/2022,,
ZYPREXA 5MG COATED TABLETS,OLANZAPINE,-,-,NCE,Prescription,Lilly S.A,Spain,Valid,5/28/2024,,
XEVANEER 125mg/5ml Powder For Oral Suspension,CEFDINIR,40,ml,Generic,Prescription,DAR ALDAWA,Jordan,Valid,4/24/2025,,
OBSOL 10 MG FILM COATED TABLET,BISOPROLOL FUMARATE,-,-,Generic,Prescription,UNITED PHARMACEUTICAL COMPANY,Jordan,Valid,1/19/2025,,
DEXT.5% +0.18% SOD.CHLORIDE INFUSION,"DEXTROSE,SODIUM CHLORIDE",500,ml,Generic,Prescription,QATAR PHARMA,Qatar,Valid,1/23/2024,,
REVCOX 200MG CAPSULE,CELECOXIB,-,-,Generic,Prescription,Novartis Pharmaceutical Manufacturing LLC,Slovenia,Valid,4/23/2025,,
FACTOR IX GRIFOLS 50IU/ML VIAL,COAGULATION FACTOR IX RECOMBINANT HUMAN,5,ml,Biological,Prescription,"Instituto Grifols, S.A. ",Spain,Valid,3/17/2025,,
TARGINACT 40MG/20MG PR TABLET,"OXYCODONE HYDROCHLORIDE,NALOXONE HYDROCHLORIDE",-,-,NCE,Prescription,Bard Pharmaceuticals Limited ,United Kingdom,Valid,5/16/2024,,
ZYPREXA 10MG F.C.TAB,OLANZAPINE,-,-,NCE,Prescription,Lilly S.A.,Spain,Valid,5/28/2024,,
XALTIN 5MG/ML CONC. FOR SOLUTION FOR INFUSION (10ml),OXALIPLATIN,10,ml,Generic,Prescription,INTAS PHARMACEUTICALS LIMITED,India,Valid,10/16/2024,,
REMIFENTANIL MEDIS 1 MG VIAL,REMIFENTANIL HYDROCHLORIDE,-,-,Generic,Prescription,LES LABORATOIRES MEDIS,Tunisia,Valid,4/24/2025,,
ANORO ELLIPTA,"UMECLIDINIUM BROMIDE,VILANTEROL",30,DF,NCE,Prescription,GLAXO OPERATION,United Kingdom,Valid,11/9/2022,,
RINGERS DEXTROSE INJECTION,"RINGER(S) SOLUTION,DEXTROSE",500,ml,Generic,Prescription,QATAR PHARMA,Qatar,Valid,1/23/2024,,
IMIGRAN 20 MG NASAL SPRAY,SUMATRIPTAN,-,-,NCE,Prescription,GLAXOSMITHKLINE (GSK),Italy,Valid,2/10/2025,,
HUMAN ALBUMIN 20% SOLUTION FOR INFUSION,ALBUMIN HUMAN,50,ml,Biological,Prescription,HUMAN BioPlazma LLC,Hungary,Valid,4/23/2025,,
WELLBUTRIN XL 300 EXTENDED RELEASE F.C.TABLET,BUPROPION HYDROCHLORIDE,-,-,NCE,Prescription,Bausch Health Companies Inc,Canada,Valid,7/13/2025,,
WELLBUTRIN XL 150 EXTENDED RELEASE F.C.TABLET,BUPROPION HYDROCHLORIDE,-,-,NCE,Prescription,Bausch Health Companies Inc,Canada,Valid,4/23/2025,,
VOLIBRIS 5 mg film-coated tablet,AMBRISENTAN,-,-,NCE,Prescription,PATHEON INC,Canada,Valid,6/17/2025,,
VOLIBRIS 10 mg film-coated tablet,AMBRISENTAN,-,-,NCE,Prescription,PATHEON INC,Canada,Valid,6/17/2025,,
RELVAR ELLIPTA,"FLUTICASONE FUROATE,VILANTEROL",30,DF,NCE,Prescription,GLAXO OPERATION,United Kingdom,Valid,11/21/2022,,
FACTOR IX GRIFOLS 50IU/ML VIAL,COAGULATION FACTOR IX RECOMBINANT HUMAN,10,ml,Biological,Prescription,"Instituto Grifols, S.A. ",Spain,Valid,3/17/2025,,
ALIMTA 500MG POWDER FOR SOLUTION FOR INFUSION,PEMETREXED,-,-,NCE,Prescription,ELI LILLY,United States,Valid,8/29/2022,,
OXALIPLATIN 5MG/ML  (20ml),OXALIPLATIN,20,ml,Generic,Prescription,INTAS PHARMACEUTICALS LIMITED,India,Valid,5/14/2025,,
RELVAR ELLIPTA 200/25 mcg inhalation powder,"FLUTICASONE FUROATE,VILANTEROL",30,DF,NCE,Prescription,GLAXO OPERATION,United Kingdom,Valid,11/21/2022,,
REMIFENTANIL MEDIS 5 MG VIAL,REMIFENTANIL HYDROCHLORIDE,-,-,Generic,Prescription,LES LABORATOIRES MEDIS,Tunisia,Valid,4/24/2025,,
VENTOLIN 0.5MG\ML INJ,SALBUTAMOL,1,ml,Generic,Prescription,GLAXOSMITHKLINE (GSK),Italy,Valid,2/17/2025,,
MABRON,TRAMADOL HYDROCHLORIDE,2,ml,Generic,Prescription,Medochemie (Ampoule Injectable Facility),Cyprus,Valid,4/24/2025,,
DEXTROSE 5% INJECTION,DEXTROSE,50,ml,Generic,Prescription,QATAR PHARMA,Qatar,Valid,1/23/2024,,
FUCITHALMIC VISCOUS EYE DROPS,FUSIDIC ACID,5,g,NCE,Prescription,Leo Laboratories Limited,Ireland,Valid,10/16/2024,,
PARACETAMOL PHARCO B 1% VIAL,PARACETAMOL,100,ml,Generic,Prescription,PHARCO B INTERNATIONAL ,Egypt,Valid,4/24/2025,,
WILATE 1000 IU Powder and Solvent for Solution for Injection,"HUMAN COAGULATION FACTOR VIII,HUMAN VON WILLEBRAND FACTOR",10,ml,Biological,Prescription,Octapharma Pharmazeutika Produktionsges.m.b.h,Austria,Valid,4/23/2025,,
DESCOVY 200MG/25MG F.C.TABLET,"EMTRICITABINE,TENOFOVIR ALAFENAMIDE",-,-,NCE,Prescription,PATHEON INC,Canada,Valid,6/4/2025,,
NUMETA G19% E,"ARGININE,LYSINE,ALANINE,ASPARTIC ACID,CYSTEINE,ISOLEUCINE5,GLUTAMIC ACID,THREONINE,GLYCINE,GLUCOSE,LEUCINE,SODIUM GLYCEROPHOSPHATE HYDRATED,CALCIUM CHLORIDE DIHYDRATE,SERINE,TAURINE,HISTIDINE,TRYPTOPHAN,TYROSINE,SODIUM CHLORIDE,ORNITHINE,PHENYLALANINE,METHIONINE,VALINE,REFINED OLIVE OIL (~80%) + REFINED SOYA OIL (~20%),POTASSIUM ACETATE,PROLINE,MAGNESIUM ACETATE TETRAHYDRATE",1000,ml,NCE,Prescription,Baxalta Belgium Manufacturing SA,Belgium,Valid,11/26/2024,,
DIOZAD,"VALSARTAN,HYDROCHLOROTHIAZIDE",-,-,Generic,Prescription,Macleods Pharmaceuticals Limited,India,Valid,1/21/2025,,
ALZAMED 5MG F.C.TABLET,DONEPEZIL HYDROCHLORIDE,-,-,Generic,Prescription,World Medicine İlaç San. ve Tic. A.Ş. ,Turkey,Valid,8/29/2022,,
KAPRON 500 mg/5ml Injection,TRANEXAMIC ACID,5,ml,Generic,Prescription, Amoun Pharmaceutical Company,Egypt,Valid,1/19/2025,,
CRESPINE GEL FOR INJECTION,HYALURONIC ACID,2,ml,Generic,Prescription,Biopolymer GmbH & Co. Kg,Germany,Valid,11/3/2022,,
HEXAXIM VACCINE,"TETANUS TOXOID,DIPHTHERIA TOXOID,PERTUSSIS TOXOID,Haemagglutinin,INACTIVATED POLIO VIRUS (IPV) TYPE 1,INACTIVATED POLIO VIRUS (IPV) TYPE 2,INACTIVATED POLIO VIRUS (IPV) TYPE 3,HEPATITIS B VIRUS HBSAG SURFACE ANTIGEN,HAEMOPHILUS INFLUENZAE TYPE B",0.5,ml,Biological,Prescription,SANOFI PASTEUR SA,France,Valid,6/19/2025,,
VIZOL 0.4% EYE DROPS,SODIUM HYALURONATE,10,ml,Generic,OTC,Jadran Galenski Laboratorij D.D. ,Croatia,Valid,8/29/2022,,
ETHIONAMIDE 250 MG FCT,ETHIONAMIDE,-,-,NCE,Prescription,Macleods Pharmaceuticals Ltd.,India,Valid,11/26/2024,,
MEDICURTAIN 10% GEL FOR INJECTION,"SODIUM HYALURONATE,HYDROXYETHYL STARCH",5,ml,Generic,Prescription,"Shin Poong Pharmaceutical co,Ltd ",KOREA,Valid,8/16/2023,,
LATUDA 40 MG F.C.TABLET,LURASIDONE,-,-,NCE,Prescription,Bushu Pharmaceuticals Ltd. ,Japan,Valid,8/29/2022,,
XEOMIN 50 U Vial,CLOSTRIDIUM BOTULINUM NEUROTOXIN A,-,-,Biological,Prescription,IDT Biologika GmbH,Germany,Valid,11/25/2024,,
CITAROX 200 mg VIAL,GEMCITABINE,10,ml,Generic,Prescription,S.C Sindan pharma SRL,Romania,Valid,7/28/2025,,
LETRASAN 2.5MG F.C.TABLET,LETROZOLE,-,-,Generic,Prescription,DEVA HOLDING A.S.,Turkey,Suspended,8/19/2024,,
ELNASO 0.05% NASAL SPRAY,MOMETASONE FUROATE,140,dose,Generic,Prescription,DROGSAN İlaçları Sanayi ve Ticaret A.Ş ,Turkey,Valid,6/19/2025,,
DESLORATADINE-GLENMARK 5MG TAB,DESLORATADINE,-,-,Generic,OTC,Glenmark Pharmaceuticals Limited - Baddi,India,Valid,2/20/2023,,
TORLEN 5 MG FILM-COATED TABLET,TADALAFIL,-,-,Generic,Prescription,Savvy Pharma,Jordan,Valid,6/25/2024,,
NEULASTIM 6MG-0.6ML PRE-FILLED SYRINGE,PEGFILGRASTIM,10,ml,NCE,Prescription,AMGEN MANUFACTURING LIMITED,United States,Valid,12/26/2023,,
NAVELA 1.5 MG TABLET,LEVONORGESTREL,-,-,NCE,OTC,"LABORATORIOS LEON FARMA, S.A.",Spain,Valid,10/16/2024,,
BESPONSA 0.9 mg Vial,INOTUZUMAB OZOGAMICIN,20,ml,Biological,Prescription,WYETH,United States,Valid,7/14/2025,,
APROVASC 150MG/5MG F.C.TABLET,"IRBESARTAN,AMLODIPINE BESILATE",-,-,NCE,Prescription,"sanofi-aventis de Mexico, S.A. de C.V.",Mexico,Valid,11/11/2024,,
IBICAR 250 MCG INHALATION,BECLOMETHASONE DIPROPIONATE,-,-,Generic,Prescription,Glenmark Pharmaceuticals Limited - Baddi,India,Valid,11/26/2024,,
ANADEX 1MG F.C.TABLET,ANASTROZOLE,-,-,Generic,Prescription,GENEPHARM S.A.,Greece,Valid,5/8/2025,,
LUPRON DEPOT 3.75MG-VIAL,LEUPRORELIN,-,-,NCE,Prescription,TAKEDA,Japan,Valid,8/21/2024,,
RESINCALCIO POWDER FOR SUSPENSION,CALCIUM POLYSTYRENE SULFONATE,400,g,Generic,Prescription,Laboratorios Rubió; S.A. ,Spain,Valid,8/29/2022,,
CARBAGLU 200MG DISPERSIBLE TABLETS,CARGLUMIC ACID,-,-,NCE,Prescription,Laboratoires BTT,France,Valid,10/26/2023,,
NUTRYELT CONC. FOR SOLUTION FOR INFUSION,"CHROMIUM CHLORIDE HEXAHYDRATE,SODIUM SELENITE PENTAHYDRATE,POTASSIUM IODIDE,SODIUM FLUORIDE,MANGANESE GLUCONATE,COPPER GLUCONATE,ZINC GLUCONATE,SODIUM MOLYBDATE,FERROUS GLUCONATE",10,ml,NCE,Prescription,LABORATOIRE AGUETTANT,France,Valid,11/26/2024,,
SYNTOCINON 5 IU injection,OXYTOCIN,1,ml,NCE,Prescription,Steriscience Sp. z.o.o,Poland,Valid,5/1/2024,,
SKINOREN 20% CREAM,AZELAIC ACID,30,g,NCE,Prescription,LEO Pharma Manufacturing Italy Srl,Italy,Valid,8/26/2024,,
KYTRIL 1MG TAB,GRANISETRON,-,-,NCE,Prescription,Delpharm Milano S.r.l,Italy,Valid,4/30/2024,,
BEMFOLA 75IU/0.125ML INJECTION,FOLLITROPIN ALFA,0.125,ml,Biological,Prescription,CP PHARMACEUTICAL LIMITED,United Kingdom,Valid,6/19/2025,,
VPRIV 40 U POWDER FOR SOLUTION FOR INFUSION,VELAGLUCERASE ALFA,-,-,NCE,Prescription,Cangene BioPharma Inc. (CBI) ,United States,Valid,5/15/2023,,
GEMZAR 200MG LYPH.VIAL 5ML,GEMCITABINE,10,ml,NCE,Prescription,Vianex S.A. – Plant C ,Greece,Valid,8/31/2022,,
PLAQUENIL 200MG TAB,HYDROXYCHLOROQUINE SULFATE,-,-,NCE,Prescription,SANOFI-SYNTHLABO LIMITED,United Kingdom,Valid,8/29/2022,,
ESIDREX TAB. 25 MG,HYDROCHLOROTHIAZIDE,-,-,NCE,Prescription,"Siegfried Barbera, S.L",Spain,Valid,9/14/2023,,
NEUROBION tablet,"PYRIDOXINE,THIAMINE,CYANOCOBALAMIN",-,-,NCE,OTC,P&G Health Austria GmbH & Co. OG,Austria,Valid,8/6/2023,,
ROBITUSSIN CF SYRUP,"GUAIFENESIN,PSEUDOEPHEDRINE HYDROCHLORIDE,DEXTROMETHORPHAN",118,ml,NCE,Prescription,FEREVA RICHMOND,United States,Valid,11/27/2022,,
IMATINIB GRINDEKS 100MG CAPSULE,IMATINIB MESILATE,-,-,Generic,Prescription,JOINT STOCK COMPANY GRINDEKS ,Latvia,Valid,8/29/2022,,
ACARIZAX 12SQ-HDM ORALLY LYOPHILISATE,"DERMATOPHAGOIDES FARINAE EXTRACT, DERMATOPHAGOIDES PTERONYSSINUS EXTRACT",-,-,Biological,Prescription,Catalent UK Swindon Zydis Ltd,United Kingdom,Valid,8/3/2025,,
VIDAZA 100 mg powder for suspension for injection,AZACITIDINE,-,-,NCE,Prescription,BAXTER ONCOLOGY,Germany,Valid,8/29/2022,,
GEMCITABINE GLENMARK 200MG VIAL,GEMCITABINE,10,ml,Generic,Prescription,GLENMARK GENERIC SA,Argentina,Valid,2/11/2025,,
TISSEEL Lyo Powder And Solvent For Sealant,"HUMAN FIBRINOGEN,APROTININ,HUMAN THROMBIN, CALCIUM CHLORIDE",2,ml,Biological,Prescription,TAKEDA MANUFACTURING AUSTRIA AG,Austria,Valid,4/23/2025,,
NOYADA 25MG/5ML ORAL SOLUTION,CAPTOPRIL,100,ml,NCE,Prescription,MACARTHYS LABORATORIES Ltd T/A MARTINDALE PHARMACEUTICALS,United Kingdom,Valid,7/9/2025,,
FACTOR IX GRIFOLS 50IU/ML VIAL,COAGULATION FACTOR IX RECOMBINANT HUMAN,20,ml,Biological,Prescription,"Instituto Grifols, S.A. ",Spain,Valid,3/17/2025,,
ONDANSETRON MEDIS 8MG F.C.TABLET,ONDANSETRON,-,-,Generic,Prescription,LES LABORATOIRES MEDIS,Tunisia,Valid,2/13/2025,,
DEXTROSE 5% INJECTION,DEXTROSE,100,ml,Generic,Prescription,QATAR PHARMA,Qatar,Valid,1/23/2024,,
NEO-MERCAZOLE 5MG TAB,CARBIMAZOLE,-,-,Generic,Prescription,Amdipharm Limited,Ireland,Valid,11/26/2024,,
PATANOL 0.1% OPHTHALMIC SOLUTION,OLOPATADINE,5,ml,NCE,Prescription,ALCON LABORATORIES,United States,Valid,1/30/2025,,
AMRI-K 10MG/1ML AMPOULES,PHYTOMENADIONE,1,ml,Generic,Prescription,ALAMRIAH FOR PHARMACEUTICALS INDUSTRIES,Egypt,Valid,11/26/2024,,
PATADAY 0.2% OPHTHALMIC SOLUTION,OLOPATADINE,2.5,ml,Generic,Prescription,ALCON LABORATORIES,United States,Valid,8/1/2022,,
NOYADA 5MG/5ML ORAL SOLUTION,CAPTOPRIL,100,ml,NCE,Prescription,MACARTHYS LABORATORIES Ltd T/A MARTINDALE PHARMACEUTICALS,United Kingdom,Valid,7/9/2025,,
FACTOR IX GRIFOLS 50IU/ML VIAL,COAGULATION FACTOR IX RECOMBINANT HUMAN,30,ml,Biological,Prescription,"Instituto Grifols, S.A. ",Spain,Valid,3/17/2025,,
FLORYL 50MG/ML SOL. FOR INJ./INFUSION,FLUOROURACIL,20,ml,Generic,Prescription,INTAS PHARMACEUTICALS LIMITED,India,Valid,8/21/2024,,
SILOMES 400 mg Tablet,AMISULPRIDE,-,-,Generic,Prescription,UNITED PHARMACEUTICAL COMPANY,Jordan,Valid,2/11/2025,,
DEXTROSE 5% INJECTION,DEXTROSE,250,ml,Generic,Prescription,QATAR PHARMA,Qatar,Valid,1/23/2024,,
CAFFEINE CITRATE 10 mg/ml Solution For Injection,CAFFEINE CITRATE,1,ml,NCE,Prescription,MACARTHYS LABORATORIES LIMITED T\A MARTINDALE PHARMA,United Kingdom,Valid,11/29/2023,,
EVISTA 60 MG F-C TABLETS,RALOXIFENE,-,-,NCE,Prescription,"LILLY DEL CARIBE, INC.",United States,Valid,5/16/2024,,
FLORYL 50MG/ML SOL. FOR INJ./INFUSION,FLUOROURACIL,10,ml,Generic,Prescription,INTAS PHARMACEUTICALS LIMITED,India,Valid,10/16/2024,,
LOXAMOX 250MG/50ML SOL. FOR IV INFUSION,LEVOFLOXACIN,50,ml,Generic,Prescription,MS Pharma ,Jordan,Valid,11/26/2024,,
HEPARINOL 5000 IU/ML INJECTION,HEPARIN SODIUM,5,ml,Generic,Prescription,AIN MEDICARE SDN. BHD. ,Malaysia,Valid,11/26/2024,,
Ondansetron Kabi 2 MG/ML SOL. FOR INJ,ONDANSETRON,2,ml,Generic,Prescription,"Labesfal Laboratorios Almiro S.A., Fresenius Kabi Group",Portugal,Valid,4/24/2025,,
DEXTROSE 5% INJECTION,DEXTROSE,500,ml,Generic,Prescription,QATAR PHARMA,Qatar,Valid,1/23/2024,,
SODIUM CHLORIDE 0.9% BP INFUSION,SODIUM CHLORIDE,50,ml,Generic,Prescription,QATAR PHARMA,Qatar,Valid,1/23/2024,,
CASPOFUNGIN 50MG VIAL,CASPOFUNGIN,-,-,Generic,Prescription,Gland Pharma Limited ,India,Valid,2/20/2023,,
LOXAMOX 500MG/100ML SOL. FOR INFUSION,LEVOFLOXACIN,100,ml,Generic,Prescription,MS Pharma ,Jordan,Valid,10/16/2024,,
DEXTROSE 5% INJECTION,DEXTROSE,1000,ml,Generic,Prescription,QATAR PHARMA,Qatar,Valid,1/23/2024,,
BEPANTHEN PLUS CREAM,"DEXPANTHENOL,Chlorhexidine ",30,g,NCE,OTC,GP GRENZACH,Germany,Valid,11/6/2022,,
AZELASTIN-COMOD 0.5 mg/ml EYE DROP,AZELASTINE,10,ml,Generic,Prescription,URSAPHARM Arzneimittel GmbH,Germany,Valid,11/26/2024,,
DUPIXENT 200 mg Solution for Injection in Pre-filled syringe,DUPILUMAB,1.14,ml,Biological,Prescription,SANOFI WINTHROP INDUSTRIE,France,Valid,4/27/2024,,
CASPOFUNGIN 70MG VIAL,CASPOFUNGIN,-,-,Generic,Prescription,Gland Pharma Limited ,India,Valid,2/20/2023,,
CYMBALTA 60MG HARD GASTRO-RESISTANT CAP,DULOXETINE,-,-,NCE,Prescription,"Lilly Del Caribe, Inc.",Puerto Rico,Valid,5/28/2024,,
BETOLINA 5MG/ML INJECTION,BUPIVACAINE,20,ml,Generic,Prescription,MS Pharma ,Jordan,Valid,2/11/2025,,
DEXTROSE 5% INJECTION,DEXTROSE,2000,ml,Generic,Prescription,QATAR PHARMA,Qatar,Valid,1/23/2024,,
CO-ANGINET,"VALSARTAN,HYDROCHLOROTHIAZIDE",-,-,Generic,Prescription,UNITED PHARMACEUTICAL COMPANY,Jordan,Valid,4/24/2025,,
SODIUM CHLORIDE 0.45% INF.,SODIUM CHLORIDE,500,ml,Generic,Prescription,QATAR PHARMA,Qatar,Valid,1/23/2024,,
CARTINUM 150 MG/15 ML,CARBOPLATIN,15,ml,Generic,Prescription,INTAS PHARMACEUTICALS LIMITED,India,Valid,2/17/2025,,
WATER FOR Injection*,WATER,500,ml,Generic,Prescription,QATAR PHARMA,Qatar,Valid,1/23/2024,,
AXE BRAND UNIVERSAL OIL,COD LIVER OIL,14,ml,Generic,Prescription,LEUNG KAI FOOK,Singapore,Valid,1/23/2024,,
CARTINUM 10 MG/ML VIAL,CARBOPLATIN,45,ml,Generic,Prescription,INTAS PHARMACEUTICALS LIMITED,India,Valid,2/17/2025,,
CO-ANGINET,"VALSARTAN,HYDROCHLOROTHIAZIDE",-,-,Generic,Prescription,UNITED PHARMACEUTICAL COMPANY,Jordan,Valid,4/24/2025,,
NAUSIDOM 10 mg Tablet,DOMPERIDONE,-,-,Generic,Prescription,NEOPHARMA,United Arab Emirates,Suspended,8/29/2022,,
LACTATED RINGERS INJ,LACTATED RINGER(S),500,ml,Generic,Prescription,QATAR PHARMA,Qatar,Valid,1/23/2024,,
CIFOGRU 2MG/ML VIAL,CIPROFLOXACIN,200,ml,Generic,Prescription,MS Pharma ,Jordan,Valid,8/21/2024,,
KEVZARA 150MG SOL. FOR INJ. IN PRE-FILLED SYRINGE,SARILUMAB,-,-,Biological,Prescription,SANOFI WINTHROP INDUSTRIE,France,Valid,4/30/2023,,
ODECON 150 mg Capsule,FLUCONAZOLE,-,-,Generic,Prescription,NEOPHARMA,United Arab Emirates,Suspended,8/29/2022,,
LACTATED RINGERS INJ.,LACTATED RINGER(S),500,ml,Generic,Prescription,QATAR PHARMA,Qatar,Valid,1/23/2024,,
HUMAN ALBUMIN 20% SOLUTION FOR INFUSION,ALBUMIN HUMAN,100,ml,Biological,Prescription,HUMAN BioPlazma LLC,Hungary,Valid,4/23/2025,,
NPLATE 250 MCG POWDER FOR SOLUTION FOR INJECTION,ROMIPLOSTIM,-,-,Biological,Prescription,Patheon Italia S.P.A.,Italy,Valid,8/22/2024,,
CIFOGRU 2MG/ML VIAL,CIPROFLOXACIN,100,ml,Generic,Prescription,MS Pharma ,Jordan,Valid,8/21/2024,,
KEVZARA 150MG SOL. FOR INJ. IN PRE - FILLED PEN,SARILUMAB,-,-,Biological,Prescription,SANOFI WINTHROP INDUSTRIE,France,Valid,4/30/2023,,
DEXTROSE 5% IN 0.225% SOD. CHLORIDE INF.,"DEXTROSE,SODIUM CHLORIDE",500,ml,Generic,Prescription,QATAR PHARMA,Qatar,Valid,1/23/2024,,
ADRENALINE 0.1MG/ML INJECTION,ADRENALINE,10,ml,Generic,Prescription,Macarthys Laboratories Ltd,United Kingdom,Valid,8/29/2022,,
WILATE 500 IU Powder and Solvent for Solution for Injection,"HUMAN COAGULATION FACTOR VIII,HUMAN VON WILLEBRAND FACTOR",5,ml,Biological,Prescription,Octapharma Pharmazeutika Produktionsges.m.b.h,Austria,Valid,3/11/2025,,
DESCOVY 200MG/10MG F.C.TABLET,"EMTRICITABINE,TENOFOVIR ALAFENAMIDE",-,-,NCE,Prescription,PATHEON INC,Canada,Valid,6/4/2025,,
DIOZAD,"VALSARTAN,HYDROCHLOROTHIAZIDE",-,-,Generic,Prescription,Macleods Pharmaceuticals Limited,India,Valid,1/21/2025,,
ALZAMED 5MG F.C.TABLET,DONEPEZIL HYDROCHLORIDE,-,-,Generic,Prescription,World Medicine İlaç San. ve Tic. A.Ş. ,Turkey,Valid,8/29/2022,,
VIZOL 0.21% EYE DROPS,SODIUM HYALURONATE,10,ml,Generic,OTC,Jadran Galenski Laboratorij D.D. ,Croatia,Valid,8/29/2022,,
ISONIAZID 300MG TABLET,ISONIAZID,-,-,NCE,Prescription,Macleods Pharmaceuticals Ltd.,India,Valid,1/30/2025,,
LATUDA 80 MG F.C.TABLET,LURASIDONE,-,-,NCE,Prescription,Bushu Pharmaceuticals Ltd. ,Japan,Valid,8/29/2022,,
XEOMIN 100 U Vial,CLOSTRIDIUM BOTULINUM NEUROTOXIN A,-,-,Biological,Prescription,IDT Biologika GmbH,Germany,Valid,11/25/2024,,
DOCADEX 20 mg/ml Injection,DOCETAXEL,1,ml,Generic,Prescription,S.C Sindan pharma SRL,Romania,Valid,7/28/2025,,
IMATIS 100MG F.C.TABLET,IMATINIB MESILATE,-,-,Generic,Prescription,DEVA HOLDING A.S.,Turkey,Suspended,8/19/2024,,
ROVASTA,ROSUVASTATIN,-,-,Generic,Prescription,Medochemie Ltd (Central Factory) ,Cyprus,Valid,3/21/2025,,
TORLEN 20 MG FILM-COATED TABLET,TADALAFIL,-,-,Generic,Prescription,Savvy Pharma,Jordan,Valid,6/25/2024,,
BACLOFEN INTRATHECAL SINTETICA 0.05MG/ML INJECTION,BACLOFEN,1,ml,NCE,Prescription,Sintetica SA ,Switzerland,Valid,8/29/2022,,
CYBELLE FILM COATED TABLET,"DESOGESTREL,ETHINYLESTRADIOL",-,-,Generic,Prescription,"LABORATORORIOS LEON PHARMA, S.A ",Spain,Valid,4/24/2025,,
APROVASC 150MG/10MG F.C.TABLET,"IRBESARTAN,AMLODIPINE BESILATE",-,-,NCE,Prescription,"sanofi-aventis de Mexico, S.A. de C.V.",Mexico,Valid,11/11/2024,,
MOMATE NASAL SPRAY,MOMETASONE FUROATE,120,dose,Generic,Prescription,Glenmark Pharmaceuticals Limited - Baddi,India,Valid,11/26/2024,,
KYTRIL 1MG-ML AMP,GRANISETRON,1,ml,NCE,Prescription,CENEXI,France,Valid,9/27/2023,,
BEMFOLA 150IU/0.25ML INJECTION,FOLLITROPIN ALFA,0.25,ml,Biological,Prescription,CP PHARMACEUTICAL LIMITED,United Kingdom,Valid,6/19/2025,,
PROZAC 20MG CAPSULES,FLUOXETINE,-,-,NCE,Prescription,PATHEON FRANCE,France,Valid,6/10/2024,,
NEUROBION tablet,"PYRIDOXINE,THIAMINE,CYANOCOBALAMIN",-,-,NCE,OTC,P&G Health Austria GmbH & Co. OG,Austria,Valid,8/6/2023,,
IMNOVID 1 mg capsule,POMALIDOMIDE,-,-,NCE,Prescription,CELGENE INTERNATIONAL,Switzerland,Valid,2/27/2024,,
GEMCITABINE GLENMARK 1000MG VIAL,GEMCITABINE,50,ml,Generic,Prescription,GLENMARK GENERIC SA,Argentina,Valid,2/11/2025,,
TISSEEL Lyo Powder And Solvent For Sealant,"HUMAN FIBRINOGEN, HUMAN THROMBIN,APROTININ,HUMAN THROMBIN, CALCIUM CHLORIDE",4,ml,Biological,Prescription,TAKEDA MANUFACTURING AUSTRIA AG,Austria,Valid,11/5/2023,,
PLAXOTRIN 5 MG/ML CONCENTRATE FOR SOLUTION FOR INFUSION (20 ml),OXALIPLATIN,20,ml,Generic,Prescription,GENEPHARM S.A.,Greece,Valid,8/31/2022,,
ACCEPT 250MG CAPSULE,MYCOPHENOLATE MOFETIL,-,-,Generic,Prescription,INTAS PHARMACEUTICALS LIMITED,India,Valid,4/24/2025,,
D-Seul 5000 I.U SOFT GELATIN CAPSULE,COLECALCIFEROL,-,-,NCE,Prescription,UNITED PHARMACEUTICAL COMPANY,Jordan,Valid,10/3/2024,,
KEVZARA 200MG SOL. FOR INJ. IN PRE-FILLED SYRINGE,SARILUMAB,-,-,Biological,Prescription,SANOFI WINTHROP INDUSTRIE,France,Valid,4/30/2023,,
DEXT 5%+0.45% SOD.CHLORIDE INF.,"DEXTROSE,SODIUM CHLORIDE",500,ml,Generic,Prescription,QATAR PHARMA,Qatar,Valid,1/23/2024,,
SABRIL 500MG F.C.TAB,VIGABATRIN,-,-,NCE,Prescription,sanofi-aventis,France,Valid,4/23/2025,,
PLAXOTRIN 5 MG/ML CONCENTRATE FOR SOLUTION FOR INFUSION (10ml),OXALIPLATIN,10,ml,Generic,Prescription,GENEPHARM S.A.,Greece,Valid,8/31/2022,,
DOCETAXEL ACCORD 20 mg/ml Vial,DOCETAXEL,1,ml,Generic,Prescription,INTAS PHARMACEUTICALS LIMITED,India,Valid,4/24/2025,,
D-Seul 2000 I.U SOFT GELATIN CAPSULE,COLECALCIFEROL,-,-,NCE,Prescription,UNITED PHARMACEUTICAL COMPANY,Jordan,Valid,10/16/2024,,
KEVZARA 200MG SOL. FOR INJ. IN PRE - FILLED PEN,SARILUMAB,-,-,Biological,Prescription,SANOFI WINTHROP INDUSTRIE,France,Valid,4/30/2023,,
DORAVIT 1.25MG/ML I.V. INJECTION,DROPERIDOL,2,ml,NCE,Prescription,HIKMA ITALIA SPA,Italy,Valid,8/21/2024,,
DEXT 5%+0.45% SOD.CHLORIDE INF.,"DEXTROSE,SODIUM CHLORIDE",500,ml,Generic,Prescription,QATAR PHARMA,Qatar,Valid,1/23/2024,,
DEPAKINE CHRONO 500MG TABS,VALPROATE SODIUM,-,-,Generic,Prescription,sanofi-aventis,France,Valid,8/29/2022,,
ELAPRASE 2 mg/ml concentrate for solution for infusion,IDURSULFASE,3,ml,NCE,Prescription,Cangene BioPharma Inc. (CBI) ,United States,Valid,6/27/2024,,
Ozempic,SEMAGLUTIDE,3,ml,Biological,Prescription,NOVO NORDISK,Denmark,Valid,1/9/2025,,
Ozempic,SEMAGLUTIDE,1.5,ml,Biological,Prescription,Novo Nordisk Bagsvaerd,Denmark,Valid,1/9/2025,,
Ozempic,SEMAGLUTIDE,1.5,ml,Biological,Prescription,Novo Nordisk Bagsvaerd,Denmark,Valid,1/9/2025,,
DOCETAXEL ACCORD 20 mg/ml Vial,DOCETAXEL,4,ml,Generic,Prescription,INTAS PHARMACEUTICALS LIMITED,India,Valid,4/24/2025,,
D-Seul 2000 I.U ORAL SOLUTION DROPS,COLECALCIFEROL,10,ml,NCE,Prescription,UNITED PHARMACEUTICAL COMPANY,Jordan,Valid,1/30/2025,,
B COR 5 MG FILM COATED TABLET,BISOPROLOL FUMARATE,-,-,Generic,Prescription,Jordan Sweden Medical and Sterilization Co.,Jordan,Valid,11/26/2024,,
HEPARINOL 1000 IU/ML INJECTION,HEPARIN SODIUM,5,ml,Generic,Prescription,AIN MEDICARE SDN. BHD. ,Malaysia,Valid,10/16/2024,,
Ondansetron Kabi 2 MG/ML SOL. FOR INJ,ONDANSETRON,4,ml,Generic,Prescription,"Labesfal Laboratorios Almiro S.A., Fresenius Kabi Group",Portugal,Valid,4/24/2025,,
DEXTROSE 5% + 0.9% SOD.CHLORIDE INF.,"DEXTROSE,SODIUM CHLORIDE",500,ml,Generic,Prescription,QATAR PHARMA,Qatar,Valid,1/23/2024,,
SODIUM CHLORIDE 0.9% BP INFUSION,SODIUM CHLORIDE,100,ml,Generic,Prescription,QATAR PHARMA,Qatar,Valid,1/23/2024,,
DEVARIN 20 MG F.C.TABLET,VARDENAFIL,-,-,Generic,Prescription,LABORATORIOS CINFA SA,Spain,Valid,8/29/2022,,
DOCETAXEL ACCORD 20 mg/ml Vial,DOCETAXEL,8,ml,Generic,Prescription,INTAS PHARMACEUTICALS LIMITED,India,Valid,4/24/2025,,
D-Seul 10000 SOFT GELATIN CAPSULE,COLECALCIFEROL,-,-,NCE,Prescription,UNITED PHARMACEUTICAL COMPANY,Jordan,Valid,10/16/2024,,
DEXTROSE 5% + 0.9% SOD.CHLORIDE INF.,"DEXTROSE,SODIUM CHLORIDE",250,ml,Generic,Prescription,QATAR PHARMA,Qatar,Valid,1/23/2024,,
CLEXANE 60MG\0.6ML PREFILLED SYRINGE,ENOXAPARIN SODIUM,0.6,ml,Biological,Prescription,SANOFI WINTHROP INDUSTRIE,France,Valid,5/19/2025,,
IMIPENEM-CILASTATIN LABATEC 500/500 VIAL,"CILASTATIN,IMIPENEM",20,ml,Generic,Prescription,ACS DOBFAR S.P.A,Italy,Valid,10/16/2024,,
CARDURA 1 mg tablet,DOXAZOSIN,-,-,NCE,Prescription,Pfizer Manufacturing Deutschland GmbH,Germany,Valid,9/15/2024,,
DEVARIN 10 MG F.C.TABLET,VARDENAFIL,-,-,Generic,Prescription,LABORATORIOS CINFA SA,Spain,Valid,8/29/2022,,
D-Seul 50000 SOFT GELATIN CAPSULE,COLECALCIFEROL,-,-,Generic,Prescription,UNITED PHARMACEUTICAL COMPANY,Jordan,Valid,10/16/2024,,
CRESEMBA 200MG VIAL,ISAVUCONAZONIUM SULFATE,-,-,NCE,Prescription,"Baxter Pharmaceutical Solutions, LLC ",United States,Valid,4/23/2025,,
CRESEMBA 100MG CAPSULE,ISAVUCONAZONIUM SULFATE,-,-,NCE,Prescription,SwissCo Services AG ,Switzerland,Valid,4/23/2025,,
DEXTROSE 5% + 0.9% SOD.CHLORIDE INF.,"DEXTROSE,SODIUM CHLORIDE",500,ml,Generic,Prescription,QATAR PHARMA,Qatar,Valid,1/23/2024,,
MABTHERA 119.4 MG SOLUTION FOR SUBCUTANEOUS INJECTION,RITUXIMAB,13.4,ml,Biological,Prescription,F. Hoffmann-La Roche Ltd.,Switzerland,Valid,8/29/2022,,
SCLERA 120 MG CAPSULE,Dimethyl Fumarate,-,-,Generic,Prescription,Hikma Pharmaceuticals PLC,Jordan,Valid,8/21/2024,,
CLEXANE 20MG\0.2ML PREFILLED SYRINGE,ENOXAPARIN SODIUM,0.2,ml,Biological,Prescription,sanofi-aventis,France,Valid,11/23/2023,,
RENIS 12.5 MG CAPSULE,SUNITINIB,-,-,Generic,Prescription,The Arab Pharmaceutical Manufacturing PSC (Sahab) Co Ltd ,Jordan,Valid,8/21/2024,,
NEAUVIA Organic Intense,HYALURONIC ACID,1,ml,Generic,Prescription,MATEX LAB Spa,Italy,Valid,2/20/2023,,
RENIS 25 MG CAPSULE,SUNITINIB,-,-,Generic,Prescription,The Arab Pharmaceutical Manufacturing PSC (Sahab) Co Ltd ,Jordan,Valid,8/21/2024,,
CARDURA 2 mg tablet,DOXAZOSIN,-,-,NCE,Prescription,Pfizer Manufacturing Deutschland GmbH,Germany,Valid,11/14/2024,,
MENVEO VACCINE,"MENINGOCOCCAL GROUP A (NEISSERIA MENINGITIDIS) POLYSACCHARIDE VACCINE,MENINGOCOCCAL GROUP C (NEISSERIA MENINGITIDIS) POLYSACCHARIDE,MENINGOCOCCAL GROUP W (NEISSERIA MENINGITIDIS) POLYSACCHARIDE,MENINGOCOCCAL GROUP Y (NEISSERIA MENINGITIDIS) POLYSACCHARIDE",0.5,ml,Biological,Prescription,GSK Vaccines Srl,Italy,Valid,3/13/2025,,
COXICEL 200 MG HARD CAPSULE ,CELECOXIB,-,-,Generic,Prescription,LABORATORIOS CINFA SA,Spain,Valid,2/17/2025,,
Cisplatin 1 mg/ml VIAL,CISPLATIN,50,ml,Generic,Prescription,INTAS PHARMACEUTICALS LIMITED,India,Valid,2/17/2025,,
SCLERA 240 MG CAPSULE,Dimethyl Fumarate,-,-,Generic,Prescription,Hikma Pharmaceuticals PLC,Jordan,Valid,8/21/2024,,
DEXTROSE 5% + 0.18% SOD.CHLORIDE INF.,"DEXTROSE,SODIUM CHLORIDE",500,ml,Generic,Prescription,QATAR PHARMA,Qatar,Valid,1/23/2024,,
CORTIMENT MMX 9 MG PROLONGED RELEASE TABLET,BUDESONIDE,-,-,NCE,Prescription,Cosmo S.P.A ,Italy,Valid,8/21/2024,,
COXICEL 200 MG HARD CAPSULE ,CELECOXIB,-,-,Generic,Prescription,LABORATORIOS CINFA SA,Spain,Valid,2/17/2025,,
EZEACT PLUS 40MG/12.5MG TABLET,"AZILSARTAN MEDOXOMIL,CHLORTHALIDONE",-,-,NCE,Prescription,"Takeda Pharmaceutical Company Limited, Osaka Plant ",Japan,Valid,7/9/2025,,
RINGER'S & 5% DEXTROSE INJ.,"RINGER(S) SOLUTION,DEXTROSE",500,ml,Generic,Prescription,QATAR PHARMA,Qatar,Valid,1/23/2024,,
VIPDOMET 12.5 mg/1000 mg TABLETS,"METFORMIN HYDROCHLORIDE,ALOGLIPTIN",-,-,NCE,Prescription,Arab Pharmaceutical Manufacturing,Jordan,Valid,4/5/2023,,
FLUARIX TETRA Suspension for Injection in Pre-filled Syringe," MONOVALENT INACTIVATED SPILIT VIRION AH 1N1,MONOVALENT INACTIVATED SPILIT VIRION AH 3N2,MONOVALENT INACTIVATED SPILIT VIRION B STRAIN VICTORIA LINEAGE,MONOVALENT INACTIVATED SPILIT VIRION B STRAIN YAMAGATE LINEAGE",0.5,ml,Biological,Prescription,GLAXOSMITHKLINE (GSK),Germany,Valid,11/29/2022,,
BELARA 0.03MG/2MG F.C.TABLET,"CHLORMADINONE,ETHINYLESTRADIOL",-,-,NCE,Prescription,GEDEON RICHTER PLC.,Hungary,Valid,6/19/2025,,
VIPDOMET 12.5 mg/500 mg TABLETS,"METFORMIN HYDROCHLORIDE,ALOGLIPTIN",-,-,NCE,Prescription,Arab Pharmaceutical Manufacturing,Jordan,Valid,5/8/2025,,
INCRESYNC 25/45 mg Tablet,"ALOGLIPTIN,PIOGLITAZONE",-,-,NCE,Prescription,TAKEDA PHARMACEUTICAL COMPANY LIMITED,Japan,Valid,5/2/2023,,
INCRESYNC 25/15 mg Tablet,"ALOGLIPTIN,PIOGLITAZONE",-,-,NCE,Prescription,Arab Pharmaceutical Manufacturing,Jordan,Valid,3/10/2024,,
AXE BRAND UNIVERSAL OIL,COD LIVER OIL,5,ml,Generic,Prescription,LEUNG KAI FOOK,Singapore,Valid,1/23/2024,,
INCRESYNC 25/30 mg Tablet,"ALOGLIPTIN,PIOGLITAZONE",-,-,NCE,Prescription,Arab Pharmaceutical Manufacturing,Jordan,Valid,3/10/2024,,
PENTASA XTEND 2 GM SACHET,MESALAZINE,-,-,Generic,Prescription,FERRING,Switzerland,Valid,7/9/2025,,
COXICEL 200 MG HARD CAPSULE ,CELECOXIB,-,-,Generic,Prescription,LABORATORIOS CINFA SA,Spain,Valid,2/17/2025,,
ONDRON 2MG/ML AMPOULE,ONDANSETRON,4,ml,Generic,Prescription,INTAS PHARMACEUTICALS LIMITED,India,Valid,8/29/2022,,
EZEACT PLUS 40MG/25MG TABLET,"AZILSARTAN MEDOXOMIL,CHLORTHALIDONE",-,-,NCE,Prescription,"Takeda Pharmaceutical Company Limited, Osaka Plant ",Japan,Valid,7/9/2025,,
SOTIRA 5MG CAPSULE,LENALIDOMIDE,-,-,Generic,Prescription,The Arab Pharmaceutical Manufacturing PSC (Sahab) Co Ltd ,Jordan,Valid,4/23/2025,,
SOTIRA 10MG CAPSULE,LENALIDOMIDE,-,-,Generic,Prescription,The Arab Pharmaceutical Manufacturing PSC (Sahab) Co Ltd ,Jordan,Valid,4/23/2025,,
GLUCOSE 10% INF.,GLUCOSE,500,ml,Generic,Prescription,QATAR PHARMA,Qatar,Valid,1/23/2024,,
SOTIRA 15MG CAPSULE,LENALIDOMIDE,-,-,Generic,Prescription,The Arab Pharmaceutical Manufacturing PSC (Sahab) Co Ltd ,Jordan,Valid,4/23/2025,,
BUFOMIX 160/4.5MCG EASYHALER,"BUDESONIDE,FORMTEROL",120,DF,Generic,Prescription,"Orion Corporation, Orion Pharma",Finland,Valid,6/3/2025,,
BUFOMIX 320/9MCG EASYHALER,"BUDESONIDE,FORMOTEROL FUMARATE",60,DF,Generic,Prescription,"Orion Corporation, Orion Pharma",Finland,Valid,4/24/2025,,
VIPIDIA 12.5 mg film-coated tablet,ALOGLIPTIN,-,-,NCE,Prescription,The Arab Pharmaceutical Manufacturing PSC Sult,Jordan,Valid,4/5/2023,,
VIPIDIA 25 mg film-coated tablet,ALOGLIPTIN,-,-,NCE,Prescription,The Arab Pharmaceutical Manufacturing PSC Sult,Jordan,Valid,4/5/2023,,
EDARBYCLOR 40 MG/12.5 MG TABLET,"AZILSARTAN MEDOXOMIL,CHLORTHALIDONE",-,-,NCE,Prescription,The Arab Pharmaceutical Manufacturing PSC Sult,Jordan,Valid,9/14/2023,,
CO-OLMEPRESS 40 mg/12.5 mg F.C. Tablet,"OLMESARTAN MEDOXOMIL,HYDROCHLOROTHIAZIDE",-,-,Generic,Prescription,LABORATORIOS CINFA SA,Spain,Valid,2/13/2025,,
ONDRON 2MG/ML AMPOULE,ONDANSETRON,2,ml,Generic,Prescription,INTAS PHARMACEUTICALS LIMITED,India,Valid,8/29/2022,,
EDARBYCLOR 40 MG/25 MG TABLET,"AZILSARTAN MEDOXOMIL,CHLORTHALIDONE",-,-,NCE,Prescription,The Arab Pharmaceutical Manufacturing PSC Sult,Jordan,Valid,9/14/2023,,
LAYAL 5 mg film-coated tablet,LEVOCETIRIZINE DIHYDROCHLORIDE,-,-,Generic,OTC,Jordan Sweden Medical and Sterilization Co.,Jordan,Valid,11/26/2024,,
CYERO 25/15 mg Tablet,"ALOGLIPTIN,PIOGLITAZONE",-,-,NCE,Prescription,"Takeda Pharmaceutical Company Limited, Osaka Plant ",Japan,Valid,6/19/2025,,
STRATTERA 10MG CAPSULES,ATOMOXETINE HYDROCHLORIDE,-,-,NCE,Prescription,"LILLY DEL CARIBE, INC.",United States,Valid,6/19/2025,,
EDARBI 40 mg tablet,AZILSARTAN MEDOXOMIL,-,-,NCE,Prescription,Arab Pharmaceutical Manufacturing,Jordan,Valid,8/29/2022,,
EDARBI 80 mg tablet,AZILSARTAN MEDOXOMIL,-,-,NCE,Prescription,Arab Pharmaceutical Manufacturing,Jordan,Valid,8/1/2022,,
GLUCOSE 10% INF.,GLUCOSE,500,ml,Generic,Prescription,QATAR PHARMA,Qatar,Valid,1/23/2024,,
HYALUBRIX 1.5% SOLUTION FOR  INTRA-ARTICULAR INJECTION,HYALURONIC ACID,-,-,Generic,Prescription,Fidia Farmaceutici S.p.A.,Italy,Valid,4/30/2023,,
PONIZEX 40MG VIAL,PANTOPRAZOLE,-,-,Generic,Prescription,MS Pharma ,Jordan,Valid,4/24/2025,,
CYERO 25/30 mg Tablet,"ALOGLIPTIN,PIOGLITAZONE",-,-,NCE,Prescription,"Takeda Pharmaceutical Company Limited, Osaka Plant ",Japan,Valid,6/19/2025,,
RINGER'S INJECTION,RINGER(S) SOLUTION,500,ml,Generic,Prescription,QATAR PHARMA,Qatar,Valid,1/23/2024,,
CIMZIA 200 mg Solution for Injection,CERTOLIZUMAB PEGOL,1,ml,Biological,Prescription,Vetter Pharma-Fertigung GmbH & Co.KG,Germany,Valid,6/17/2025,,
HEMOSOL B0 SOLUTION FOR HAEMODIALYSIS," CALCIUM CHLORIDE,SODIUM CHLORIDE,LACTIC ACID,SODIUM HYDROGEN CARBONATE,MAGNESIUM CHLORIDE",5,l,NCE,Prescription,Bieffe Medital S.p.A,Italy,Valid,11/26/2024,,
VEMLIDY 25MG F.C.TABLET,TENOFOVIR ALAFENAMIDE,-,-,NCE,Prescription,PATHEON INC,Canada,Valid,4/1/2025,,
DIOZAD,"VALSARTAN,HYDROCHLOROTHIAZIDE",-,-,Generic,Prescription,Macleods Pharmaceuticals Limited,India,Valid,1/21/2025,,
CORREX 90MG F.C.TABLET,Etoricoxib,-,-,Generic,Prescription,Al-Taqaddom pharmaceutical Industries ,Jordan,Valid,2/11/2025,,
ISONIAZID 100MG TABLET,ISONIAZID,-,-,Generic,Prescription,Macleods Pharmaceuticals Ltd.,India,Valid,1/30/2025,,
LATUDA 20 MG F.C.TABLET,LURASIDONE,-,-,NCE,Prescription,Bushu Pharmaceuticals Ltd. ,Japan,Valid,8/29/2022,,
XOROLA 2.5MG F.C.TABLET,LETROZOLE,-,-,Generic,Prescription,Sindan pharma SRL ,Romania,Valid,7/28/2025,,
CAVERTA 50 MG F.C.TABLET,SILDENAFIL,-,-,Generic,Prescription,Sun Pharmaceutical Industries Limited ,India,Valid,5/21/2024,,
MONOCLOX 500 mg VIAL,CLOXACILLIN,-,-,Generic,Prescription,MEDOCHEMIE LTD (FACTORY B),Cyprus,Valid,4/24/2025,,
LUTTAGEN 0.075MG/0.03MG TABLET,"ETHINYLESTRADIOL,GESTODENE",-,-,Generic,Prescription,"LABORATORIOS LEON FARMA, S.A.",Spain,Valid,4/24/2025,,
APROVASC 300MG/5MG F.C.TABLET,"IRBESARTAN,AMLODIPINE BESILATE",-,-,NCE,Prescription,"sanofi-aventis de Mexico, S.A. de C.V.",Mexico,Valid,11/11/2024,,
CARBAGLU 200MG DISPERSIBLE TABLETS,CARGLUMIC ACID,-,-,NCE,Prescription,Laboratoires BTT,France,Valid,10/26/2023,,
Vislube GEL,SODIUM HYALURONATE,-,-,Generic,OTC,Holopack Verpackungstechnik GmbH,Germany,Valid,9/3/2024,,
TRAVOCORT CREAM,"DIFLUCORTOLONE VALERATE,ISOCONAZOLE NITRATE",20,g,NCE,Prescription,LEO Pharma Manufacturing Italy Srl,Italy,Valid,5/7/2023,,
BEMFOLA 225IU/0.375ML INJECTION,FOLLITROPIN ALFA,0.375,ml,Biological,Prescription,CP PHARMACEUTICAL LIMITED,United Kingdom,Valid,6/19/2025,,
MENOPUR 75 IU POWDER FOR SOLUTION FOR INJECTION,MENOTROPHIN,1,ml,NCE,Prescription,Ferring GmbH,Germany,Valid,2/10/2025,,
IMNOVID 4 mg capsule,POMALIDOMIDE,-,-,NCE,Prescription,CELGENE INTERNATIONAL,Switzerland,Valid,2/27/2024,,
TISSEEL Lyo Powder And Solvent For Sealant,"HUMAN FIBRINOGEN,APROTININ,HUMAN THROMBIN,CALCIUM CHLORIDE",10,ml,Biological,Prescription,TAKEDA MANUFACTURING AUSTRIA AG,Austria,Valid,11/5/2023,,
CO-OLMEPRESS 40 mg/25 mg F.C. Tablet,"OLMESARTAN MEDOXOMIL,HYDROCHLOROTHIAZIDE",-,-,Generic,Prescription,LABORATORIOS CINFA SA,Spain,Valid,2/13/2025,,
TRIX 200 mg Capsule,FENOFIBRATE,-,-,Generic,Prescription,Jordan Sweden Medical and Sterilization Co.,Jordan,Valid,2/11/2025,,
ZYTERO PLUS 12.5 mg/ 500 mg Film Coated Tablet,"METFORMIN HYDROCHLORIDE,ALOGLIPTIN",-,-,NCE,Prescription,"Takeda Pharmaceutical Company Limited, Osaka Plant ",Japan,Valid,11/19/2022,,
RINGER'S INJECTION,RINGER(S) SOLUTION,500,ml,Generic,Prescription,QATAR PHARMA,Qatar,Valid,1/23/2024,,
CLARISCAN 0.5MMOL/ML SOL. FOR INJECTION,GADOTERIC ACID,10,ml,Generic,Prescription,GE Healthcare AS,Norway,Valid,8/31/2022,,
PENTASA 4GM PROLONGED RELEASE GRANULES IN SACHET,MESALAZINE,-,-,NCE,Prescription,FERRING,Switzerland,Valid,4/23/2025,,
QUZAL 25 mg Tablets,QUETIAPINE,-,-,Generic,Prescription,Jordan Sweden Medical and Sterilization Co.,Jordan,Valid,2/13/2025,,
ZYTERO PLUS 12.5 mg/ 1000 mg Film Coated Tablet,"METFORMIN HYDROCHLORIDE,ALOGLIPTIN",-,-,NCE,Prescription,"Takeda Pharmaceutical Company Limited, Osaka Plant ",Japan,Valid,11/19/2022,,
25% W/V DEXTROSE INTRAVENOUS INFUSION USP (500ML PE BOTTLE),DEXTROSE,500,ml,Generic,Prescription,QATAR PHARMA,Qatar,Valid,1/23/2024,,
DIPROLENE 0.05% OINT,BETAMETHASONE DIPROPIONATE,30,g,Generic,Prescription,Organon Heist bv,Belgium,Valid,2/28/2024,,
CLARISCAN 0.5MMOL/ML SOL. FOR INJECTION,GADOTERIC ACID,15,ml,Generic,Prescription,GE Healthcare AS,Norway,Valid,8/31/2022,,
HAIRAL 2% TOPICAL SOLUTION,MINOXIDIL,50,ml,Generic,OTC,JERASH PHARMACEUTICALS LIMITED COMPANY,Jordan,Valid,4/24/2025,,
VELTASSA 25.2G SACHET,PATIROMER SORBITEX CALCIUM,-,-,NCE,Prescription,Patheon Inc.,Canada,Valid,10/6/2024,,
CANDEZA 8 mg Tablet,CANDESARTAN CILEXETIL,-,-,Generic,Prescription,"Bluepharma - Industria Farmaceutica, S.A.",Portugal,Valid,7/9/2025,,
25% W/V DEXTROSE INTRAVENOUS INFUSION USP (250ML PP BAG),DEXTROSE,250,ml,Generic,Prescription,QATAR PHARMA,Qatar,Valid,1/23/2024,,
CANDEZA 16 mg Tablet,CANDESARTAN CILEXETIL,-,-,Generic,Prescription,"Bluepharma - Industria Farmaceutica, S.A.",Portugal,Valid,7/9/2025,,
NIMBEX 2MG\ML SOLUTION FOR INJ,CISATRACURIUM,2.5,ml,NCE,Prescription,GLAXOSMITHKLINE (GSK),Italy,Valid,3/6/2025,,
CEBO 200 MG CAPSULE,CELECOXIB,-,-,Generic,Prescription,Atlantic Pharma ,Portugal,Valid,8/21/2024,,
CANDEZA 16/12.5 mg TABLETS,"CANDESARTAN CILEXETIL,HYDROCHLOROTHIAZIDE",-,-,Generic,Prescription,"Bluepharma - Industria Farmaceutica, S.A.",Portugal,Valid,7/9/2025,,
SODIUM CHLORIDE 0.9% BP INFUSION,SODIUM CHLORIDE,250,ml,Generic,Prescription,QATAR PHARMA,Qatar,Valid,1/23/2024,,
CANDEZA 8/12.5 mg TABLETS,"CANDESARTAN CILEXETIL,HYDROCHLOROTHIAZIDE",-,-,Generic,Prescription,"Bluepharma - Industria Farmaceutica, S.A.",Portugal,Valid,7/9/2025,,
CLARISCAN 0.5MMOL/ML SOL. FOR INJECTION,GADOTERIC ACID,20,ml,Generic,Prescription,GE Healthcare AS,Norway,Valid,8/31/2022,,
QUZAL 100 mg Tablets,QUETIAPINE,-,-,Generic,Prescription,Jordan Sweden Medical and Sterilization Co.,Jordan,Valid,2/13/2025,,
25% W/V DEXTROSE INTRAVENOUS INFUSION USP (500ML PP BAG),DEXTROSE,500,ml,Generic,Prescription,QATAR PHARMA,Qatar,Valid,1/23/2024,,
PADO 20MG FILM COATED TABLET,PAROXETINE,-,-,Generic,Prescription,UNITED PHARMACEUTICAL COMPANY,Jordan,Valid,4/24/2025,,
25% W/V DEXTROSE INTRAVENOUS INFUSION USP (1000ML PP BAG),DEXTROSE,1000,ml,Generic,Prescription,QATAR PHARMA,Qatar,Valid,1/23/2024,,
Rinvoq ,UPADACITINIB,-,-,NCE,Prescription,AbbVie Ireland,Ireland,Valid,7/23/2024,,
QUZAL 200 mg Tablets,QUETIAPINE,-,-,Generic,Prescription,Jordan Sweden Medical and Sterilization Co.,Jordan,Valid,2/13/2025,,
50% W/V DEXTROSE INTRAVENOUS INFUSION USP (500ML PE BOTTLE),DEXTROSE,500,ml,Generic,Prescription,QATAR PHARMA,Qatar,Valid,1/23/2024,,
ALVANCO 500MG POW. FOR INFUSION,VANCOMYCIN,-,-,Generic,Prescription,"Sofarimex Indústria Química e Farmacêutica, S.A.. ",Portugal,Valid,8/21/2024,,
ALVANCO 1000MG POW. FOR INFUSION,VANCOMYCIN,-,-,Generic,Prescription,"Sofarimex Indústria Química e Farmacêutica, S.A.. ",Portugal,Valid,8/21/2024,,
EZORA 40 MG GASTRO-RESISTANT HARD CAPSULES (14S),ESOMEPRAZOLE SODIUM,-,-,Generic,Prescription,TOWA PHARMACEUTICAL EUROPE S L,Spain,Valid,10/16/2024,,
EZORA 40 MG GASTRO-RESISTANT HARD CAPSULES (28S),ESOMEPRAZOLE SODIUM,-,-,Generic,Prescription,TOWA PHARMACEUTICAL EUROPE S L,Spain,Valid,10/16/2024,,
EZORA 20 MG GASTRO-RESISTANT HARD CAPSULES (14S),ESOMEPRAZOLE SODIUM,-,-,Generic,OTC,TOWA PHARMACEUTICAL EUROPE S L,Spain,Valid,10/16/2024,,
EZORA 20 MG GASTRO-RESISTANT HARD CAPSULES (28S),ESOMEPRAZOLE SODIUM,-,-,Generic,Prescription,TOWA PHARMACEUTICAL EUROPE S L,Spain,Valid,10/16/2024,,
50% W/V DEXTROSE INTRAVENOUS INFUSION USP (250ML PP BAG),DEXTROSE,250,ml,Generic,Prescription,QATAR PHARMA,Qatar,Valid,1/23/2024,,
Imesta 500 mg/500 mg Powder For IV Infusion (10S),"CILASTATIN,IMIPENEM",-,-,Generic,Prescription,ACS Dobfar S.p.A.,Italy,Valid,11/1/2022,,
Imesta 500 mg/500 mg Powder For IV Infusion (1Vial),"CILASTATIN,IMIPENEM",-,-,Generic,Prescription,ACS Dobfar S.p.A.,Italy,Valid,11/1/2022,,
Pneumovax 23 Pneumococcal Vaccine Polyvalent,"PNEUMOCOCCAL (STREPTOCOCCUS PNEUMONIAE) POLYSACCHARIDE (SEROTYPE 1, 2, 3, 4, 5, 6B, 7F, 8, 9N, 9V, 10A, 11A, 12F, 14, 15B, 17F, 18C, 19A, 19F, 20, 22F, 23F, 33F) ",0.5,ml,Biological,Prescription,MERCK SHARP AND DOHME LLC,United States,Valid,11/25/2024,,
IMUTIN 100 MG CAPSULE,IMATINIB MESILATE,-,-,Generic,Prescription,ADAMED Pharma S.A ,Poland,Valid,4/24/2025,,
IMUTIN 400 MG CAPSULE,IMATINIB MESILATE,-,-,Generic,Prescription,ADAMED Pharma S.A ,Poland,Valid,4/24/2025,,
FUNGISKA 50 mg Vial,CASPOFUNGIN,-,-,Generic,Prescription,MEFAR ILAC SANAYII A.S.,Turkey,Suspended,11/13/2022,,
AXE BRAND UNIVERSAL OIL,COD LIVER OIL,3,ml,Generic,Prescription,LEUNG KAI FOOK,Singapore,Valid,1/23/2024,,
FUNGISKA 70 mg Vial,CASPOFUNGIN,-,-,Generic,Prescription,MEFAR ILAC SANAYII A.S.,Turkey,Suspended,11/13/2022,,
CELLONA 500 mg F.C.TAB,MYCOPHENOLATE MOFETIL,-,-,Generic,Prescription,Kocak Farma İlac Ve Kimya Sanayi A.S.,Turkey,Valid,2/10/2025,,
EMIFLOC 500 mg Film-coated Tablet,LEVOFLOXACIN,-,-,Generic,Prescription,GLOBAL PHARMA,United Arab Emirates,Valid,4/24/2025,,
50% W/V DEXTROSE INTRAVENOUS INFUSION USP (500ML PP BAG),DEXTROSE,500,ml,Generic,Prescription,QATAR PHARMA,Qatar,Valid,1/23/2024,,
DEBROMU 40MG F.C.TABLET,OTILONIUM BROMIDE,-,-,NCE,Prescription,Berlin-Chemie AG ,Germany,Valid,6/19/2025,,
OLFEN PATCHES,DICLOFENAC SODIUM,-,-,Generic,OTC,Teika Pharmaceutical Co Ltd,Japan,Valid,11/26/2024,,
EZOLOC 25 MG TABLET,EXEMESTANE,-,-,Generic,Prescription,EirGen Pharma,Ireland,Valid,6/6/2024,,
EMIFLOC 500 mg Film-coated Tablet,LEVOFLOXACIN,-,-,Generic,Prescription,GLOBAL PHARMA,United Arab Emirates,Valid,4/24/2025,,
QUZAL 300 mg Tablets,QUETIAPINE,-,-,Generic,Prescription,Jordan Sweden Medical and Sterilization Co.,Jordan,Valid,2/13/2025,,
STRATTERA 18MG CAPSULES,ATOMOXETINE HYDROCHLORIDE,-,-,NCE,Prescription,"LILLY DEL CARIBE, INC.",United States,Valid,1/30/2025,,
50% W/V DEXTROSE INTRAVENOUS INFUSION USP (1000ML PP BAG),DEXTROSE,1000,ml,Generic,Prescription,QATAR PHARMA,Qatar,Valid,1/23/2024,,
GLOFEL 20 mg Film-coated Tablet,TADALAFIL,-,-,Generic,Prescription,GLOBAL PHARMA,United Arab Emirates,Valid,4/24/2025,,
QUZAL 400 mg Tablets,QUETIAPINE,-,-,Generic,Prescription,Jordan Sweden Medical and Sterilization Co.,Jordan,Valid,2/13/2025,,
0.9% W/V SODIUM CHLORIDE IRRIGATION USP (250ML PP BAG),SODIUM CHLORIDE,250,ml,Generic,Prescription,QATAR PHARMA,Qatar,Valid,1/23/2024,,
NIMBEX 5MG\ML INJ,CISATRACURIUM,30,ml,NCE,Prescription,GLAXOSMITHKLINE (GSK),Italy,Valid,3/6/2025,,
BRIVIACT 50MG F.C.TABLET,BRIVARACETAM,-,-,NCE,Prescription,UCB Pharma S.A. ,Belgium,Valid,6/24/2025,,
DIOZAD,"VALSARTAN,HYDROCHLOROTHIAZIDE",-,-,Generic,Prescription,Macleods Pharmaceuticals Limited,India,Valid,1/21/2025,,
CORREX 120MG F.C.TABLET,Etoricoxib,-,-,Generic,Prescription,Al-Taqaddom pharmaceutical Industries ,Jordan,Valid,2/11/2025,,
ACIDOXAX 4MG VIAL,ZOLEDRONIC ACID,5,ml,Generic,Prescription,Actavis Italy SpA ,Italy,Valid,7/28/2025,,
CAVERTA 100MG F.C.TABLET,SILDENAFIL,-,-,Generic,Prescription,Sun Pharmaceutical Industries Limited ,India,Valid,5/21/2024,,
DIAPHAGE 1 G SR TABLET,METFORMIN HYDROCHLORIDE,-,-,Generic,Prescription,UNITED PHARMACEUTICAL COMPANY,Jordan,Valid,8/29/2022,,
Ravildo 3.125 mg F.C Tablets,CARVEDILOL,-,-,Generic,Prescription,UNITED PHARMACEUTICAL COMPANY,Jordan,Valid,3/16/2023,,
CISPLATIN 1MG-1ML VIAL,CISPLATIN,50,ml,Generic,Prescription,HOSPIRA AUSTRALIA ,Australia,Valid,10/16/2024,,
APROVASC 300MG/10MG F.C.TABLET,"IRBESARTAN,AMLODIPINE BESILATE",-,-,NCE,Prescription,"sanofi-aventis de Mexico, S.A. de C.V.",Mexico,Valid,11/11/2024,,
COMBIWAVE,"FLUTICASONE PROPIONATE,SALMETEROL",120,DF,Generic,Prescription,Glenmark Pharmaceuticals Limited - Baddi,India,Valid,4/24/2025,,
ADVANTAN 0.1% SKIN OINTMENT,METHYLPREDNISOLONE,20,g,NCE,Prescription,LEO Pharma Manufacturing Italy Srl,Italy,Valid,8/29/2022,,
BEMFOLA 300IU/0.5ML INJECTION,FOLLITROPIN ALFA,0.5,ml,Biological,Prescription,CP PHARMACEUTICAL LIMITED,United Kingdom,Valid,6/19/2025,,
IMNOVID 3 mg capsule,POMALIDOMIDE,-,-,NCE,Prescription,CELGENE INTERNATIONAL,Switzerland,Valid,2/27/2024,,
GLOFEL 20 mg Film-coated Tablet,TADALAFIL,-,-,Generic,Prescription,GLOBAL PHARMA,United Arab Emirates,Valid,4/24/2025,,
QUZAL 400 mg Tablets,QUETIAPINE,-,-,Generic,Prescription,Jordan Sweden Medical and Sterilization Co.,Jordan,Valid,2/13/2025,,
0.9% W/V SODIUM CHLORIDE IRRIGATION USP (500ML PP BAG),SODIUM CHLORIDE,500,ml,Generic,Prescription,QATAR PHARMA,Qatar,Valid,1/23/2024,,
MOTILONE 10MG F.C.TABLET,DOMPERIDONE,-,-,Generic,Prescription,NATIONAL PHARMACEUTICAL INDUSTRIES CO,Oman,Valid,6/19/2025,,
GLOFEL 20 mg Film-coated Tablet,TADALAFIL,-,-,Generic,Prescription,GLOBAL PHARMA,United Arab Emirates,Valid,4/24/2025,,
RESPAL ORAL SOLUTION,RISPERIDONE,100,ml,Generic,Prescription,Jordan Sweden Medical and Sterilization Co.,Jordan,Valid,4/23/2025,,
ARCOXIA 120MG TAB,Etoricoxib,-,-,NCE,Prescription,Rovi Pharma Industrial Service,Spain,Valid,4/23/2025,,
0.9% W/V SODIUM CHLORIDE IRRIGATION USP (1000ML PP BAG),SODIUM CHLORIDE,1000,ml,Generic,Prescription,QATAR PHARMA,Qatar,Valid,1/23/2024,,
DUPHASTON 10 MG TAB,DYDROGESTERONE,-,-,NCE,Prescription,ABBOTT BIOLOGICALS,Netherlands,Valid,8/1/2022,,
HAIRAL 5% TOPICAL SOLUTION,MINOXIDIL,50,ml,Generic,OTC,JERASH PHARMACEUTICALS LIMITED COMPANY,Jordan,Valid,6/19/2025,,
0.9% W/V SODIUM CHLORIDE IRRIGATION USP (2000ML PP BAG),SODIUM CHLORIDE,2000,ml,Generic,Prescription,QATAR PHARMA,Qatar,Valid,1/23/2024,,
SODIUM CHLORIDE 0.9% BP INFUSION,SODIUM CHLORIDE,500,ml,Generic,Prescription,QATAR PHARMA,Qatar,Valid,1/23/2024,,
EDYST 20 MG F.C.TABLET,TADALAFIL,-,-,Generic,Prescription,UNITED PHARMACEUTICAL COMPANY,Jordan,Valid,6/19/2025,,
MOXIQUIN 400MG TABLET,MOXIFLOXACIN HYDROCHLORIDE,-,-,Generic,Prescription,OMAN PHARMACEUTICAL PRODUCTS,Oman,Valid,2/10/2025,,
0.225% W/V SODIUM CHLORIDE (1/4 NORMAL SALINE) INTRAVENOUS INFUSION BP (500ML BOTTLE),SODIUM CHLORIDE,500,ml,Generic,Prescription,QATAR PHARMA,Qatar,Valid,1/23/2024,,
ZYROSA 10MG F.C.TABLET,ROSUVASTATIN,-,-,Generic,Prescription,OMAN PHARMACEUTICAL PRODUCTS,Oman,Valid,2/11/2025,,
WATER FOR IRRIGATION USP (250ML PP BAG),WATER,250,ml,Generic,Prescription,QATAR PHARMA,Qatar,Valid,1/23/2024,,
RUATINE 20MG CAPSULE,ISOTRETINOIN,-,-,Generic,Prescription,UNITED PHARMACEUTICAL COMPANY,Jordan,Valid,6/19/2025,,
ZYROSA 20MG F.C.TABLET,ROSUVASTATIN,-,-,Generic,Prescription,OMAN PHARMACEUTICAL PRODUCTS,Oman,Valid,2/11/2025,,
WATER FOR IRRIGATION USP (500ML PP BAG),WATER,500,ml,Generic,Prescription,QATAR PHARMA,Qatar,Valid,1/23/2024,,
MOXIDAD CAPSULES 250MG,AMOXICILLIN,-,-,Generic,Prescription,DAR ALDAWA,Jordan,Valid,2/13/2025,,
VIVAZAC PLUS 300MG/25MG F.C.TABLET,"IRBESARTAN,HYDROCHLOROTHIAZIDE",-,-,Generic,Prescription,UNITED PHARMACEUTICAL COMPANY,Jordan,Valid,11/10/2022,,
WATER FOR IRRIGATION USP (1000ML PP BAG),WATER,1000,ml,Generic,Prescription,QATAR PHARMA,Qatar,Valid,1/23/2024,,
GOLD MEDAL MEDICATED OIL,"CAMPHOR,METHYL SALICYLATE",3,ml,Generic,OTC,LEUNG KAI FOOK,Singapore,Valid,1/23/2024,,
VIVAZAC PLUS 300MG/12.5MG F.C.TABLET,"IRBESARTAN,HYDROCHLOROTHIAZIDE",-,-,Generic,Prescription,UNITED PHARMACEUTICAL COMPANY,Jordan,Valid,11/10/2022,,
WATER FOR IRRIGATION USP (2000ML PP BAG),WATER,2000,ml,Generic,Prescription,QATAR PHARMA,Qatar,Valid,1/23/2024,,
MARCAINE INJ 0.5%,BUPIVACAINE,20,ml,NCE,Prescription,AstraZeneca AB,Sweden,Valid,3/6/2025,,
VIVAZAC PLUS 150MG/12.5MG F.C.TABLET,"IRBESARTAN,HYDROCHLOROTHIAZIDE",-,-,Generic,Prescription,UNITED PHARMACEUTICAL COMPANY,Jordan,Valid,11/10/2022,,
STRATTERA 25MG CAPSULES,ATOMOXETINE HYDROCHLORIDE,-,-,NCE,Prescription,"LILLY DEL CARIBE, INC.",United States,Valid,1/30/2025,,
DEXTROSE 5%+0.225%SODIUM CHLORIDE,"DEXTROSE,SODIUM CHLORIDE",250,ml,Generic,Prescription,QATAR PHARMA,Qatar,Valid,1/23/2024,,
VIVAZAC 300MG F.C.TABLET,IRBESARTAN,-,-,Generic,Prescription,UNITED PHARMACEUTICAL COMPANY,Jordan,Valid,8/29/2022,,
5% DEXTROSE AND 0.18% SODIUM CHLORIDE USP,"DEXTROSE,SODIUM CHLORIDE",250,ml,Generic,Prescription,QATAR PHARMA,Qatar,Valid,1/23/2024,,
BRIVIACT 25MG F.C.TABLET,BRIVARACETAM,-,-,NCE,Prescription,UCB Pharma S.A. ,Belgium,Valid,6/24/2025,,
SAFLUTAN 15MCG/ML EYE DROPS,TAFLUPROST,3,ml,NCE,Prescription,Laboratoire Unither,France,Valid,3/15/2024,,
DIOZAD,"VALSARTAN,HYDROCHLOROTHIAZIDE",-,-,Generic,Prescription,Macleods Pharmaceuticals Limited,India,Valid,1/21/2025,,
GLEPTAL 50MG TABLET,VILDAGLIPTIN,-,-,Generic,Prescription,Al-Taqaddom pharmaceutical Industries ,Jordan,Valid,2/11/2025,,
DOXORUBICIN 2 MG/ML SOLUTION FOR INFUSION,DOXORUBICIN HYDROCHLORIDE,5,ml,Generic,Prescription,INTAS PHARMACEUTICALS LIMITED,India,Valid,8/29/2022,,
VIVAZAC 150MG F.C.TABLET,IRBESARTAN,-,-,Generic,Prescription,UNITED PHARMACEUTICAL COMPANY,Jordan,Valid,8/29/2022,,
Ravildo 6. 25 mg F.C Tablets,CARVEDILOL,-,-,Generic,Prescription,UNITED PHARMACEUTICAL COMPANY,Jordan,Valid,10/16/2024,,
VINCRISTIN SULPH. 1MG-ML VIAL,VINCRISTINE,1,ml,Generic,Prescription,HOSPIRA AUSTRALIA ,Australia,Valid,12/27/2022,,
COMBIWAVE,"FLUTICASONE PROPIONATE,SALMETEROL",120,DF,Generic,Prescription,Glenmark Pharmaceuticals Limited - Baddi,India,Valid,4/24/2025,,
ADVANTAN 0.1% SKIN CREAM,METHYLPREDNISOLONE,20,g,NCE,Prescription,LEO Pharma Manufacturing Italy Srl,Italy,Valid,8/29/2022,,
BEMFOLA 450IU/0.75ML INJECTION,FOLLITROPIN ALFA,0.75,ml,Biological,Prescription,CP PHARMACEUTICAL LIMITED,United Kingdom,Valid,6/19/2025,,
IMNOVID 2 mg capsule,POMALIDOMIDE,-,-,NCE,Prescription,CELGENE INTERNATIONAL,Switzerland,Valid,2/27/2024,,
5% DEXTROSE AND 0.45% SODIUM CHLORIDE USP,"DEXTROSE,SODIUM CHLORIDE",250,ml,Generic,Prescription,QATAR PHARMA,Qatar,Valid,1/23/2024,,
10% MANNITOL INTRAVENOUS INFUSION BP,MANNITOL,500,ml,Generic,Prescription,QATAR PHARMA,Qatar,Valid,1/23/2024,,
0.5% METRONIDAZOLE INJECTION USP,METRONIDAZOLE,100,ml,Generic,Prescription,QATAR PHARMA,Qatar,Valid,1/23/2024,,
NAROPIN 10MG-ML AMP,ROPIVACAINE,20,ml,NCE,Prescription,AstraZeneca,Sweden,Valid,3/6/2025,,
SODIUM CHLORIDE 0.9% BP INFUSION,SODIUM CHLORIDE,500,ml,Generic,Prescription,QATAR PHARMA,Qatar,Valid,1/23/2024,,
1.5% GLYCINE IRRIGATION USP,GLYCINE,2000,ml,Generic,Prescription,QATAR PHARMA,Qatar,Valid,1/23/2024,,
4.3% DEXTROSE AND 0.18% SODIUM CHLORIDE USP,"DEXTROSE,SODIUM CHLORIDE",500,ml,Generic,Prescription,QATAR PHARMA,Qatar,Valid,1/23/2024,,
10% DEXTROSE AND 0.18% SODIUM CHLORIDE USP,"DEXTROSE,SODIUM CHLORIDE",250,ml,Generic,Prescription,QATAR PHARMA,Qatar,Valid,1/23/2024,,
MOXIDAD FORTE,AMOXICILLIN,-,-,Generic,Prescription,DAR ALDAWA,Jordan,Valid,2/13/2025,,
10% DEXTROSE AND 0.18% SODIUM CHLORIDE USP,"DEXTROSE,SODIUM CHLORIDE",500,ml,Generic,Prescription,QATAR PHARMA,Qatar,Valid,1/23/2024,,
10% DEXTROSE AND 0.225% SODIUM CHLORIDE USP,"DEXTROSE,SODIUM CHLORIDE",250,ml,Generic,Prescription,QATAR PHARMA,Qatar,Valid,1/23/2024,,
ZALDIAR,"TRAMADOL HYDROCHLORIDE,PARACETAMOL",-,-,NCE,Prescription,FARMACEUTICI FORMENTI,Italy,Valid,9/7/2023,,
STRATTERA 40MG CAPSULES,ATOMOXETINE HYDROCHLORIDE,-,-,NCE,Prescription,"LILLY DEL CARIBE, INC.",United States,Valid,1/30/2025,,
10% DEXTROSE AND 0.225% SODIUM CHLORIDE USP,"DEXTROSE,SODIUM CHLORIDE",500,ml,Generic,Prescription,QATAR PHARMA,Qatar,Valid,1/23/2024,,
10% DEXTROSE AND 0.45% SODIUM CHLORIDE USP,"DEXTROSE,SODIUM CHLORIDE",250,ml,Generic,Prescription,QATAR PHARMA,Qatar,Valid,1/23/2024,,
BRIVIACT 10MG F.C.TABLET,BRIVARACETAM,-,-,NCE,Prescription,UCB Pharma S.A. ,Belgium,Valid,6/24/2025,,
DOXORUBICIN 2MG/ML SOLUTION FOR INFUSION,DOXORUBICIN HYDROCHLORIDE,25,ml,Generic,Prescription,INTAS PHARMACEUTICALS LIMITED,India,Valid,8/29/2022,,
Ravildo 12.5 mg F.C Tablets,CARVEDILOL,-,-,Generic,Prescription,UNITED PHARMACEUTICAL COMPANY,Jordan,Valid,10/16/2024,,
VINCRISTIN SULPH. 1MG-ML VIAL,VINCRISTINE,2,ml,Generic,Prescription,HOSPIRA AUSTRALIA ,Australia,Valid,12/27/2022,,
COMBIWAVE,"FLUTICASONE PROPIONATE,SALMETEROL",120,DF,Generic,Prescription,Glenmark Pharmaceuticals Limited - Baddi,India,Valid,4/24/2025,,
10% DEXTROSE AND 0.45% SODIUM CHLORIDE USP,"DEXTROSE,SODIUM CHLORIDE",500,ml,Generic,Prescription,QATAR PHARMA,Qatar,Valid,1/23/2024,,
10% DEXTROSE AND 0.9% SODIUM CHLORIDE USP,"DEXTROSE,SODIUM CHLORIDE",500,ml,Generic,Prescription,QATAR PHARMA,Qatar,Valid,1/23/2024,,
MUCOSOLVAN  30MG-5ML ORAL LIQUID,AMBROXOL HYDROCHLORIDE,250,ml,Generic,OTC,DELPHARM REIMS S.A.S,France,Valid,6/18/2025,,
SODIUM CHLORIDE 23.4% INTRAVENOUS INFUSION,SODIUM CHLORIDE,50,ml,Generic,Prescription,QATAR PHARMA,Qatar,Valid,1/23/2024,,
SODIUM CHLORIDE 0.9% BP INFUSION,SODIUM CHLORIDE,1000,ml,Generic,Prescription,QATAR PHARMA,Qatar,Valid,1/23/2024,,
SPASMOLYT 20 MG COATED TABLETS,TROSPIUM,-,-,NCE,Prescription,Rottapharm|Madaus Group,Germany,Valid,3/17/2025,,
DULCOLAX 5MG ENTERIC COATED TABLET,BISACODYL,-,-,NCE,OTC,DELPHARM REIMS S.A.S,France,Valid,5/29/2025,,
XOFIGO 1100 kBq/ml Solution for Injection,RADIUM RA-223 DICHLORIDE,6,ml,Radiopharmaceutical,Prescription,INSTITUTE FOR ENERGY TECHNOLOGY (IFE),Norway,Valid,8/31/2022,,
VOSEVI 400MG/100MG/100MG F.C.TABLET,"SOFOSBUVIR,VELPATASVIR,VOXILAPREVIR",-,-,NCE,Prescription,GILEAD SCIENCES IRELAND UC,Ireland,Valid,4/23/2025,,
PERITONEAL DIALYSIS SOLUTION WITH 2.27% DEXTROSE,PERITONEAL DIALYSIS SOLUTION,2000,ml,Generic,Prescription,QATAR PHARMA,Qatar,Valid,1/23/2024,,
PERITONEAL DIALYSIS SOLUTION WITH 3.86% DEXTROSE,PERITONEAL DIALYSIS SOLUTION,2000,ml,Generic,Prescription,QATAR PHARMA,Qatar,Valid,1/23/2024,,
ENBREL 50MG PRE-FILLED PEN,ETANERCEPT,-,-,Biological,Prescription,Pfizer Manufacturing Belgium N.V.,Belgium,Valid,8/21/2024,,
PERITONEAL DIALYSIS SOLUTION WITH 1.36% DEXTROSE,PERITONEAL DIALYSIS SOLUTION,250,ml,Generic,Prescription,QATAR PHARMA,Qatar,Valid,1/23/2024,,
PERITONEAL DIALYSIS SOLUTION WITH 1.36% DEXTROSE,PERITONEAL DIALYSIS SOLUTION,500,ml,Generic,Prescription,QATAR PHARMA,Qatar,Valid,1/23/2024,,
PERITONEAL DIALYSIS SOLUTION WITH 1.36% DEXTROSE,PERITONEAL DIALYSIS SOLUTION,1000,ml,Generic,Prescription,QATAR PHARMA,Qatar,Valid,1/23/2024,,
LOCOID CREAM 0.1%,HYDROCORTISONE BUTYRATE,30,g,NCE,OTC,Astellas Pharma,Netherlands,Valid,7/22/2023,,
TRAMAL 50 MG CAPSULE,TRAMADOL HYDROCHLORIDE,-,-,NCE,Prescription,GRUNENTHAL,Germany,Valid,6/19/2025,,
STRATTERA 60MG CAPSULES,ATOMOXETINE HYDROCHLORIDE,-,-,NCE,Prescription,"LILLY DEL CARIBE, INC.",United States,Valid,1/30/2025,,
PERITONEAL DIALYSIS SOLUTION WITH 1.36% DEXTROSE,PERITONEAL DIALYSIS SOLUTION,2000,ml,Generic,Prescription,QATAR PHARMA,Qatar,Valid,1/23/2024,,
LOCOID LIPO CREAM 0.1%,HYDROCORTISONE BUTYRATE,30,g,NCE,OTC,Astellas Pharma,Netherlands,Valid,4/24/2025,,
BALANCED SALT SOLUTION BSS,BALANCED SALT SOLUTION,500,ml,Generic,Prescription,QATAR PHARMA,Qatar,Valid,1/23/2024,,
BRIVIACT 10MG/ML ORAL SOLUTION,BRIVARACETAM,300,ml,NCE,Prescription,Unither Manufacturing LLC ,United States,Valid,7/27/2025,,
TRIUM UD Eye Drops,"HYALURONIC ACID,GINKO BILOBA",0.35,ml,Generic,OTC,Sooft Italia SBA,Italy,Valid,11/7/2022,,
LOCOID LOTION 0.1%,HYDROCORTISONE BUTYRATE,30,g,NCE,OTC,Temmler ltalia S.r.l,Italy,Valid,4/24/2025,,
Aceda 500mg F.C.Tablet,Capecitabine,-,-,Generic,Prescription,INTAS PHARMACEUTICALS LIMITED,India,Valid,10/16/2024,,
Ravildo 25 mg F.C Tablets,CARVEDILOL,-,-,Generic,Prescription,UNITED PHARMACEUTICAL COMPANY,Jordan,Valid,10/16/2024,,
PARACETAMOL 1% INJECTION,PARACETAMOL,100,ml,Generic,Prescription,QATAR PHARMA,Qatar,Valid,1/23/2024,,
CIPROFLOXACIN 0.2% IN 0.9% SODIUM CHLORIDE INJECTION,CIPROFLOXACIN,100,ml,Generic,Prescription,QATAR PHARMA,Qatar,Valid,1/23/2024,,
CABOMETYX 60 mg F.C. Tablet,CABOZANTINIB,-,-,NCE,Prescription,PATHEON INC,Canada,Valid,12/24/2024,,
"DEXTROSE ,LACTATED RINGERS","DEXTROSE,RINGER(S) SOLUTION",500,ml,Generic,Prescription,QATAR PHARMA,Qatar,Valid,1/23/2024,,
SODIUM CHLORIDE 0.9% BP INFUSION,SODIUM CHLORIDE,2000,ml,Generic,Prescription,QATAR PHARMA,Qatar,Valid,1/23/2024,,
10% DEXTROSE and 0.9% SODIUM CHLORIDE injection USP,"DEXTROSE,SODIUM CHLORIDE",500,ml,Generic,Prescription,QATAR PHARMA,Qatar,Valid,1/23/2024,,
CLAZ MR 60 mg tablet,GLICLAZIDE,-,-,Generic,Prescription,APOTEX,Canada,Valid,11/26/2024,,
SODIUM CHLORIDE 5% I.V INFUSION,SODIUM CHLORIDE,500,ml,Generic,Prescription,QATAR PHARMA,Qatar,Valid,1/23/2024,,
AVORES 400 Film Coated Tablets,MOXIFLOXACIN HYDROCHLORIDE,-,-,Generic,Prescription,The Jordanian Pharmaceutical Manufacturing Medical Equipment Co. Ltd. (JPM),Jordan,Valid,1/19/2025,,
SODIUM CHLORIDE 3% I.V INFUSION,SODIUM CHLORIDE,500,ml,Generic,Prescription,QATAR PHARMA,Qatar,Valid,1/23/2024,,
AVORES 400 Film Coated Tablets,MOXIFLOXACIN HYDROCHLORIDE,-,-,Generic,Prescription,The Jordanian Pharmaceutical Manufacturing Medical Equipment Co. Ltd. (JPM),Jordan,Valid,1/19/2025,,
POTASSIUM CHLORIDE 1.5% injection USP,POTASSIUM CHLORIDE,100,ml,Generic,Prescription,QATAR PHARMA,Qatar,Valid,1/23/2024,,
TRAMAL 50 MG CAPSULE,TRAMADOL HYDROCHLORIDE,-,-,NCE,Prescription,GRUNENTHAL,Germany,Valid,9/7/2023,,
METOJECT 50 mg/ml solution for injection,METHOTREXATE,0.2,ml,NCE,Prescription,ONCOTEC PHARMA PRODUCTION GmbH,Germany,Valid,5/8/2025,,
BRIVIACT 10MG/ML VIAL,BRIVARACETAM,5,ml,NCE,Prescription,UCB Pharma S.A. ,Belgium,Valid,6/19/2025,,
Aceda 150mg F.C.Tablet,Capecitabine,-,-,Generic,Prescription,INTAS PHARMACEUTICALS LIMITED,India,Valid,10/16/2024,,
FENTEX 50MG/ML SOLUTION FOR INJECTION,PHENYTOIN SODIUM,5,ml,Generic,Prescription,MS Pharma ,Jordan,Valid,6/19/2025,,
ADVIL 200MG TAB,IBUPROFEN,-,-,Generic,OTC,WYETH PHARMACEUTICAL COMPANY,United States,Valid,8/29/2022,,
LENVIMA 4 mg HARD CAPSULES,LENVATINIB,-,-,NCE,Prescription,PATHEON INC,Canada,Valid,4/23/2025,,
CABOMETYX 40 mg F.C. Tablet,CABOZANTINIB,-,-,NCE,Prescription,PATHEON INC,Canada,Valid,12/24/2024,,
WATER FOR INJECTION BP,WATER,500,ml,Generic,Prescription,QATAR PHARMA,Qatar,Valid,1/23/2024,,
SYNAGIS 100MG\ML I.M Solution for Injection,PALIVIZUMAB,1,ml,Biological,Prescription,Boehringer Ingelheim Pharma GmbH & Co. KG,Germany,Valid,4/23/2025,,
SKYRIZI 75 mg ,RISANKIZUMAB,0.83,ml,Biological,Prescription,AbbVie Deutschland GmbH & Co KG,Germany,Valid,7/8/2025,,
PEYONA 20MG/ML SOL. FOR INF. AND ORAL Solution,CAFFEINE CITRATE,1,ml,NCE,Prescription,ALFASIGMA S.p.A. ,Italy,Valid,4/24/2025,,
METOJECT 50 mg/ml solution for injection,METHOTREXATE,0.3,ml,NCE,Prescription,ONCOTEC PHARMA PRODUCTION GmbH,Germany,Valid,5/8/2025,,
LAMUCON 500 mg F.C.TAB,MYCOPHENOLATE MOFETIL,-,-,Generic,Prescription,Sandoz Private Limited,India,Valid,4/24/2025,,
TABIDEX 1 MG F. C. TABLET,ANASTROZOLE,-,-,Generic,Prescription,INTAS PHARMACEUTICALS LIMITED,India,Valid,8/1/2022,,
SEIZET 25 mg Chewable/Dispersible Tablet,LAMOTRIGINE,-,-,Generic,Prescription,UNITED PHARMACEUTICAL COMPANY,Jordan,Valid,1/19/2025,,
LENVIMA 10 mg HARD CAPSULES,LENVATINIB,-,-,NCE,Prescription,PATHEON INC,Canada,Valid,4/23/2025,,
CABOMETYX 20 mg F.C. Tablet,CABOZANTINIB,-,-,NCE,Prescription,PATHEON INC,Canada,Valid,12/24/2024,,
SODIUM CHLORIDE 0.45% BP INFUSION,SODIUM CHLORIDE,500,ml,Generic,Prescription,QATAR PHARMA,Qatar,Valid,1/23/2024,,
VIAGRA 50 mg Orodispersible Tablet,SILDENAFIL,-,-,NCE,Prescription,Fareva Amboise,France,Valid,11/14/2024,,
Pluryal BOOSTER,"GLYCERIN,SODIUM HYALURONATE",1,ml,Generic,Prescription,MD SKIN Solutions,Luxembourg,Valid,11/29/2022,,
Pluryal VOLUME,SODIUM HYALURONATE,1,ml,Generic,Prescription,MD SKIN Solutions,Luxembourg,Valid,8/29/2022,,
Pluryal CLASSIC,SODIUM HYALURONATE,1,ml,Generic,Prescription,MD SKIN Solutions,Luxembourg,Valid,8/29/2022,,
Dolibz,CELECOXIB,-,-,Generic,Prescription,Aurobindo Pharma Limited Unit VII,India,Valid,8/29/2022,,
Dolibz,CELECOXIB,-,-,Generic,Prescription,Aurobindo Pharma Limited Unit VII,India,Valid,8/29/2022,,
PROPOVEN 1% VIAL,PROPOFOL,50,ml,Generic,Prescription,FRESENIUS KABI,Austria,Valid,8/1/2024,,
LIDOVA 5 mg capsule,LENALIDOMIDE,-,-,Generic,Prescription,"LOTUS PHARMACEUTICAL CO., LTD",Taiwan,Valid,10/30/2024,,
LIDOVA 10 mg capsule,LENALIDOMIDE,-,-,Generic,Prescription,"LOTUS PHARMACEUTICAL CO., LTD",Taiwan,Valid,10/30/2024,,
LIDOVA 25 mg capsule,LENALIDOMIDE,-,-,Generic,Prescription,"LOTUS PHARMACEUTICAL CO., LTD",Taiwan,Valid,10/30/2024,,
GAVISCON ADVANCE PEPPERMINT LIQUID SACHET,"SODIUM ALGINATE,POTASSIUM BICARBONATE",-,-,Generic,OTC,RECKITT BENCKISER HEALTHCARE INTERNATIONAL,United Kingdom,Valid,11/3/2024,,
SILOMES 50MG TABLET,AMISULPRIDE,-,-,Generic,Prescription,UNITED PHARMACEUTICAL COMPANY,Jordan,Valid,7/9/2025,,
GAVISCON ADVANCE PEPPERMINT LIQUID SACHET,"SODIUM ALGINATE,POTASSIUM BICARBONATE",-,-,Generic,OTC,RECKITT BENCKISER HEALTHCARE INTERNATIONAL,United Kingdom,Valid,11/3/2024,,
SILOMES 100 mg Tablet,AMISULPRIDE,-,-,Generic,Prescription,UNITED PHARMACEUTICAL COMPANY,Jordan,Valid,7/9/2025,,
EPANUTIN SUSP 30MG-5ML,PHENYTOIN SODIUM,125,ml,NCE,Prescription,Delpharm Orleans,France,Valid,2/10/2025,,
FLECTOR EP GRANULES,DICLOFENAC EPOLAMINE,-,-,NCE,Prescription,Fine Foods And Pharmaceuticals N.T.M S.p.A ,Italy,Valid,8/3/2025,,
HYADENT BARRIER GEL,"HYALURONIC ACID, HYALURONIC ACID CROSS-LINKED",1.2,ml,Generic,Prescription,Bioscience GmbH,Germany,Valid,12/18/2022,,
BIOQ ROPIVACAINE 2MG/ML SOL. FOR INFUSION,ROPIVACAINE,250,ml,NCE,Prescription,Holopack Verpackungstechnik GmbH,Germany,Valid,8/31/2022,,
BACLOFEN INTRATHECAL SINTETICA 0.5MG/ML INJECTION ,BACLOFEN,20,ml,NCE,Prescription,Sintetica SA ,Switzerland,Valid,8/29/2022,,
TACROZ FORTE OINTMENT,TACROLIMUS,10,g,Generic,Prescription,Glenmark Pharmaceuticals Limited - Baddi,India,Valid,8/29/2022,,
CANHERA 150MG VIAL,Trastuzumab,-,-,Biological,Prescription,Biocon Limited ,India,Valid,5/10/2023,,
NITYR 2 mg Tablet,NITISINONE,-,-,NCE,Prescription,Rivopharm SA,Switzerland,Valid,2/21/2023,,
DILIZOLEN 600MG TABLET,LINEZOLID,-,-,Generic,Prescription,Glenmark Pharmaceuticals Limited - Baddi,India,Valid,4/24/2025,,
NICOTINELL TTS-10,NICOTINE,-,-,NCE,OTC,LTS LOHMANN Therapie-Systeme,Germany,Valid,12/29/2024,,
ERLEADA 60 mg Film-coated Tablet,APALUTAMIDE,-,-,NCE,Prescription,JANSSEN ORTHO LLC,United States,Valid,12/2/2024,,
LEPONEX 100MG TAB,CLOZAPINE,-,-,NCE,Prescription,Madaus GmbH,Germany,Valid,7/15/2025,,
SILOMES 200 mg Tablet,AMISULPRIDE,-,-,Generic,Prescription,UNITED PHARMACEUTICAL COMPANY,Jordan,Valid,7/9/2025,,
DERMALSTYLE forte Lidocaine,"SODIUM HYALURONATE,LIDOCAINE HYDROCHLORIDE",1,ml,Generic,Prescription,CROMA PHARMA GMBH,Austria,Valid,11/29/2022,,
DERMALSTYLE smile Lidocaine,"SODIUM HYALURONATE,LIDOCAINE HYDROCHLORIDE",1,ml,Generic,Prescription,CROMA PHARMA GMBH,Austria,Valid,11/29/2022,,
Luxturna,VORETIGENE NEPARVOVEC,-,-,Biological,Prescription,Nova Laboratories Ltd,United Kingdom,Valid,6/3/2025,,
Amgevita 40 mg per 0.8 ml syringe,ADALIMUMAB,0.8,ml,Biological,Prescription,Amgen Manufacturing Ltd,United States,Valid,2/29/2024,,
Amgevita 40 mg per 0.8 ml Pen,ADALIMUMAB,-,-,Biological,Prescription,Amgen Manufacturing Ltd,United States,Valid,2/29/2024,,
ALDURAZYME 100 U/ML VIAL,LARONIDASE,5,ml,Biological,Prescription,VETTER PHARMA-FERTIGUNG GMBH & CO. KG,Germany,Valid,8/3/2025,,
ANGIRAM,RAMIPRIL,-,-,Generic,Prescription,Aurobindo Pharma Limited Unit XV,India,Valid,8/29/2022,,
ANGIRAM,RAMIPRIL,-,-,Generic,Prescription,Aurobindo Pharma Limited Unit XV,India,Valid,8/1/2022,,
CAL-C-VITA EFFERVESCENT,"ASCORBIC ACID,COLECALCIFEROL,CALCIUM CARBONATE,PYRIDOXINE (VITAMIN B6)",-,-,Generic,OTC,DELPHARM GAILLARD,France,Valid,7/29/2024,,
VITRAKVI,LAROTRECTINIB,-,-,NCE,Prescription,Penn Pharmaceutical Services Ltd,United Kingdom,Valid,8/29/2022,,
JIVI powder and solvent for solution for injection,PEGYLATED B DOMAIN DELETED RECOMBINANT HUMAN COAGULATION FACTOR VIII DAMOCTOCOG ALFA PEGOL,2.5,ml,Biological,Prescription,Bayer Healthcare LLC Biological Products Division,United States,Valid,8/31/2022,,
JIVI powder and solvent for solution for injection,PEGYLATED B DOMAIN DELETED RECOMBINANT HUMAN COAGULATION FACTOR VIII DAMOCTOCOG ALFA PEGOL,2.5,ml,Biological,Prescription,Bayer Healthcare LLC Biological Products Division,United States,Valid,8/31/2022,,
JIVI powder and solvent for solution for injection,PEGYLATED B DOMAIN DELETED RECOMBINANT HUMAN COAGULATION FACTOR VIII DAMOCTOCOG ALFA PEGOL,2.5,ml,Biological,Prescription,Bayer Healthcare LLC Biological Products Division,United States,Valid,8/31/2022,,
VITRAKVI,LAROTRECTINIB,100,ml,NCE,Prescription,Penn Pharmaceutical Services Ltd,United Kingdom,Valid,8/29/2022,,
VITRAKVI,LAROTRECTINIB,-,-,NCE,Prescription,Penn Pharmaceutical Services Ltd,United Kingdom,Valid,8/1/2022,,
NEUPRO 2 mg/24 hrs Transdermal Patches,ROTIGOTINE,-,-,NCE,Prescription,LTS LOHMANN Therapie-Systeme,Germany,Valid,8/29/2022,,
KOZAMOD 5% CREAM,IMIQUIMOD,12.5,mg,Generic,Prescription,Glenmark Pharmaceuticals Limited - Baddi,India,Valid,6/19/2025,,
BORTEZON 3.5 mg Powder For Solution For Injection,BORTEZOMIB,-,-,Generic,Prescription,PHARMASCIENCE INC.,Canada,Valid,8/14/2023,,
TAMENIB 100 MG CAPSULE,IMATINIB MESILATE,-,-,Generic,Prescription,NOBILUS ENT,Poland,Valid,5/8/2025,,
TACROZ 0.03% OINTMENT,TACROLIMUS,10,g,Generic,Prescription,Glenmark Pharmaceuticals Limited - Baddi,India,Valid,6/19/2025,,
NITYR 5 mg Tablet,NITISINONE,-,-,NCE,Prescription,Rivopharm SA,Switzerland,Valid,2/21/2023,,
NICOTINELL TTS-20,NICOTINE,-,-,NCE,OTC,LTS LOHMANN Therapie-Systeme,Germany,Valid,12/29/2024,,
LEPONEX 25MG TAB,CLOZAPINE,-,-,NCE,Prescription,Madaus GmbH,Germany,Valid,7/15/2025,,
ADANCOR 10 mg tablet,NICORANDIL,-,-,NCE,Prescription,MERCK HEALTHCARE KGAA,Germany,Valid,8/29/2022,,
RENIS 50MG CAPSULE,SUNITINIB,-,-,Generic,Prescription,The Arab Pharmaceutical Manufacturing PSC (Sahab) Co Ltd ,Jordan,Valid,8/21/2024,,
ISENTRESS 600MG F.C.TABLET,RALTEGRAVIR POTASSIUM,-,-,NCE,Prescription,MSD International GmbH (Singapore Branch),Singapore,Valid,8/3/2025,,
SOLIAN 50MG TAB,AMISULPRIDE,-,-,NCE,Prescription,Delpharm Dijon,France,Valid,8/29/2022,,
ABREMIA 250MG TABLET,ABIRATERONE ACETATE,-,-,Generic,Prescription,The Arab Pharmaceutical Manufacturing PSC (Sahab) Co Ltd ,Jordan,Valid,4/16/2024,,
HERZUMA 150MG VIAL,Trastuzumab,-,-,Biological,Prescription,CELLTRION INC,KOREA,Valid,6/19/2025,,
SOTIRA 25MG CAPSULE,LENALIDOMIDE,-,-,Generic,Prescription,The Arab Pharmaceutical Manufacturing PSC (Sahab) Co Ltd ,Jordan,Valid,4/23/2025,,
MODZAL 15MG/3ML INJECTION,MIDAZOLAM,3,ml,Generic,Prescription,MS Pharma ,Jordan,Valid,7/27/2025,,
ESOBLOC 10 mg/ml solution for infusion,ESMOLOL,10,ml,Generic,Prescription,Hikma Farmaceutica,Portugal,Valid,7/27/2025,,
TRUXIMA,RITUXIMAB,50,ml,Biological,Prescription,CELLTRION INC,KOREA,Valid,6/19/2025,,
CO-OLMEPRESS 20 mg/12.5 mg F.C. Tablet,"OLMESARTAN MEDOXOMIL,HYDROCHLOROTHIAZIDE",-,-,Generic,Prescription,LABORATORIOS CINFA SA,Spain,Valid,2/13/2025,,
IMATIS 400MG F.C.TABLET,IMATINIB MESILATE,-,-,Generic,Prescription,DEVA HOLDING A.S.,Turkey,Suspended,8/19/2024,,
BACLOFEN INTRATHECAL SINTETICA 2MG/ML INJECTION,BACLOFEN,5,ml,NCE,Prescription,Sintetica SA ,Switzerland,Valid,8/29/2022,,
FLUSORT 0.05% NASAL SPRAY,FLUTICASONE PROPIONATE,120,dose,Generic,OTC,Glenmark Pharmaceuticals Limited - Baddi,India,Valid,4/24/2025,,
TAMENIB 400 MG CAPSULE,IMATINIB MESILATE,-,-,Generic,Prescription,NOBILUS ENT,Poland,Valid,5/8/2025,,
NITYR 10 mg Tablet,NITISINONE,-,-,NCE,Prescription,Rivopharm SA,Switzerland,Valid,2/21/2023,,
NICOTINELL TTS-30,NICOTINE,-,-,NCE,OTC,LTS LOHMANN Therapie-Systeme,Germany,Valid,12/29/2024,,
OLMIDIP 20/5 mg FILM COATED TABLET,"OLMESARTAN MEDOXOMIL,AMLODIPINE BESILATE",-,-,Generic,Prescription,LABORATORIOS CINFA SA,Spain,Valid,4/24/2025,,
OLMIDIP 40/5 mg FILM COATED TABLET,"OLMESARTAN MEDOXOMIL,AMLODIPINE BESILATE",-,-,Generic,Prescription,LABORATORIOS CINFA SA,Spain,Valid,4/24/2025,,
OLMIDIP 40/10 mg FILM COATED TABLET,"OLMESARTAN MEDOXOMIL,AMLODIPINE BESILATE",-,-,Generic,Prescription,LABORATORIOS CINFA SA,Spain,Valid,4/24/2025,,
SUTEXA 12.5MG CAPSULE,SUNITINIB,-,-,Generic,Prescription,Combino Pharm (Malta) Ltd ,Malta,Valid,6/19/2025,,
SUTEXA 25MG CAPSULE,SUNITINIB,-,-,Generic,Prescription,Combino Pharm (Malta) Ltd ,Malta,Valid,6/19/2025,,
SUTEXA 50MG CAPSULE,SUNITINIB,-,-,Generic,Prescription,Combino Pharm (Malta) Ltd ,Malta,Valid,6/19/2025,,
ABSTRAL 100MCG SUBLINGUAL TABLET,FENTANYL,-,-,NCE,Prescription,RECIPHARM PARETS,Spain,Valid,5/24/2023,,
BACLOFEN INTRATHECAL SINTETICA 2MG/ML INJECTION,BACLOFEN,20,ml,NCE,Prescription,Sintetica SA ,Switzerland,Valid,8/29/2022,,
ENEVOM 80 MG CAPSULE,APREPITANT,-,-,NCE,Prescription,"Rontis Hellas S.A., Medical and Pharmaceutical Products",Greece,Valid,6/19/2025,,
ENEVOM 125 MG CAPSULE,APREPITANT,-,-,NCE,Prescription,"Rontis Hellas S.A., Medical and Pharmaceutical Products",Greece,Valid,6/19/2025,,
BATIPAN 100 mg per 50 ml - VIAL,OXALIPLATIN,20,ml,Generic,Prescription,Gland Pharma Limited ,India,Valid,7/8/2025,,
ABSTRAL 200MCG SUBLINGUAL TABLET,FENTANYL,-,-,NCE,Prescription,RECIPHARM PARETS,Spain,Valid,5/24/2023,,
LANOXIN 0.125MG TAB,DIGOXIN,-,-,NCE,Prescription,ASPEN Bad Oldesloe GmbH,Germany,Valid,3/6/2025,,
LANOXIN 0.25MG TAB,DIGOXIN,-,-,NCE,Prescription,ASPEN Bad Oldesloe GmbH,Germany,Valid,7/9/2025,,
IMURAN,AZATHIOPRINE,-,-,Generic,Prescription,EXCELLA GMBH CO. KG,Germany,Valid,4/23/2025,,
RECOMBIVAX HB,HEPATITIS B VIRUS HBSAG SURFACE ANTIGEN,-,-,Biological,Prescription,MERCK SHARP AND DOHME LLC,United States,Valid,12/26/2023,,
FOLOTYN 20MG/ML SOLUTION FOR INFUSION,PRALATREXATE,-,-,NCE,Prescription,BAXTER ONCOLOGY GmbH,Germany,Valid,8/31/2022,,
TECANA 20MG/ML VIAL,IRINOTECAN,5,ml,Generic,Prescription,Actavis Italy SpA ,Italy,Valid,7/28/2025,,
MAYZENT,SIPONIMOD,-,-,NCE,Prescription,NOVARTIS Pharma Stein AG,Switzerland,Valid,8/3/2025,,
MAYZENT,SIPONIMOD,-,-,NCE,Prescription,NOVARTIS Pharma Stein AG,Switzerland,Valid,8/3/2025,,
MAYZENT,SIPONIMOD,-,-,NCE,Prescription,NOVARTIS Pharma Stein AG,Switzerland,Valid,8/3/2025,,
RECOMBIVAX HB,HEPATITIS B VIRUS VACCINE,-,-,Biological,Prescription,MERCK SHARP AND DOHME LLC,United States,Valid,8/22/2024,,
LIPANTHYL 145MG F.C. TABLETS,FENOFIBRATE,-,-,NCE,Prescription,Abbott Laboratories Fournier (Laboratories) Ireland Ltd ,Ireland,Valid,4/5/2023,,
LINDEC 600 mg Film-coated Tablet,LINEZOLID,-,-,Generic,Prescription,APOTEX RESEARCH PRIVATE LIMITED,India,Valid,8/21/2024,,
PROPOVEN 1% VIAL,PROPOFOL,20,ml,Generic,Prescription,FRESENIUS KABI,Austria,Valid,3/23/2023,,
NIZORAL SHAMPOO,KETOCONAZOLE,100,ml,NCE,Prescription,JANSSEN PHARMACEUTICA N.V.,Belgium,Valid,6/19/2025,,
SPINRAZA 2.4 mg/ml Vial,NUSINERSEN,5,ml,NCE,Prescription,Patheon Italia S.P.A.,Italy,Valid,5/27/2025,,
Renee Touch,HYALURONIC ACID,1,ml,Generic,Prescription,MATEX LAB SA,Germany,Valid,8/29/2022,,
Renee Volume,HYALURONIC ACID,1,ml,Generic,Prescription,MATEX LAB SA,Germany,Valid,8/29/2022,,
Renee Smile,HYALURONIC ACID,1,ml,Generic,Prescription,MATEX LAB SA,Germany,Valid,8/29/2022,,
Cuprior,TRIENTINE TETRAHYDROCHLORIDE,-,-,NCE,Prescription,DELPHARM EVREUX ,France,Valid,2/20/2024,,
NEUPRO 8 mg/24 hrs Transdermal Patches,ROTIGOTINE,-,-,NCE,Prescription,LTS LOHMANN Therapie-Systeme,Germany,Valid,8/15/2024,,
ATRACURIUM BESYLATE 10MG-ML AMP,ATRACURIUM BESILATE,5,ml,NCE,Prescription,Wasserburger arzneimittel werk GmbH,Germany,Valid,8/29/2022,,
GASTROGRAFIN 76-ORAL AQUEOUS SOLN.,DIATRIZOATE MEGLUMINE,100,ml,Generic,Prescription,Berlimed S.A.,Spain,Valid,5/16/2024,,
NEUPRO 6 mg/24 hrs Transdermal Patches,ROTIGOTINE,-,-,NCE,Prescription,LTS LOHMANN Therapie-Systeme,Germany,Valid,8/15/2024,,
ACICLOVIR  250MG/10ML ,ACYCLOVIR,10,ml,NCE,Prescription,HOSPIRA AUSTRALIA ,Australia,Valid,4/23/2025,,
VIRONTA,ROSUVASTATIN,-,-,Generic,Prescription,APOTEX INC. (SIGNET SITE),Canada,Valid,8/29/2022,,
VIRONTA,ROSUVASTATIN,-,-,Generic,Prescription,APOTEX INC. (SIGNET SITE),Canada,Valid,8/29/2022,,
VIRONTA,ROSUVASTATIN,-,-,Generic,Prescription,APOTEX INC. (SIGNET SITE),Canada,Valid,8/29/2022,,
PEDEXA,CELECOXIB,-,-,Generic,Prescription,DAR ALDAWA,Jordan,Valid,8/29/2022,,
ACICLOVIR  500MG/20ML,ACYCLOVIR,20,ml,NCE,Prescription,HOSPIRA AUSTRALIA ,Australia,Valid,4/23/2025,,
TYRA 5 mg film-coated tablet,TADALAFIL,-,-,Generic,Prescription,DAR ALDAWA,Jordan,Valid,7/9/2025,,
PREVENAR 13 PRE-FILLED SYRINGE VACCINE,PNEUMOCOCCAL POLYSACHARIDE,-,-,Biological,Prescription,PFIZER,Ireland,Valid,4/23/2025,,
CYTARABINE 100MG-1ML VIAL,CYTARABINE,10,ml,Generic,Prescription,Zydus Hospira Oncology Private Limited ZHOPL ,India,Valid,8/31/2022,,
PROSTIN E2 VAGINAL TAB. 3MG,DINOPROSTONE,-,-,NCE,Prescription,Sanico NV,Belgium,Valid,7/9/2025,,
PRAVAFEN 40/160 mg,"FENOFIBRATE,PRAVASTATIN",-,-,NCE,Prescription,SMB Technology SA ,Belgium,Valid,10/25/2022,,
Kavira,ENTECAVIR,-,-,Generic,Prescription,PHARMATHEN INTERNATIONAL,Greece,Valid,8/29/2022,,
Kavira,ENTECAVIR,-,-,Generic,Prescription,PHARMATHEN INTERNATIONAL,Greece,Valid,8/29/2022,,
CYTARABINE 100MG-1ML VIAL,CYTARABINE,5,ml,Generic,Prescription,Zydus Hospira Oncology Private Limited ZHOPL ,India,Valid,8/31/2022,,
VFEND 200MG POWDER FOR SOLU.FOR INFUSION,VORICONAZOLE,-,-,NCE,Prescription,PHARMACIA UPJOHN,United States,Valid,8/29/2022,,
TAXOTERE 20 MG/ML SOLUTION FOR INFUSION,DOCETAXEL,1,ml,NCE,Prescription,Sanofi aventis Deutschland GmbH,Germany,Valid,8/3/2025,,
HYQVIA 100MG/ML SOLUTION FOR INFUSION,HUMAN NORMAL IMMUNOGLOBULIN,25,ml,Biological,Prescription,Baxalta Belgium Manufacturing SA,Belgium,Valid,11/29/2022,,
DILATREND 25MG TABLET,CARVEDILOL,-,-,Generic,Prescription,Delpharm Milano S.r.l,Italy,Valid,1/19/2023,,
LEMTRADA 12 MG CONCENTRATE FOR SOLUTION FOR INFUSION,ALEMTUZUMAB,1.2,ml,Biological,Prescription,Boehringer Ingelheim Pharma GmbH & Co. KG,Germany,Valid,5/10/2023,,
LIPANTHYL 200MG MICRONISED CAPS,FENOFIBRATE,-,-,NCE,Prescription,Astrea Fontaine,France,Valid,6/17/2025,,
CYCLOGEST 200MG PESSARIES,PROGESTERONE,-,-,NCE,Prescription,Accord -UK Limited,United Kingdom,Valid,1/30/2025,,
PecFent 400 MCG NASAL SPRAY,FENTANYL,1.55,ml,NCE,Prescription, L. Molteni & C dei F. LLi Alitti Societa di Esercizio,Italy,Valid,8/29/2022,,
ATACAND PLUS TABLET,"CANDESARTAN CILEXETIL,HYDROCHLOROTHIAZIDE",-,-,NCE,Prescription,AstraZeneca,Sweden,Valid,6/4/2025,,
NEXIUM 20MG TAB,ESOMEPRAZOLE,-,-,NCE,OTC,AstraZeneca AB,Sweden,Valid,4/14/2024,,
CARBOPLATIN 10MG-ML VIAL,CARBOPLATIN,15,ml,NCE,Prescription,HOSPIRA AUSTRALIA ,Australia,Valid,4/23/2025,,
RAPAMUNE 1 MG Coated tablet,SIROLIMUS,-,-,Generic,Prescription,Pfizer Ireland Pharmaceuticals,Ireland,Valid,7/3/2025,,
SIAX,CLOSTRIDIUM BOTULINUM NEUROTOXIN A COMPLEX,-,-,Biological,Prescription,Medytox Inc.,KOREA,Valid,10/14/2024,,
TWINZOL EYE DROPS,"DORZOLAMIDE,TIMOLOL MALEATE",5,ml,Generic,Prescription,Orchidia Pharmaceutical Industries,Egypt,Valid,7/9/2025,,
XIIDRA 50 MG/ML EYE DROPS,LIFITEGRAST,0.2,ml,NCE,Prescription,The Ritedose Corporation,United States,Valid,5/8/2025,,
CARBOPLATIN 10MG-ML VIAL,CARBOPLATIN,45,ml,NCE,Prescription,HOSPIRA AUSTRALIA ,Australia,Valid,4/23/2025,,
BOSENTOR 62.5 mg Film-Coated Tablet,BOSENTAN,-,-,Generic,Prescription,Genvion Corporation,Canada,Valid,3/30/2023,,
PEEVO,CLOPIDOGREL,-,-,Generic,Prescription,Macleods Pharmaceuticals Limited,India,Suspended,10/5/2023,,
GLYCERYL TRINITRATE 50MG-10ML I-V AMP,GLYCERYL TRINITRATE,10,ml,Generic,Prescription,Seigfried Hameln GmbH,Germany,Valid,8/31/2022,,
SUPLASYN 20MG/2ML INJECTION,SODIUM HYALURONATE,2,ml,Generic,Prescription,Mylan Institutional,Ireland,Valid,5/8/2025,,
VINBLASTINE SULPHATE 10MG-10ML VIAL,VINBLASTINE,10,ml,Generic,Prescription,HOSPIRA AUSTRALIA ,Australia,Valid,4/23/2025,,
LORBRENA ,LORLATINIB,-,-,NCE,Prescription,Pfizer Manufacturing Deutschland GmbH,Germany,Valid,8/3/2025,,
Carglumic Acid Waymade ,CARGLUMIC ACID,-,-,NCE,Prescription,Apothecon Pharmaceuticals PVT Limited,India,Valid,12/26/2024,,
Carglumic Acid Waymade ,CARGLUMIC ACID,-,-,NCE,Prescription,Apothecon Pharmaceuticals PVT Limited,India,Valid,12/26/2024,,
LORBRENA ,LORLATINIB,-,-,NCE,Prescription,Pfizer Manufacturing Deutschland GmbH,Germany,Valid,8/3/2025,,
Levetiracetam BOS,LEVETIRACETAM,5,ml,Generic,Prescription,Gland Pharma Limited ,India,Valid,10/21/2023,,
Metolina ,METOPROLOL TARTRATE,-,-,Generic,Prescription,Aurobindo Pharma Limited ,India,Valid,8/29/2022,,
DEXILANT 60 mg,DEXLANSOPRAZOLE,-,-,NCE,Prescription,TAKEDA GMBH,Germany,Valid,3/20/2024,,
CELEZON ,RUXOLITINIB,-,-,NCE,Prescription,The Arab Pharmaceutical Manufacturing PSC (Sahab) Co Ltd ,Jordan,Valid,6/22/2023,,
CELEZON,RUXOLITINIB,-,-,Generic,Prescription,The Arab Pharmaceutical Manufacturing PSC (Sahab) Co Ltd ,Jordan,Valid,6/12/2023,,
CELEZON,RUXOLITINIB,-,-,Generic,Prescription,The Arab Pharmaceutical Manufacturing PSC (Sahab) Co Ltd ,Jordan,Valid,6/12/2023,,
CELEZON,RUXOLITINIB,-,-,Generic,Prescription,The Arab Pharmaceutical Manufacturing PSC (Sahab) Co Ltd ,Jordan,Valid,6/12/2023,,
Engerix-B10,HEPATITIS B VIRUS HBSAG SURFACE ANTIGEN,0.5,ml,Biological,Prescription,GlaxoSmithKline Biologicals ,Belgium,Valid,6/9/2024,,
Takhzyro,LANADELUMAB,2,ml,Biological,Prescription,Catalent Indiana LLC formerly Cook Pharmica LLC,United States,Valid,1/23/2024,,
COPSFIN 70MG VIAL,CASPOFUNGIN,10,ml,Generic,Prescription,Gland Pharma Limited ,India,Valid,8/29/2022,,
TAXOTERE 20 MG/ML SOLUTION FOR INFUSION,DOCETAXEL,4,ml,NCE,Prescription,Sanofi aventis Deutschland GmbH,Germany,Valid,8/3/2025,,
ADOL EXTRA CAPLETS,"PARACETAMOL,CAFFEINE CITRATE",-,-,Generic,OTC,Gulf Pharmaceutical Industries (Julphar),United Arab Emirates,Valid,7/17/2025,,
NEUPOGEN 30 MU,FILGRASTIM,0.5,ml,Biological,Prescription,AMGEN MANUFACTURING LIMITED,United States,Valid,1/15/2025,,
HYQVIA 100MG/ML SOLUTION FOR INFUSION,HUMAN NORMAL IMMUNOGLOBULIN,50,ml,Biological,Prescription,Baxalta Belgium Manufacturing SA,Belgium,Valid,11/29/2022,,
DILATREND 6.25 MG TABLET,CARVEDILOL,-,-,Generic,Prescription,Delpharm Milano S.r.l,Italy,Valid,1/19/2023,,
KLACID 125MG-5ML SUSP,CLARITHROMYCIN,60,ml,NCE,Prescription,ABBVIE SRL,Italy,Valid,8/19/2024,,
CYCLOGEST 400MG PESSARIES,PROGESTERONE,-,-,NCE,Prescription,Accord -UK Limited,United Kingdom,Valid,1/30/2025,,
PecFent 400 MCG NASAL SPRAY,FENTANYL,1.55,ml,NCE,Prescription, L. Molteni & C dei F. LLi Alitti Societa di Esercizio,Italy,Valid,8/29/2022,,
NEXIUM 20MG TAB,ESOMEPRAZOLE,-,-,NCE,Prescription,AstraZeneca AB,Sweden,Valid,1/23/2024,,
SIAX,CLOSTRIDIUM BOTULINUM NEUROTOXIN A COMPLEX,-,-,Biological,Prescription,Medytox Inc.,KOREA,Valid,10/14/2024,,
Hyalo4 Plus,"SULFADIAZINE SILVER,SODIUM HYALURONATE",100,g,Generic,OTC,Fidia Farmaceutici SpA ,Italy,Valid,10/14/2024,,
PARSABIV,ETELCALCETIDE,2,ml,NCE,Prescription,Patheon Manufacturing Services LLC ,United States,Valid,6/19/2025,,
BOSENTOR 125 mg Film-Coated Tablet,BOSENTAN,-,-,Generic,Prescription,Genvion Corporation,Canada,Valid,3/30/2023,,
PARSABIV,ETELCALCETIDE,0.5,ml,NCE,Prescription,Patheon Manufacturing Services LLC ,United States,Valid,6/19/2025,,
SUPLASYN 1-SHOT INJECTION,SODIUM HYALURONATE,6,ml,Generic,Prescription,Mylan Institutional,Ireland,Valid,5/8/2025,,
PARSABIV,ETELCALCETIDE,1,ml,NCE,Prescription,Patheon Manufacturing Services LLC ,United States,Valid,6/19/2025,,
INTRAROSA,PRASTERONE,-,-,NCE,Prescription,FEREVA RICHMOND,United States,Valid,5/16/2024,,
MODZAL 5MG/5ML INJECTION,MIDAZOLAM,5,ml,Generic,Prescription,MS Pharma ,Jordan,Valid,7/27/2025,,
SISACURE 2MG/ML AMPOULE,CISATRACURIUM,10,ml,Generic,Prescription,HIKMA ITALIA SPA,Italy,Valid,7/27/2025,,
ZYTEDIN 100MG POWDER FOR INJECTION,AZACITIDINE,-,-,Generic,Prescription,THYMOORGAN PHARMAZIE GMBH,Germany,Valid,6/19/2025,,
TAXOTERE 20 MG/ML SOLUTION FOR INFUSION,DOCETAXEL,8,ml,NCE,Prescription,Sanofi aventis Deutschland GmbH,Germany,Valid,8/3/2025,,
NEUPOGEN 30 MU,FILGRASTIM,1,ml,Biological,Prescription,AMGEN MANUFACTURING LIMITED,United States,Valid,7/8/2025,,
HYQVIA 100MG/ML SOLUTION FOR INFUSION,HUMAN NORMAL IMMUNOGLOBULIN,100,ml,Biological,Prescription,Baxalta Belgium Manufacturing SA,Belgium,Valid,11/29/2022,,
TOBI PODHALER 28MG,TOBRAMYCIN,-,-,NCE,Prescription,NOVARTIS,United States,Valid,7/15/2025,,
PecFent 100 MCG NASAL SPRAY,FENTANYL,1.55,ml,NCE,Prescription, L. Molteni & C dei F. LLi Alitti Societa di Esercizio,Italy,Valid,8/29/2022,,
NEXIUM 40MG TAB,ESOMEPRAZOLE,-,-,NCE,Prescription,AstraZeneca AB,Sweden,Valid,1/23/2024,,
SIAX,CLOSTRIDIUM BOTULINUM NEUROTOXIN A COMPLEX,-,-,Biological,Prescription,Medytox Inc.,KOREA,Valid,10/14/2024,,
BUSULCAN 6 mg/ml Vial,BUSULFAN,10,ml,NCE,Prescription,PHARMASCIENCE INC.,Canada,Valid,1/30/2025,,
ADANCOR 20 mg tablet,NICORANDIL,-,-,NCE,Prescription,MERCK HEALTHCARE KGAA,Germany,Valid,8/1/2022,,
VOSTRAN 2MG/ML SOLUTION FOR INJECTION,ONDANSETRON,4,ml,Generic,Prescription,MS Pharma ,Jordan,Valid,8/29/2022,,
CLERON 250MG F.C.TABLET,CLARITHROMYCIN,-,-,Generic,Prescription,NATIONAL PHARMACEUTICAL INDUSTRIES CO,Oman,Valid,7/27/2025,,
SKINFILL GOLD PLUS INJECTION,HYALURONIC ACID,1,ml,Generic,Prescription,Promoitalia Group Spa,Italy,Valid,8/29/2022,,
HYQVIA 100MG/ML SOLUTION FOR INFUSION,HUMAN NORMAL IMMUNOGLOBULIN,200,ml,Biological,Prescription,Baxalta Belgium Manufacturing SA,Belgium,Valid,11/29/2022,,
CLERON 500MG F.C.TABLET,CLARITHROMYCIN,-,-,Generic,Prescription,NATIONAL PHARMACEUTICAL INDUSTRIES CO,Oman,Valid,7/27/2025,,
PecFent 100 MCG NASAL SPRAY,FENTANYL,1.55,ml,NCE,Prescription, L. Molteni & C dei F. LLi Alitti Societa di Esercizio,Italy,Valid,8/29/2022,,
NEXIUM 40MG TAB,ESOMEPRAZOLE,-,-,NCE,Prescription,AstraZeneca AB,Sweden,Valid,1/23/2024,,
KLENDAM,CLINDAMYCIN HYDROCHLORIDE,-,-,Generic,Prescription,CHANELLE MEDICAL,Ireland,Valid,7/27/2025,,
DIPRIVAN VIAL 10MG-ML,PROPOFOL,20,ml,NCE,Prescription,Corden Pharma S.P.A,Italy,Valid,8/31/2022,,
Kurenail,AMOROLFINE,5,ml,Generic,OTC,CHANELLE MEDICAL,Ireland,Valid,12/9/2024,,
DEFRA 120MG DELAYED RELEASE CAPSULES,Dimethyl Fumarate,-,-,Generic,Prescription,Macleods Pharmaceuticals Ltd.,India,Valid,8/21/2024,,
FONTAX 20 mg film-coated tablet,TADALAFIL,-,-,Generic,Prescription,MEDOCHEMIE LTD,Cyprus,Valid,11/13/2024,,
DEFRA 240MG DELAYED RELEASE CAPSULES,Dimethyl Fumarate,-,-,Generic,Prescription,Macleods Pharmaceuticals Ltd.,India,Valid,8/21/2024,,
MOPIZALE 500MG/100ML SOLUTION FOR INFUSION,METRONIDAZOLE,100,ml,Generic,Prescription,MS Pharma ,Jordan,Valid,8/31/2022,,
EXITINE,FLUMAZENIL,5,ml,Generic,Prescription,MS Pharma ,Jordan,Valid,4/24/2025,,
GARDIA 16MG TABLETS,CANDESARTAN CILEXETIL,-,-,Generic,Prescription,UNITED PHARMACEUTICAL COMPANY,Jordan,Valid,10/16/2024,,
SKINFILL SILVER PLUS INJECTION,HYALURONIC ACID,1,ml,Generic,Prescription,Promoitalia Group Spa,Italy,Valid,8/29/2022,,
HYQVIA 100MG/ML SOLUTION FOR INFUSION,HUMAN NORMAL IMMUNOGLOBULIN,300,ml,Biological,Prescription,Baxalta Belgium Manufacturing SA,Belgium,Valid,11/29/2022,,
NEXIUM 40MG VIAL POWDER FOR IV. INFUSION,ESOMEPRAZOLE,5,ml,NCE,Prescription,ASTRAZENECA PHARMACEUTICAL LTD,China,Valid,3/16/2025,,
IRIS 0.5 MG/ML SYRUP,DESLORATADINE,100,ml,Generic,OTC,UNITED PHARMACEUTICAL COMPANY,Jordan,Valid,8/29/2022,,
GARDIA PLUS 16/12.5MG TABLETS,"CANDESARTAN CILEXETIL,HYDROCHLOROTHIAZIDE",-,-,Generic,Prescription,UNITED PHARMACEUTICAL COMPANY,Jordan,Valid,11/9/2022,,
MESTINON 60MG TABLET,PYRIDOSTIGMINE,-,-,NCE,Prescription,ICN Polfa Rzeszow S.A. ,Poland,Valid,7/15/2025,,
GARDIA PLUS 8/12.5MG TABLETS,"CANDESARTAN CILEXETIL,HYDROCHLOROTHIAZIDE",-,-,Generic,Prescription,UNITED PHARMACEUTICAL COMPANY,Jordan,Valid,11/9/2022,,
KALMO 8MG F.C.TABLET,LORNOXICAM,-,-,Generic,Prescription,Al-Taqaddom pharmaceutical Industries ,Jordan,Valid,4/24/2025,,
TRIVACIN 9.5MG/24H TRANSDERMAL PATCHES,RIVASTIGMINE,-,-,Generic,Prescription,Luye Pharma AG ,Germany,Valid,3/20/2023,,
CUVITRU 200MG/ML INJECTION,HUMAN NORMAL IMMUNOGLOBULIN,5,ml,Biological,Prescription,Baxalta Belgium Manufacturing SA,Belgium,Valid,6/6/2024,,
GADOVIST 1MMOL-ML PRE-FILLED SYRINGE,GADOBUTROL,15,ml,NCE,Prescription,BAYER AG,Germany,Valid,8/31/2022,,
COPSFIN 50MG VIAL,CASPOFUNGIN,-,-,Generic,Prescription,Gland Pharma Limited ,India,Valid,4/24/2025,,
TRIVACIN 4.6MG/24H TRANSDERMAL PATCHES,RIVASTIGMINE,-,-,Generic,Prescription,Luye Pharma AG ,Germany,Valid,3/20/2023,,
CUVITRU 200MG/ML INJECTION,HUMAN NORMAL IMMUNOGLOBULIN,10,ml,Biological,Prescription,Baxalta Belgium Manufacturing SA,Belgium,Valid,6/6/2024,,
CUVITRU 200MG/ML INJECTION,HUMAN NORMAL IMMUNOGLOBULIN,20,ml,Biological,Prescription,Baxalta Belgium Manufacturing SA,Belgium,Valid,6/6/2024,,
NEUPRO 4 MG/24 HRS TRANSDERMAL PATCHES,ROTIGOTINE,-,-,NCE,Prescription,LTS LOHMANN Therapie-Systeme,Germany,Valid,6/17/2025,,
ATRACURIUM BESYLATE 10MG-ML AMP,ATRACURIUM BESILATE,2.5,ml,NCE,Prescription,Wasserburger arzneimittel werk GmbH,Germany,Valid,8/1/2022,,
CUVITRU 200MG/ML INJECTION,HUMAN NORMAL IMMUNOGLOBULIN,40,ml,Biological,Prescription,Baxalta Belgium Manufacturing SA,Belgium,Valid,6/6/2024,,
TRAPRON,TRANEXAMIC ACID,5,ml,Generic,Prescription,PT. Novell Pharmaceutical Laboratories ,Indonesia,Valid,10/16/2024,,
DIAOPTIM MR,GLICLAZIDE,-,-,Generic,Prescription,LES LABORATOIRES SERVIER INDUSTRIE,France,Valid,7/23/2024,,
Benlysta,BELIMUMAB,1,ml,Biological,Prescription,Glaxo Operations UK Ltd ,United Kingdom,Valid,7/30/2025,,
Dovato,"LAMIVUDINE,DOLUTEGRAVIR SODIUM",-,-,NCE,Prescription,GLAXOSMITHKLINE (GSK),United States,Valid,1/16/2025,,
piqray,ALPELISIB,-,-,NCE,Prescription,NOVARTIS Pharma Stein AG,Switzerland,Valid,2/28/2024,,
piqray,ALPELISIB,-,-,NCE,Prescription,NOVARTIS Pharma Stein AG,Switzerland,Valid,8/29/2022,,
piqray 200 mg + 50 mg ,ALPELISIB,-,-,NCE,Prescription,NOVARTIS Pharma Stein AG,Switzerland,Valid,11/6/2023,,
RIBOLISIN EYE DROPS,SODIUM HYALURONATE,-,-,Generic,Prescription,Sooft Italia SBA,Italy,Valid,11/27/2022,,
Renee Lift,HYALURONIC ACID,1,ml,Generic,Prescription,MATEX LAB SA,Germany,Valid,8/29/2022,,
Bexsero,"RECOMBINANT NEISSERIA MENINGITIDIS GROUP B NHBA FUSION PROTEIN THE NHBA,RECOMBINANT NEISSERIA MENINGITIDIS GROUP B NHBA FUSION PROTEIN THE NHBA I,RECOMBINANT N MENINGITIDIS SEROGROUP B NADA PROTEIN,RECOMBINANT N MENINGITIDIS SEROGROUP B NADA PROTEIN I,RECOMBINANT N MENINGITIDIS SEROGROUP B FHBP FUSION PROTEIN,RECOMBINANT N MENINGITIDIS SEROGROUP B FHBP FUSION PROTEIN I,OUTER MEMBRANE VESICLES FROM N MENINGITIDIS SEROGROUP B STRAIN NZ98254",0.5,ml,Biological,Prescription,GSK Vaccines Srl,Italy,Valid,4/14/2024,,
VIRONTA,ROSUVASTATIN,-,-,Generic,Prescription,APOTEX INC. (SIGNET SITE),Canada,Valid,8/29/2022,,
Pevas,PRASUGREL,-,-,Generic,Prescription,UNITED PHARMACEUTICAL COMPANY,Jordan,Valid,7/23/2024,,
Pevas,PRASUGREL,-,-,Generic,Prescription,UNITED PHARMACEUTICAL COMPANY,Jordan,Valid,7/23/2024,,
Birato,ABIRATERONE ACETATE,-,-,Generic,Prescription,Natco Pharma Limited,India,Valid,7/28/2025,,
OLICAN,FINGOLIMOD HYDROCHLORIDE,-,-,Generic,Prescription,PHARMASCIENCE INC.,Canada,Valid,7/23/2024,,
Dotagraf 0.5 mmol/ml Solution for Injection,GADOTERIC ACID,10,ml,Generic,Prescription,Headquarter Sanochemia Pharmazeutika AG,Austria,Valid,8/31/2022,,
D-SEUL 50000 IU SOFT GELATIN CAPSULE,CHOLECALCIFEROL,-,-,Generic,Prescription,UNITED PHARMACEUTICAL COMPANY,Jordan,Valid,8/29/2022,,
D-SEUL 50000 IU SOFT GELATIN CAPSULE,CHOLECALCIFEROL,-,-,Generic,Prescription,UNITED PHARMACEUTICAL COMPANY,Jordan,Valid,8/29/2022,,
Trevicta 175 mg prolonged release suspension for injection,PALIPERIDONE,0.875,ml,NCE,Prescription,JANSSEN PHARMACEUTICA N.V.,Belgium,Valid,8/29/2022,,
Trevicta 263 mg prolonged release suspension for injection,PALIPERIDONE,1.315,ml,NCE,Prescription,JANSSEN PHARMACEUTICA N.V.,Belgium,Valid,8/29/2022,,
Trevicta 350 mg prolonged release suspension for injection,PALIPERIDONE,1.75,ml,NCE,Prescription,JANSSEN PHARMACEUTICA N.V.,Belgium,Valid,8/29/2022,,
Trevicta 525 mg prolonged release suspension for injection,PALIPERIDONE,2.625,ml,NCE,Prescription,JANSSEN PHARMACEUTICA N.V.,Belgium,Valid,8/29/2022,,
VOSTRAN 2MG/ML SOLUTION FOR INJECTION,ONDANSETRON,2,ml,Generic,Prescription,MS Pharma ,Jordan,Valid,8/29/2022,,
GONISTA 125MG F.C TABLETS,BOSENTAN,-,-,Generic,Prescription,UNITED PHARMACEUTICAL COMPANY,Jordan,Valid,8/21/2024,,
GONISTA 62.5MG F.C TABLETS,BOSENTAN,-,-,Generic,Prescription,UNITED PHARMACEUTICAL COMPANY,Jordan,Valid,8/21/2024,,
DEVARIN 10MG ORODISPERSIBLE TABLET,VARDENAFIL,-,-,Generic,Prescription,LABORATORIOS CINFA SA,Spain,Valid,8/19/2024,,
DOCADEX 80MG/4ML,DOCETAXEL,4,ml,Generic,Prescription,S.C.SINDAN PHARMA S.R.L,Romania,Valid,7/28/2025,,
BATIPAN 50MG INJECTION,OXALIPLATIN,-,-,Generic,Prescription,Gland Pharma Limited ,India,Valid,7/8/2025,,
AUGE CARE EYE DROPS,"HYDRAFLEX,DEXPANTHENOL",0.35,ml,Generic,Prescription,Ote Pharma Sol B.V,Netherlands,Valid,11/6/2022,,
HYE MONO EYE DROPS,HYALURONIC ACID,0.5,ml,Generic,OTC,Farmigea S.p.A,Italy,Valid,8/29/2022,,
HYE MULTI EYE DROPS,HYALURONIC ACID,10,ml,Generic,OTC,Farmigea S.p.A,Italy,Valid,8/29/2022,,
XILOIAL MONO EYE DROPS,"HYALURONIC ACID,TS-POLYSACCHARIDE",0.5,ml,Generic,OTC,Farmigea S.p.A,Italy,Valid,11/7/2022,,
XILOIAL EYE DROPS,"HYALURONIC ACID,TS-POLYSACCHARIDE",10,ml,Generic,OTC,Farmigea S.p.A,Italy,Valid,11/7/2022,,
GLADIO,ACECLOFENAC,-,-,Generic,Prescription,MEDPHARMA PHARMACEUTICAL & CHEMICAL INDUSTRIES,United Arab Emirates,Valid,6/19/2025,,
BASALOG ONE,INSULIN GLARGINE,3,ml,Biological,Prescription,Biocon SDN. BHD,Malaysia,Valid,6/22/2023,,
BASALOG ONE,INSULIN GLARGINE,3,ml,Biological,Prescription,Biocon SDN. BHD,Malaysia,Valid,6/22/2023,,
BASALOG ONE,INSULIN GLARGINE,3,ml,Biological,Prescription,Biocon SDN. BHD,Malaysia,Valid,6/22/2023,,
ORNIBEL 0.120 mg / 0.015 mg per 24 Hours,"ETONOGESTREL,ETHINYLESTRADIOL",-,-,Generic,Prescription,"LABORATORIOS LEON FARMA, S.A.",Spain,Valid,11/21/2022,,
ARIGAL 250MG/2.5ML,ARGATROBAN,2.5,ml,NCE,Prescription,"Exela Pharma Sciences, LLC ",United States,Valid,7/27/2025,,
ARIGAL 50MG/50ML,ARGATROBAN,50,ml,NCE,Prescription,"Exela Pharma Sciences, LLC ",United States,Valid,7/27/2025,,
MIXIF,CEFIXIME,60,ml,Generic,Prescription,DAR ALDAWA,Jordan,Valid,7/27/2025,,
HY-LIGHT,HYALURONIC ACID,10,ml,Generic,OTC,Farmigea S.p.A,Italy,Valid,8/29/2022,,
COSYREL 5MG/5MG F.C.TABLET,"PERINDOPRIL ARGININE,BISOPROLOL FUMARATE",-,-,NCE,Prescription,LES LABORATOIRES SERVIER INDUSTRIE,France,Valid,1/24/2024,,
COSYREL 5MG/10MG F.C.TABLET,"PERINDOPRIL ARGININE,BISOPROLOL FUMARATE",-,-,NCE,Prescription,LES LABORATOIRES SERVIER INDUSTRIE,France,Valid,1/24/2024,,
OMISEC,OMEPRAZOLE,-,-,Generic,Prescription,MS Pharma ,Jordan,Valid,11/8/2022,,
ZINOLE 5MG TABLET (30 tablets),ARIPIPRAZOLE,-,-,Generic,Prescription,LABORATORIOS CINFA SA,Spain,Valid,8/29/2022,,
ZINOLE 10MG TABLET (30 tablets),ARIPIPRAZOLE,-,-,Generic,Prescription,LABORATORIOS CINFA SA,Spain,Valid,8/29/2022,,
ZINOLE 15MG TABLET (30 tablets),ARIPIPRAZOLE,-,-,Generic,Prescription,LABORATORIOS CINFA SA,Spain,Valid,8/29/2022,,
APIEXEL,ARIPIPRAZOLE,-,-,Generic,Prescription,Laboratorios Liconsa S.A,Spain,Valid,8/29/2022,,
APIEXEL,ARIPIPRAZOLE,-,-,Generic,Prescription,Laboratorios Liconsa S.A,Spain,Valid,8/29/2022,,
APIEXEL,ARIPIPRAZOLE,-,-,Generic,Prescription,Laboratorios Liconsa S.A,Spain,Valid,8/29/2022,,
ADYNOVATE,"ANTIHEMOPHILIC FACTOR, PEGYLATED (MW 20000) HUMAN SEQUENCE RECOMBINANT",5,ml,Biological,Prescription,Baxalta manufacturing Sarl ,Switzerland,Valid,6/4/2025,,
ADYNOVATE,"ANTIHEMOPHILIC FACTOR, PEGYLATED (MW 20000) HUMAN SEQUENCE RECOMBINANT",5,ml,Biological,Prescription,Baxalta manufacturing Sarl ,Switzerland,Valid,6/4/2025,,
ADYNOVATE,"ANTIHEMOPHILIC FACTOR, PEGYLATED (MW 20000) HUMAN SEQUENCE RECOMBINANT",5,ml,Biological,Prescription,Baxalta manufacturing Sarl ,Switzerland,Valid,6/4/2025,,
DYMISTA,"AZELASTINE HYDROCHLORIDE,FLUTICASONE PROPIONATE",17,ml,NCE,Prescription,Cipla Limited ,India,Valid,7/15/2025,,
ILARIS,CANAKINUMAB,1,ml,Biological,Prescription,NOVARTIS Pharma Stein AG,Switzerland,Valid,10/9/2024,,
SMOFLIPID,"SOYA OIL,TRIGLYCERIDES MEDIUM CHAIN,OLIVE OIL,FISH OIL",500,ml,NCE,Prescription,FRESENIUS KABI,Austria,Valid,8/1/2024,,
SMOFLIPID,"SOYA OIL,TRIGLYCERIDES MEDIUM CHAIN,OLIVE OIL,FISH OIL",250,ml,NCE,Prescription,FRESENIUS KABI,Austria,Valid,8/1/2024,,
LISONORM 20 -10,"LISINOPRIL,AMLODIPINE BESILATE",-,-,NCE,Prescription,GEDEON RICHTER PLC.,Hungary,Valid,10/3/2024,,
LISONORM 10 - 5,"LISINOPRIL,AMLODIPINE BESILATE",-,-,NCE,Prescription,GEDEON RICHTER PLC.,Hungary,Valid,11/8/2022,,
VOLOPEM,BOSUTINIB,-,-,Generic,Prescription,The Arab Pharmaceutical Manufacturing PSC (Sahab) Co Ltd ,Jordan,Valid,3/29/2023,,
VOLOPEM,BOSUTINIB,-,-,Generic,Prescription,The Arab Pharmaceutical Manufacturing PSC (Sahab) Co Ltd ,Jordan,Valid,3/29/2023,,
CITAROX 1000MG VIAL,GEMCITABINE,25,ml,Generic,Prescription,S.C Sindan pharma SRL,Romania,Valid,7/28/2025,,
FANVIL,VARDENAFIL,-,-,Generic,Prescription,CHANELLE MEDICAL,Ireland,Valid,8/29/2022,,
CERDELGA,ELIGLUSTAT,-,-,NCE,Prescription,GENZYME IRELAND LIMITED,Ireland,Valid,8/1/2022,,
BASAGLAR 100 u/ml Solution For Injection In Pre-Filled Pen,INSULIN GLARGINE,3,ml,Biological,Prescription,LILLY FRANCE,France,Valid,11/20/2022,,
TOPFEROL,CHOLECALCIFEROL,-,-,Generic,Prescription,Pharma International Co.,Jordan,Valid,12/29/2024,,
PROLUTEX,PROGESTERONE,1,ml,NCE,Prescription,IBSA Institut Biochimique SA ,Switzerland,Valid,11/4/2024,,
Vislube EYD DROPS,SODIUM HYALURONATE,0.3,ml,Generic,OTC,Holopack Verpackungstechnik GmbH,Germany,Valid,9/3/2024,,
Olimestra,OLMESARTAN MEDOXOMIL,-,-,Generic,Prescription,KRKA dd Novo mesto,Slovenia,Valid,9/11/2022,,
Olimestra,OLMESARTAN MEDOXOMIL,-,-,Generic,Prescription,KRKA dd Novo mesto,Slovenia,Valid,9/11/2022,,
Dusta,DUTASTERIDE,-,-,Generic,Prescription,"LABORATORIOS LEON FARMA, S.A.",Spain,Valid,7/23/2024,,
BITENS,"OLMESARTAN MEDOXOMIL,AMLODIPINE BESILATE",-,-,Generic,Prescription,GENEPHARM S.A.,Greece,Valid,11/19/2022,,
BITENS,"OLMESARTAN MEDOXOMIL,AMLODIPINE BESILATE",-,-,Generic,Prescription,GENEPHARM S.A.,Greece,Valid,11/19/2022,,
BITENS,"OLMESARTAN MEDOXOMIL,AMLODIPINE BESILATE",-,-,Generic,Prescription,GENEPHARM S.A.,Greece,Valid,11/19/2022,,
Etoxib,Etoricoxib,-,-,Generic,Prescription,OMAN PHARMACEUTICAL PRODUCTS,Oman,Valid,8/29/2022,,
Etoxib,Etoricoxib,-,-,Generic,Prescription,OMAN PHARMACEUTICAL PRODUCTS,Oman,Valid,8/29/2022,,
Etoxib,Etoricoxib,-,-,Generic,Prescription,OMAN PHARMACEUTICAL PRODUCTS,Oman,Valid,8/29/2022,,
Isolone,PREDNISOLONE,-,-,NCE,Prescription,SOTHEMA,Morocco,Valid,3/9/2023,,
Isolone,PREDNISOLONE,-,-,NCE,Prescription,SOTHEMA,Morocco,Valid,8/16/2023,,
Lenova,LEVOFLOXACIN,-,-,Generic,Prescription, Amoun Pharmaceutical Company,Egypt,Valid,8/29/2022,,
Cablivi,CAPLACIZUMAB,1,ml,Biological,Prescription,Patheon Italia S.P.A.,Italy,Valid,4/2/2023,,
Ferasiro 90,DEFERASIROX,-,-,Generic,Prescription,MSN LABORATORIES PRIVATE LIMITED ,India,Valid,8/21/2024,,
Ferasiro 180,DEFERASIROX,-,-,Generic,Prescription,MSN LABORATORIES PRIVATE LIMITED ,India,Valid,8/21/2024,,
Ferasiro 360,DEFERASIROX,-,-,Generic,Prescription,MSN LABORATORIES PRIVATE LIMITED ,India,Valid,8/21/2024,,
Kymriah,TISAGENLECLEUCEL,1,ml,Biological,Prescription,NOVARTIS,United States,Valid,3/6/2023,,
DERMALAX PLUS INJECTION,HYALURONIC ACID,1.1,ml,Generic,Prescription,"Across Co., Ltd",KOREA,Valid,6/12/2023,,
SENERGY PLUS (10/160/25)MG F.C TABLETS,"VALSARTAN,HYDROCHLOROTHIAZIDE,AMLODIPINE BESILATE",-,-,Generic,Prescription,UNITED PHARMACEUTICAL COMPANY,Jordan,Valid,6/15/2023,,
SENERGY PLUS (10/160/12.5)MG F.C TABLETS,"VALSARTAN,HYDROCHLOROTHIAZIDE,AMLODIPINE BESILATE",-,-,Generic,Prescription,UNITED PHARMACEUTICAL COMPANY,Jordan,Valid,6/15/2023,,
SENERGY PLUS (5/160/25)MG F.C TABLETS,"VALSARTAN,HYDROCHLOROTHIAZIDE,AMLODIPINE BESILATE",-,-,Generic,Prescription,UNITED PHARMACEUTICAL COMPANY,Jordan,Valid,6/15/2023,,
SENERGY PLUS (5/160/12.5)MG F.C TABLETS,"VALSARTAN,HYDROCHLOROTHIAZIDE,AMLODIPINE BESILATE",-,-,Generic,Prescription,UNITED PHARMACEUTICAL COMPANY,Jordan,Valid,6/15/2023,,
SCOLTA 40MG F.C TABLETS,ROSUVASTATIN,-,-,Generic,Prescription,UNITED PHARMACEUTICAL COMPANY,Jordan,Valid,8/29/2022,,
JANUMET XR ,"METFORMIN HYDROCHLORIDE,SITAGLIPTIN PHOSPHATE",-,-,NCE,Prescription,MSD International GmbH Las Piedras,United States,Valid,12/29/2022,,
JANUMET XR ,"METFORMIN HYDROCHLORIDE,SITAGLIPTIN PHOSPHATE",-,-,NCE,Prescription,MSD International GmbH Las Piedras,United States,Valid,12/29/2022,,
JANUMET XR ,"METFORMIN HYDROCHLORIDE,SITAGLIPTIN PHOSPHATE",-,-,NCE,Prescription,MSD International GmbH Las Piedras,United States,Valid,5/14/2023,,
RIVAXEL 4.6MG/24HRS TRANSDERMAL PATCHES,RIVASTIGMINE,-,-,Generic,Prescription,"SK Chemicals Co., Ltd",KOREA,Valid,6/16/2023,,
RIVAXEL 9.5MG/24HRS TRANSDERMAL PATCHES,RIVASTIGMINE,-,-,Generic,Prescription,"SK Chemicals Co., Ltd",KOREA,Valid,6/16/2023,,
RIVAXEL 13.3MG/24HRS TRANSDERMAL PATCHES,RIVASTIGMINE,-,-,Generic,Prescription,"SK Chemicals Co., Ltd",KOREA,Valid,6/16/2023,,
GEBTIN,GEMCITABINE,-,-,Generic,Prescription,Jiangsu Hansoh Pharmaceutical Group Co,China,Valid,8/31/2022,,
GEBTIN,GEMCITABINE,-,-,Generic,Prescription,Jiangsu Hengrui Pharmaceuticals Co Ltd,China,Valid,8/31/2022,,
GLATIJECT,GLATIRAMER,1,ml,Generic,Prescription,Gland Pharma Limited ,India,Valid,10/3/2022,,
GLATIJECT,GLATIRAMER,1,ml,Generic,Prescription,Gland Pharma Limited ,India,Valid,10/3/2022,,
DECOZAL 0.05% METERED DOSE NASAL SPRAY,XYLOMETAZOLINE HYDROCHLORIDE,10,ml,Generic,OTC,Amman Pharmaceutical Industries (API),Jordan,Valid,12/15/2024,,
Demexa,DEXMEDETOMIDINE,2,ml,Generic,Prescription,Gland Pharma Limited ,India,Valid,7/28/2025,,
MALAUST,"ATOVAQUONE,PROGUANIL HYDROCHLORIDE",-,-,Generic,Prescription,Glenmark Pharmaceuticals Limited - Baddi,India,Valid,7/23/2024,,
Hyrimoz,ADALIMUMAB,0.8,ml,Biological,Prescription,SANDOZ,Austria,Valid,8/21/2024,,
Hyrimoz,ADALIMUMAB,0.8,ml,Biological,Prescription,Novartis Pharmaceutical Manufacturing GmbH,Austria,Valid,8/21/2024,,
Exopex,ESCITALOPRAM,-,-,Generic,Prescription,Al-Taqaddom pharmaceutical Industries ,Jordan,Valid,8/28/2024,,
Exopex,ESCITALOPRAM,-,-,Generic,Prescription,Al-Taqaddom pharmaceutical Industries ,Jordan,Valid,8/28/2024,,
Pemitax,PEMETREXED,50,ml,Generic,Prescription,Gland Pharma Limited ,India,Valid,7/28/2025,,
Esperoct,TUROCTOCOG ALFA PEGOL,4,ml,Biological,Prescription,Novo Nordisk Bagsvaerd,Denmark,Valid,12/7/2023,,
Esperoct,TUROCTOCOG ALFA PEGOL,4,ml,Biological,Prescription,Novo Nordisk Bagsvaerd,Denmark,Valid,12/7/2023,,
ALBUNORM,PLASMA PROTEIN-L WITH HUMAN ALBUMIN,250,ml,Biological,Prescription,OCTAPHARMA,Sweden,Valid,1/30/2025,,
%ALBUNORM 20,PLASMA PROTEIN-L WITH HUMAN ALBUMIN,100,ml,Biological,Prescription,OCTAPHARMA,Sweden,Valid,1/30/2025,,
ALBUNORM 20%,PLASMA PROTEIN-L WITH HUMAN ALBUMIN,50,ml,Biological,Prescription,OCTAPHARMA,Sweden,Valid,1/30/2025,,
L-CET,LEVOCETIRIZINE DIHYDROCHLORIDE,100,ml,Generic,OTC,OMAN PHARMACEUTICAL PRODUCTS,Oman,Valid,8/29/2022,,
Cabazitaxel SPC 60mg/1.5ml,CABAZITAXEL,1.5,mg,Generic,Prescription,Dr. Reddy’s Laboratories Ltd. Formulation Unit VII,India,Valid,7/22/2025,,
Colistimethate SPC,COLISTIMETHATE SODIUM,-,-,Generic,Prescription,XELLIA PHARMACEUTICAL APS,Denmark,Valid,2/8/2023,,
Pomalidomide SPC,POMALIDOMIDE,-,-,Generic,Prescription,Dr. Reddy’s Laboratories Ltd. Formulation Unit VII,India,Valid,2/27/2024,,
Pomalidomide SPC,POMALIDOMIDE,-,-,Generic,Prescription,Dr. Reddy’s Laboratories Ltd. Formulation Unit VII,India,Valid,2/27/2024,,
Pomalidomide SPC,POMALIDOMIDE,-,-,Generic,Prescription,Dr. Reddy’s Laboratories Ltd. Formulation Unit VII,India,Valid,2/27/2024,,
Pomalidomide SPC,POMALIDOMIDE,-,-,Generic,Prescription,Dr. Reddy’s Laboratories Ltd. Formulation Unit VII,India,Valid,2/27/2024,,
Paracetamol Kabi,PARACETAMOL,100,ml,Generic,Prescription,FRESENIUS KABI,Germany,Valid,8/1/2024,,
Imipenem/Cilastatin Kabi 500MG/500MG VIAL,CILASTATIN,-,-,Generic,Prescription,ACS Dobfar S.P.A,Italy,Valid,8/1/2024,,
Hyalax Light,SODIUM HYALURONATE,1,ml,Generic,Prescription,Croma GmbH ,Austria,Valid,8/29/2022,,
FEIBA 50U POWDER&SOLVENT,FACTOR VIII INHIBITOR BYPASSING FRACTION,10,ml,Biological,Prescription,TAKEDA MANUFACTURING AUSTRIA AG,Austria,Valid,7/27/2025,,
Ixifi,INFLIXIMAB,-,-,Biological,Prescription,Pfizer Manufacturing Belgium N.V.,Belgium,Valid,8/21/2024,,
Arixtra 7.5mg-0.6ml Pre-filled syringe ,FONDAPARINUX SODIUM,0.6,ml,NCE,Prescription,ASPEN NOTRE DAM de BONDEVILLE,France,Valid,1/2/2025,,
Inhixa,ENOXAPARIN SODIUM,1,ml,Biological,Prescription,Shenzhen Techdow Pharmaceutical Co Ltd,China,Valid,11/20/2022,,
Inhixa,ENOXAPARIN SODIUM,0.8,ml,Biological,Prescription,Shenzhen Techdow Pharmaceutical Co Ltd,China,Valid,11/23/2023,,
Inhixa,ENOXAPARIN SODIUM,1,ml,Biological,Prescription,Shenzhen Techdow Pharmaceutical Co Ltd,China,Valid,6/11/2023,,
Inhixa,ENOXAPARIN SODIUM,0.8,ml,Biological,Prescription,Shenzhen Techdow Pharmaceutical Co Ltd,China,Valid,11/23/2023,,
Inhixa,ENOXAPARIN SODIUM,0.6,ml,Biological,Prescription,Shenzhen Techdow Pharmaceutical Co Ltd,China,Valid,11/23/2023,,
Inhixa,ENOXAPARIN SODIUM,0.4,ml,Biological,Prescription,Shenzhen Techdow Pharmaceutical Co Ltd,China,Valid,11/23/2023,,
Inhixa,ENOXAPARIN SODIUM,0,ml,Biological,Prescription,Shenzhen Techdow Pharmaceutical Co Ltd,China,Valid,11/23/2023,,
DANDAXA,TADALAFIL,-,-,Generic,Prescription,Gulf Pharmaceutical Industries (Julphar),United Arab Emirates,Valid,8/29/2022,,
DANDAXA,TADALAFIL,-,-,Generic,Prescription,Gulf Pharmaceutical Industries (Julphar),United Arab Emirates,Valid,8/29/2022,,
TETRAXIM,"DIPHTHERIA TOXOID,TETANUS TOXOID,PERTUSSIS TOXOID,FILAMENTOUS HAEMAGGLUTININ,INACTIVATED POLIOMYELITIS VIRUS TYPE 1 (MAHONEY STRAIN),INACTIVATED POLIOMYELITIS VIRUS TYPE 2 (MEF-1 STRAIN),INACTIVATED POLIOMYELITIS VIRUS TYPE 3 (SAUKETT STRAIN)",0.5,ml,Biological,Prescription,SANOFI PASTEUR SA,France,Valid,11/30/2022,,
CIS-TAC,CISATRACURIUM,5,ml,Generic,Prescription,Fresenius Kabi manufacturing SA (Pty) Ltd ,South Africa,Valid,8/1/2024,,
VILTIN 50 MG TABLET,VILDAGLIPTIN,-,-,Generic,Prescription,Pharma International Co.,Jordan,Valid,12/29/2024,,
XIFAXAN 200MG F.C.TABLET,RIFAXIMIN,-,-,NCE,Prescription,Alfasigma S.p.A,Italy,Valid,8/1/2022,,
FLAMEX 400MG CAPSULE,CELECOXIB,-,-,Generic,Prescription,Jordan Sweden Medical and Sterilization Co.,Jordan,Valid,2/19/2025,,
FLAMEX 200 MG CAPSULE,CELECOXIB,-,-,Generic,Prescription,Jordan Sweden Medical and Sterilization Co.,Jordan,Valid,2/19/2025,,
Sildenafil OHRE Pharma,SILDENAFIL,-,-,NCE,Prescription,PHARMACEUTICAL WORKS POLPHARMA S.A.,Poland,Valid,8/20/2023,,
BOSULIF,BOSUTINIB,-,-,NCE,Prescription,Pfizer Manufacturing Deutschland GmbH,Germany,Valid,8/1/2022,,
Otipax,"PHENAZONE,LIDOCAINE HYDROCHLORIDE",15,ml,Generic,Prescription,Biocodex,France,Valid,11/13/2022,,
FOLICRON SR CAPSULE,"FERROUS SULFATE,FOLIC ACID",-,-,Generic,OTC,Gulf Pharmaceutical Industries (Julphar),United Arab Emirates,Valid,11/21/2022,,
FROXA,DEFEROXAMINE,-,-,Generic,Prescription,MS Pharma ,Jordan,Valid,12/27/2023,,
AMKANT,AMIKACIN,2,ml,Generic,Prescription,MS Pharma ,Jordan,Valid,7/6/2025,,
OGIVRI,Trastuzumab,-,-,Biological,Prescription,Biocon Biologics Limited,India,Valid,6/4/2025,,
ROST,ROSUVASTATIN,-,-,Generic,Prescription,Hetero Labs Limited Unit – V,India,Valid,1/19/2023,,
ROST,ROSUVASTATIN,-,-,Generic,Prescription,Hetero Labs Limited Unit – V,India,Valid,1/19/2023,,
ROST,ROSUVASTATIN,-,-,Generic,Prescription,Hetero Labs Limited Unit – V,India,Valid,2/15/2023,,
Durotine,DULOXETINE,-,-,Generic,Prescription,Hetero Labs Limited Unit – III,India,Valid,9/5/2022,,
Durotine,DULOXETINE,-,-,Generic,Prescription,Hetero Labs Limited Unit – III,India,Valid,9/5/2022,,
Otrasa,DASATINIB,-,-,Generic,Prescription,Synthon Hispania SL,Spain,Valid,8/29/2022,,
Otrasa,DASATINIB,-,-,Generic,Prescription,Synthon Hispania SL,Spain,Valid,8/29/2022,,
Otrasa,DASATINIB,-,-,Generic,Prescription,Synthon Hispania SL,Spain,Valid,8/29/2022,,
Kanjinti,Trastuzumab,-,-,Biological,Prescription,AMGEN TECHNOLOGY,Ireland,Valid,4/26/2023,,
Kanjinti,Trastuzumab,-,-,Biological,Prescription,AMGEN TECHNOLOGY,Ireland,Valid,11/20/2022,,
Galtipex,GLATIRAMER,1,ml,NCE,Prescription,Aspen Healthcare,Malta,Valid,3/6/2025,,
Reagila,Cariprazine hydrochloride,-,-,NCE,Prescription,GEDEON RICHTER PLC.,Hungary,Valid,8/29/2022,,
Reagila,Cariprazine hydrochloride,-,-,NCE,Prescription,GEDEON RICHTER PLC.,Hungary,Valid,8/29/2022,,
Reagila,Cariprazine hydrochloride,-,-,NCE,Prescription,GEDEON RICHTER PLC.,Hungary,Valid,8/29/2022,,
Reagila,Cariprazine hydrochloride,-,-,NCE,Prescription,GEDEON RICHTER PLC.,Hungary,Valid,8/1/2022,,
Lamsev 800,SEVELAMER CARBONATE,-,-,Generic,Prescription,Aurobindo Pharma Limited Unit VII,India,Valid,3/9/2023,,
IVNEM,"CILASTATIN,IMIPENEM",20,ml,Generic,Prescription,ACS DOBFAR SPA,Italy,Valid,11/1/2022,,
Tredia,Dimethyl Fumarate,-,-,Generic,Prescription,Shilpa Medicare Ltd,India,Valid,11/15/2023,,
Tredia,Dimethyl Fumarate,-,-,Generic,Prescription,Shilpa Medicare Ltd,India,Valid,11/15/2023,,
Beovu,Brolucizumab,0.165,ml,Biological,Prescription,NOVARTIS Pharma Stein AG,Switzerland,Valid,1/30/2023,,
Ocaliva,Obeticholic Acid,-,-,NCE,Prescription,PIRAMAL HEALTHCARE UK LIMITED,United Kingdom,Valid,3/17/2024,,
Ocaliva,Obeticholic Acid,-,-,NCE,Prescription,PIRAMAL HEALTHCARE UK LIMITED,United Kingdom,Valid,3/17/2024,,
Etimicol 10,EZETIMIBE,-,-,Generic,Prescription,Aurobindo Pharma Limited Unit VII,India,Valid,8/29/2022,,
Trientine dihydrochloride,TRIENTINE DIHYDROCHLORIDE,-,-,NCE,Prescription,Apothecon Pharmaceuticals PVT Limited,India,Valid,9/16/2024,,
Zirabev,Bevacizumab,4,ml,Biological,Prescription,PFIZER,Ireland,Valid,8/31/2022,,
Zirabev,Bevacizumab,16,ml,Biological,Prescription,PFIZER,Ireland,Valid,8/31/2022,,
Xoria,ADENOSINE,2,ml,Generic,Prescription,HIKMA ITALIA SPA,Italy,Valid,8/31/2022,,
Pitacro,Capecitabine,-,-,Generic,Prescription,MSN LABORATORIES PRIVATE LIMITED ,India,Valid,4/16/2024,,
Pitacro,Capecitabine,-,-,Generic,Prescription,MSN LABORATORIES PRIVATE LIMITED ,India,Valid,4/16/2024,,
Tyrox,ERLOTINIB,-,-,Generic,Prescription,REMEDICA,Cyprus,Valid,3/23/2023,,
Tyrox,ERLOTINIB,-,-,Generic,Prescription,REMEDICA,Cyprus,Valid,3/20/2023,,
Rivana,RIVAROXABAN,-,-,Generic,Prescription,DR. REDDY,India,Valid,7/22/2025,,
Rivaroxaban SPC,RIVAROXABAN,-,-,Generic,Prescription,DR. REDDY,India,Valid,7/22/2025,,
Rivaroxaban SPC,RIVAROXABAN,-,-,Generic,Prescription,DR. REDDY,India,Valid,7/22/2025,,
Montas,MONTELUKAST SODIUM,-,-,Generic,Prescription,OMAN PHARMACEUTICAL PRODUCTS,Oman,Valid,2/11/2025,,
Bosentan OHRE Pharma,BOSENTAN,-,-,Generic,Prescription,PHARMACEUTICAL WORKS POLPHARMA S.A.,Poland,Valid,8/29/2022,,
Dimethyl Fumarate SPC,Dimethyl Fumarate,-,-,Generic,Prescription,MSN LABORATORIES PRIVATE LIMITED ,India,Valid,11/12/2024,,
Dimethyl Fumarate SPC,Dimethyl Fumarate,-,-,Generic,Prescription,MSN LABORATORIES PRIVATE LIMITED ,India,Valid,11/12/2024,,
Dimethyl Fumarate SPC,Dimethyl Fumarate,-,-,Generic,Prescription,MSN LABORATORIES PRIVATE LIMITED ,India,Valid,11/12/2024,,
Dimethyl Fumarate SPC,Dimethyl Fumarate,-,-,Generic,Prescription,MSN LABORATORIES PRIVATE LIMITED ,India,Valid,11/12/2024,,
Hyacorp Face,"HYALURONIC ACID, HYALURONIC ACID CROSS-LINKED",2,ml,Generic,Prescription,Bioscience GmbH,Germany,Valid,11/30/2022,,
Hyacorp Face,"HYALURONIC ACID, HYALURONIC ACID CROSS-LINKED",1,ml,Generic,Prescription,Bioscience GmbH,Germany,Valid,11/30/2022,,
HYAcorp MLF1 - HYAcorp MLF2,"HYALURONIC ACID, HYALURONIC ACID CROSS-LINKED",10,ml,Generic,Prescription,Bioscience GmbH,Germany,Valid,11/30/2022,,
Hyacorp Fine,SODIUM HYALURONATE,1,ml,Generic,Prescription,Bioscience GmbH,Germany,Valid,11/30/2022,,
Hyacorp Lips,"HYALURONIC ACID, HYALURONIC ACID CROSS-LINKED",1,ml,Generic,Prescription,Bioscience GmbH,Germany,Valid,11/30/2022,,
Hyaprof Soft,HYALURONIC ACID,1,ml,Generic,Prescription,Bioscience GmbH,Germany,Valid,8/29/2022,,
Hyaprof Balance,HYALURONIC ACID,1,ml,Generic,Prescription,Bioscience GmbH,Germany,Valid,8/29/2022,,
Dermafill Volume Ultra,HYALURONIC ACID,1,ml,Generic,Prescription,Bohus BioTech AB,Sweden,Valid,8/29/2022,,
Jalor,HYALURONIC ACID,1,ml,Generic,Prescription,CROMA PHARMA GMBH,Austria,Valid,8/29/2022,,
Diva,"DROSPINENONE,ETHINYLESTRADIOL",-,-,Generic,Prescription,"LABORATORIOS LEON FARMA, S.A.",Spain,Valid,11/22/2022,,
Slinda,Drospirenone,-,-,NCE,Prescription,"LABORATORIOS LEON FARMA, S.A.",Spain,Valid,2/4/2024,,
Nucala,MEPOLIZUMAB,1,ml,Biological,Prescription,Glaxo Operations UK Ltd ,United Kingdom,Valid,8/21/2024,,
Nucala,MEPOLIZUMAB,1,ml,Biological,Prescription,Glaxo Operations UK Ltd ,United Kingdom,Valid,7/23/2024,,
Calquence,Acalabrutinib,-,-,NCE,Prescription,AstraZeneca AB,Sweden,Valid,9/4/2024,,
Trazimera,Trastuzumab,-,-,Biological,Prescription,Pfizer Manufacturing Belgium N.V.,Belgium,Valid,2/20/2024,,
TYKODAS,DASATINIB,-,-,Generic,Prescription,MSN LABORATORIES PRIVATE LIMITED ,India,Valid,7/28/2025,,
TYKODAS,DASATINIB,-,-,Generic,Prescription,MSN LABORATORIES PRIVATE LIMITED ,India,Valid,7/28/2025,,
IMBRUVICA,IBRUTINIB,-,-,NCE,Prescription,JANSSEN-CILAG,Switzerland,Valid,8/29/2022,,
Exitor,Etoricoxib,-,-,Generic,Prescription,Hetero Labs Limited Unit – III,India,Valid,8/29/2022,,
Exitor,Etoricoxib,-,-,Generic,Prescription,Hetero Labs Limited Unit – III,India,Valid,8/29/2022,,
Exitor,Etoricoxib,-,-,Generic,Prescription,Hetero Labs Limited Unit – III,India,Valid,8/29/2022,,
Tadil,TADALAFIL,-,-,Generic,Prescription,Hetero Labs Limited Unit – III,India,Valid,11/28/2022,,
Tadil,TADALAFIL,-,-,Generic,Prescription,Hetero Labs Limited Unit – III,India,Valid,11/28/2022,,
Tadil,TADALAFIL,-,-,Generic,Prescription,Hetero Labs Limited Unit – III,India,Valid,11/28/2022,,
Virtra,"LOPINAVIR,RITONAVIR",-,-,NCE,Prescription,Hetero Labs Limited Unit – III,India,Valid,11/21/2022,,
Borvix,BORTEZOMIB,10,ml,Generic,Prescription,Qilu Pharmaceutical Hainan Co Ltd,China,Valid,8/31/2022,,
Bonteo 20 mcg per 80 mcl,TERIPARATIDE,2.48,ml,Biological,Prescription,Rechon Life Science AB,Sweden,Valid,7/29/2025,,
Carfilzomib SPC,CARFILZOMIB,-,-,Generic,Prescription,Cipla Limited ,India,Valid,7/22/2025,,
SOLYO,LIDOCAINE HYDROCHLORIDE,3.5,ml,Generic,Prescription,Medochemie (Ampoule Injectable Facility),Cyprus,Valid,3/4/2025,,
Zorta,ARIPIPRAZOLE,-,-,Generic,Prescription,UNITED PHARMACEUTICAL COMPANY,Jordan,Valid,8/29/2022,,
Zorta,ARIPIPRAZOLE,-,-,Generic,Prescription,UNITED PHARMACEUTICAL COMPANY,Jordan,Valid,8/29/2022,,
Levonic,LEVOFLOXACIN,150,ml,NCE,Prescription,Hikma Farmaceutica,Portugal,Valid,10/11/2022,,
Meropa,MEROPENEM,-,-,Generic,Prescription,ACS DOBFAR S.P.A,Italy,Valid,8/31/2022,,
Meropa,MEROPENEM,-,-,Generic,Prescription,ACS Dobfar S.p.A.,Italy,Valid,9/15/2022,,
Parinso,LACOSAMIDE,-,-,Generic,Prescription,MSN LABORATORIES PRIVATE LIMITED ,India,Valid,3/10/2025,,
Parinso,LACOSAMIDE,-,-,Generic,Prescription,MSN LABORATORIES PRIVATE LIMITED ,India,Valid,3/10/2025,,
Parinso,LACOSAMIDE,-,-,Generic,Prescription,MSN LABORATORIES PRIVATE LIMITED ,India,Valid,3/10/2025,,
Parinso,LACOSAMIDE,-,-,Generic,Prescription,MSN LABORATORIES PRIVATE LIMITED ,India,Valid,3/10/2025,,
FEXOFIN,FEXOFENADINE HYDROCHLORIDE,-,-,Generic,OTC,IND-SWIFT LIMITED ,India,Valid,7/6/2025,,
Refixia,NONACOG BETA PEGOL,4,ml,Biological,Prescription,Novo Nordisk Bagsvaerd,Denmark,Valid,1/27/2025,,
Refixia,NONACOG BETA PEGOL,4,ml,Biological,Prescription,Novo Nordisk Bagsvaerd,Denmark,Valid,1/27/2025,,
Refixia,NONACOG BETA PEGOL,4,ml,Biological,Prescription,Novo Nordisk Bagsvaerd,Denmark,Valid,1/27/2025,,
Exdure,DAPOXETINE,-,-,Generic,Prescription,Apex Pharma Egypt,Egypt,Valid,3/10/2025,,
Exdure,DAPOXETINE,-,-,Generic,Prescription,Apex Pharma Egypt,Egypt,Valid,3/10/2025,,
Erastapecs Trio,"OLMESARTAN MEDOXOMIL,HYDROCHLOROTHIAZIDE,AMLODIPINE BESILATE",-,-,Generic,Prescription,Apex Pharma Egypt,Egypt,Valid,5/27/2025,,
Erastapecs Trio,"OLMESARTAN MEDOXOMIL,HYDROCHLOROTHIAZIDE,AMLODIPINE BESILATE",-,-,Generic,Prescription,Apex Pharma Egypt,Egypt,Valid,5/14/2025,,
Erastapecs Trio,"OLMESARTAN MEDOXOMIL,HYDROCHLOROTHIAZIDE,AMLODIPINE BESILATE",-,-,Generic,Prescription,Apex Pharma Egypt,Egypt,Valid,5/14/2025,,
XEVANEER 125mg/5ml Powder For Oral Suspension,CEFDINIR,80,ml,Generic,Prescription,DAR ALDAWA,Jordan,Valid,8/29/2022,,
Xivar,RIVAROXABAN,-,-,Generic,Prescription,DAR ALDAWA,Jordan,Valid,8/29/2022,,
Xivar,RIVAROXABAN,-,-,Generic,Prescription,DAR ALDAWA,Jordan,Valid,8/29/2022,,
Xivar,RIVAROXABAN,-,-,Generic,Prescription,DAR ALDAWA,Jordan,Valid,3/3/2024,,
CANHERA,Trastuzumab,-,-,Biological,Prescription,Biocon Limited ,India,Valid,8/31/2022,,
CEPHADAR ,CEFALEXIN,-,-,Generic,Prescription,DAR ALDAWA,Jordan,Valid,3/3/2024,,
CLARISCAN,GADOTERIC ACID,15,ml,NCE,Prescription,GE Healthcare AS,Norway,Valid,3/3/2024,,
CLARISCAN,GADOTERIC ACID,10,ml,Generic,Prescription,GE Healthcare AS,Norway,Valid,3/3/2024,,
CLARISCAN,GADOTERIC ACID,20,ml,Generic,Prescription,GE Healthcare AS,Norway,Valid,3/3/2024,,
SOPORIDEX,DEXMEDETOMIDINE,4,ml,Generic,Prescription,EVER PHARMA JENA GMBH,Germany,Valid,4/8/2025,,
SOPORIDEX,DEXMEDETOMIDINE,2,ml,Generic,Prescription,EVER PHARMA JENA GMBH,Germany,Valid,4/8/2025,,
SOPORIDEX,DEXMEDETOMIDINE,10,ml,Generic,Prescription,EVER PHARMA JENA GMBH,Germany,Valid,4/8/2025,,
CLAMUDEX,Bicalutamide,-,-,Generic,Prescription,Kocak Farma İlac Ve Kimya Sanayi A.S.,Turkey,Valid,3/3/2024,,
Emcap,Capecitabine,-,-,Generic,Prescription,MSN LABORATORIES PRIVATE LIMITED ,India,Valid,7/28/2025,,
CLASGEN,CICLOSPORIN,0.4,ml,Generic,Prescription,"Huons Co., Ltd.",KOREA,Valid,8/28/2023,,
ZAVEDOS 1MG/ML VIAL,IDARUBICIN HYDROCHLORIDE,10,ml,NCE,Prescription,Zydus Hospira Oncology Private Limited ZHOPL ,India,Valid,12/31/2024,,
ZAVEDOS 1MG/ML VIAL,IDARUBICIN HYDROCHLORIDE,5,ml,Generic,Prescription,Zydus Hospira Oncology Private Limited ZHOPL ,India,Valid,12/31/2024,,
EPILYRE,LEVETIRACETAM,-,-,Generic,Prescription,Apex Pharma Egypt,Egypt,Valid,2/9/2025,,
EPILYRE,LEVETIRACETAM,-,-,Generic,Prescription,Apex Pharma Egypt,Egypt,Valid,2/9/2025,,
EXAMIDE,TORSEMIDE,-,-,Generic,Prescription,Apex Pharma Egypt,Egypt,Valid,1/21/2025,,
EXAMIDE,TORSEMIDE,-,-,Generic,Prescription,Apex Pharma Egypt,Egypt,Valid,1/21/2025,,
EXAMIDE,TORSEMIDE,-,-,Generic,Prescription,Apex Pharma Egypt,Egypt,Valid,1/21/2025,,
BICNU,CARMUSTINE,-,-,NCE,Prescription,Emcure Pharmaceuticals Ltd. ,India,Valid,8/31/2022,,
CONTRAVE,"BUPROPION HYDROCHLORIDE,NALTREXONE HYDROCHLORIDE",-,-,NCE,Prescription,PATHEON INC,Canada,Valid,11/24/2022,,
GARDIA,DESETHYL CANDESARTAN CILEXETIL,-,-,Generic,Prescription,UNITED PHARMACEUTICAL COMPANY,Jordan,Valid,8/1/2022,,
FOLICUM,FOLIC ACID,-,-,Generic,OTC,Gulf Pharmaceutical Industries (Julphar),United Arab Emirates,Valid,8/29/2022,,
FOLICUM,FOLIC ACID,-,-,Generic,OTC,Gulf Pharmaceutical Industries (Julphar),United Arab Emirates,Valid,8/1/2022,,
MAVENCLAD,CLADRIBINE,-,-,NCE,Prescription,NerPharMa SRL,Italy,Valid,4/28/2025,,
LEVOACT,LEVOFLOXACIN,-,-,Generic,Prescription,LABORATORIOS CINFA SA,Spain,Valid,2/8/2024,,
AVIZOR LACRIFRESH OCU DRY 0.3%,SODIUM HYALURONATE,0.4,ml,Generic,Prescription,AVIZOR International S.L,Spain,Valid,11/3/2024,,
Tiplex ,THIOTEPA,-,-,NCE,Prescription,THYMOORGAN PHARMAZIE GMBH,Germany,Valid,1/19/2023,,
Erlotinib SPC,ERLOTINIB,-,-,Generic,Prescription,Cipla Limited ,India,Valid,10/3/2024,,
Erlotinib SPC,ERLOTINIB,-,-,Generic,Prescription,Cipla Limited ,India,Valid,11/5/2024,,
Fosaprepitant SPC,FOSAPREPITANT DIMEGLUMINE,-,-,NCE,Prescription,MSN LABORATORIES PRIVATE LIMITED ,India,Valid,7/22/2025,,
Vyndamax,TAFAMIDIS,-,-,NCE,Prescription,CATALENT PHARMA SOLUTIONS,United States,Valid,7/8/2025,,
Minims Povidone Iodine 5%,POVIDONE-IODINE,0.4,ml,NCE,Prescription,Laboratoire Chauvin SAS,France,Valid,8/1/2022,,
LEVOACT,LEVOFLOXACIN,-,-,Generic,Prescription,LABORATORIOS CINFA SA,Spain,Valid,2/8/2024,,
NORACTONE ,SPIRONOLACTONE,-,-,Generic,Prescription,The Jordanian Pharmaceutical Manufacturing Medical Equipment Co. Ltd. (JPM),Jordan,Valid,8/1/2022,,
Merional HG,MENOTROPHIN,-,-,Biological,Prescription,IBSA INSTITUTE BIOCHIMIQUE S.A,Switzerland,Valid,11/12/2024,,
MERIONAL HG,MENOTROPHIN,-,-,Biological,Prescription,IBSA INSTITUTE BIOCHIMIQUE S.A,Switzerland,Valid,11/12/2024,,
ABILIRAZOLE,ARIPIPRAZOLE,-,-,Generic,Prescription,Hetero Labs Limited Unit – V,India,Valid,8/29/2022,,
ABILIRAZOLE,ARIPIPRAZOLE,-,-,Generic,Prescription,Hetero Labs Limited Unit – V,India,Valid,8/29/2022,,
TECABEN,ENTECAVIR,-,-,Generic,Prescription,Hetero Labs Limited Unit – V,India,Valid,8/29/2022,,
TECABEN,ENTECAVIR,-,-,Generic,Prescription,Hetero Labs Limited Unit – V,India,Valid,8/29/2022,,
OLMAZIDE 20/12.5MG F.C.TABLET,"OLMESARTAN MEDOXOMIL,HYDROCHLOROTHIAZIDE",-,-,Generic,Prescription,Hetero Labs Limited Unit – V,India,Valid,10/9/2024,,
OLMAZIDE 40/12.5MG,"OLMESARTAN MEDOXOMIL,HYDROCHLOROTHIAZIDE",-,-,Generic,Prescription,Hetero Labs Limited Unit – V,India,Valid,10/9/2024,,
OLMAZIDE 40/25MG,"OLMESARTAN MEDOXOMIL,HYDROCHLOROTHIAZIDE",-,-,Generic,Prescription,Hetero Labs Limited Unit – V,India,Valid,10/9/2024,,
ESOPOLE,ESOMEPRAZOLE,5,ml,Generic,Prescription,ASPIRO PHARMA LIMITED,India,Valid,8/21/2024,,
ESOPOLE,ESOMEPRAZOLE,5,ml,Generic,Prescription,ASPIRO PHARMA LIMITED,India,Valid,9/12/2022,,
ALMETRA,PEMETREXED,-,-,Generic,Prescription,Jiangsu Hansoh Pharmaceutical Group Co,China,Valid,8/31/2022,,
LEVOACT,LEVOFLOXACIN,-,-,Generic,Prescription,LABORATORIOS CINFA SA,Spain,Valid,2/8/2024,,
Hyalfid Gel,"AMINO ACIDS, SODIUM HYALURONATE",10,ml,Generic,OTC,Sooft Italia SBA,Italy,Valid,3/20/2023,,
Hyalfid,"AMINO ACIDS, SODIUM HYALURONATE",10,ml,Generic,OTC,Sooft Italia SBA,Italy,Valid,3/20/2023,,
CARELIO,METOPROLOL SUCCINATE,-,-,Generic,Prescription,ACINO PHARMA AG,Switzerland,Valid,3/20/2023,,
CARELIO,METOPROLOL SUCCINATE,-,-,Generic,Prescription,ACINO PHARMA AG,Switzerland,Valid,3/20/2023,,
CARELIO,METOPROLOL SUCCINATE,-,-,Generic,Prescription,ACINO PHARMA AG,Switzerland,Valid,3/20/2023,,
CARELIO,METOPROLOL SUCCINATE,-,-,Generic,Prescription,ACINO PHARMA AG,Switzerland,Valid,3/20/2023,,
SPIOLTO RESPIMAT,"TIOTROPIUM,OLODATEROL",4,ml,NCE,Prescription,Boehringer Ingelheim Pharma GmbH & Co. KG,Germany,Valid,10/3/2024,,
DABITRAN,DABIGATRAN ETEXILATE,-,-,Generic,Prescription,Hetero Labs Limited Unit – V,India,Valid,8/29/2022,,
DABITRAN,DABIGATRAN ETEXILATE,-,-,Generic,Prescription,Hetero Labs Limited Unit – V,India,Valid,2/4/2024,,
DABITRAN,DABIGATRAN ETEXILATE,-,-,Generic,Prescription,Hetero Labs Limited Unit – III,India,Valid,6/21/2023,,
DABITRAN,DABIGATRAN ETEXILATE,-,-,Generic,Prescription,Hetero Labs Limited Unit – III,India,Valid,6/21/2023,,
TRUXIMA,RITUXIMAB,10,ml,Biological,Prescription,CELLTRION INC,KOREA,Valid,11/28/2022,,
KETESSE,DEXKETOPROFEN TROMETHAMINE,2,ml,NCE,Prescription,A MENARINI INDUSTRIE FARMACEUTICHE S.R.L,Italy,Valid,11/13/2023,,
KETESSE,DEXKETOPROFEN TROMETHAMINE,2,ml,NCE,Prescription,A MENARINI INDUSTRIE FARMACEUTICHE S.R.L,Italy,Valid,12/15/2024,,
BIKTARVY,"EMTRICITABINE,BICTEGRAVIR,TENOFOVIR ALAFENAMIDE",-,-,NCE,Prescription,GILEAD SCIENCES LIMITED (CORK),Ireland,Valid,11/27/2023,,
 Lamotrine,LAMOTRIGINE,-,-,Generic,Prescription,Apex Pharma Egypt,Egypt,Valid,1/29/2025,,
Lamotrine,LAMOTRIGINE,-,-,Generic,Prescription,Apex Pharma Egypt,Egypt,Valid,1/29/2025,,
Lamotrine,LAMOTRIGINE,-,-,Generic,Prescription,Apex Pharma Egypt,Egypt,Valid,1/29/2025,,
ALUNBRIG,BRIGATINIB,-,-,NCE,Prescription,Penn Pharmaceutical Services Ltd,United Kingdom,Valid,10/9/2024,,
ALUNBRIG,BRIGATINIB,-,-,NCE,Prescription,Penn Pharmaceutical Services Ltd,United Kingdom,Valid,10/9/2024,,
ALUNBRIG,BRIGATINIB,-,-,NCE,Prescription,Penn Pharmaceutical Services Ltd,United Kingdom,Valid,10/9/2024,,
Eylea 40 mg/ml Solution for injection in pre-filled syringe,AFLIBERCEPT,-,-,Biological,Prescription,BAYER AG,Germany,Valid,8/1/2022,,
FONTAX,TADALAFIL,-,-,Generic,Prescription,MEDOCHEMIE LTD.,Cyprus,Valid,11/13/2024,,
VIZIMPRO,DACOMITINIB,-,-,NCE,Prescription,Pfizer Manufacturing Deutschland GmbH,Germany,Valid,2/28/2024,,
VIZIMPRO,DACOMITINIB,-,-,NCE,Prescription,Pfizer Manufacturing Deutschland GmbH,Germany,Valid,2/28/2024,,
VIZIMPRO ,DACOMITINIB,-,-,NCE,Prescription,Pfizer Manufacturing Deutschland GmbH,Germany,Valid,2/28/2024,,
Baxdela,DELAFLOXACIN MEGLUMINE,-,-,NCE,Prescription,Patheon Italia S.P.A.,Italy,Valid,8/31/2022,,
Baxdela,DELAFLOXACIN MEGLUMINE,-,-,NCE,Prescription,AustarPharma LLC,United States,Valid,7/22/2025,,
Fuxran,FULVESTRANT,5,ml,Generic,Prescription, Fareva Unterach GmbH ,Austria,Valid,12/15/2024,,
Herptrex,VALACICLOVIR,-,-,Generic,Prescription,Hetero Labs Limited Unit – III,India,Valid,9/15/2022,,
Herptrex,VALACICLOVIR,-,-,Generic,Prescription,Hetero Labs Limited Unit – III,India,Valid,9/15/2022,,
Bivoneb,NEBIVOLOL HYDROCHLORIDE,-,-,Generic,Prescription,Hetero Labs Limited Unit – III,India,Valid,8/4/2024,,
Lynparza,OLAPARIB,-,-,NCE,Prescription,AbbVie Limited,United States,Valid,1/1/2025,,
Lynparza,OLAPARIB,-,-,NCE,Prescription,AbbVie Limited,United States,Valid,1/1/2025,,
Keta ,KETOTIFEN,5,ml,Generic,OTC,Amman Pharmaceutical Industries (API),Jordan,Valid,12/15/2024,,
Etvab,ENTECAVIR,-,-,Generic,Prescription,COHANCE LIFESCIENCES LIMITED,India,Valid,7/22/2025,,
Etvab,ENTECAVIR,-,-,Generic,Prescription,COHANCE LIFESCIENCES LIMITED,India,Valid,7/22/2025,,
TALZENNA ,TALAZOPARIB TOSYLATE,-,-,NCE,Prescription,EXCELLA GMBH CO. KG,Germany,Valid,7/8/2025,,
TALZENNA,TALAZOPARIB TOSYLATE,-,-,NCE,Prescription,EXCELLA GMBH CO. KG,Germany,Valid,7/8/2025,,
Enoxaparin BOS,ENOXAPARIN SODIUM,0.2,ml,Biological,Prescription,Gland Pharma Limited ,India,Valid,7/28/2025,,
Enoxaparin BOS,ENOXAPARIN SODIUM,0.4,ml,Biological,Prescription,Gland Pharma Limited ,India,Valid,7/28/2025,,
Enoxaparin BOS,ENOXAPARIN SODIUM,0.6,ml,Biological,Prescription,Gland Pharma Limited ,India,Valid,7/28/2025,,
Enoxaparin BOS,ENOXAPARIN SODIUM,0.8,ml,Biological,Prescription,Gland Pharma Limited ,India,Valid,7/28/2025,,
PROTON IV,PANTOPRAZOLE,-,-,Generic,Prescription,"Sofarimex Indústria Química e Farmacêutica, S.A.. ",Portugal,Valid,8/31/2022,,
Ribex,IRBESARTAN,-,-,Generic,Prescription,SOTHEMA,Morocco,Valid,6/6/2023,,
Ribex,IRBESARTAN,-,-,Generic,Prescription,SOTHEMA,Morocco,Valid,6/6/2023,,
CO-Ribex,"IRBESARTAN,HYDROCHLOROTHIAZIDE",-,-,Generic,Prescription,SOTHEMA,Morocco,Valid,6/6/2023,,
CO-Ribex,"IRBESARTAN,HYDROCHLOROTHIAZIDE",-,-,Generic,Prescription,SOTHEMA,Morocco,Valid,6/6/2023,,
CO-Ribex,"IRBESARTAN,HYDROCHLOROTHIAZIDE",-,-,Generic,Prescription,SOTHEMA,Morocco,Valid,6/6/2023,,
Xaliptine,OXALIPLATIN,20,ml,Generic,Prescription, Fareva Unterach GmbH ,Austria,Valid,5/13/2024,,
Xaliptine,OXALIPLATIN,10,ml,Generic,Prescription, Fareva Unterach GmbH ,Austria,Valid,5/13/2024,,
Lectra,ANIDULAFUNGIN,-,-,Generic,Prescription,LABORATORIOS ALCALA FARMA,Spain,Valid,11/7/2024,,
Milrinone BOS,MILRINONE,10,ml,NCE,Prescription,Gland Pharma Limited ,India,Valid,8/31/2022,,
Ketorolac BOS,KETOROLAC TROMETHAMINE,1,ml,NCE,Prescription,Gland Pharma Limited ,India,Valid,7/28/2025,,
BALVERSA,ERDAFITINIB,-,-,NCE,Prescription,JANSSEN-CILAG SPA,Italy,Valid,12/9/2024,,
BALVERSA,ERDAFITINIB,-,-,NCE,Prescription,JANSSEN-CILAG SPA,Italy,Valid,12/9/2024,,
BALVERSA,ERDAFITINIB,-,-,NCE,Prescription,JANSSEN-CILAG SPA,Italy,Valid,12/9/2024,,
BALVERSA,ERDAFITINIB,-,-,NCE,Prescription,JANSSEN-CILAG SPA,Italy,Valid,12/9/2024,,
PHENYLEPHRINE,PHENYLEPHRINE HYDROCHLORIDE,10,ml,NCE,Prescription,LABORATOIRE AGUETTANT,France,Valid,8/31/2022,,
Oramorph,MORPHINE SULFATE,20,ml,NCE,Prescription, L. Molteni & C dei F. LLi Alitti Societa di Esercizio,Italy,Valid,8/29/2022,,
"Carmustine for Injection, USP",CARMUSTINE,-,-,NCE,Prescription,"Piramal Pharma Solutions Inc	",United States,Valid,8/31/2022,,
Resincalcio,CALCIUM POLYSTYRENE SULFONATE,15,mg,Generic,Prescription,Laboratorios Rubió; S.A. ,Spain,Valid,8/1/2022,,
Sarclisa,ISATUXIMAB,5,ml,Biological,Prescription,Sanofi aventis Deutschland GmbH,Germany,Valid,8/31/2022,,
Sarclisa,ISATUXIMAB,25,ml,Biological,Prescription,Sanofi aventis Deutschland GmbH,Germany,Valid,8/31/2022,,
Duserex,DUTASTERIDE,-,-,Generic,Prescription,OLIVE HEALTHCARE,India,Valid,8/1/2022,,
Glevate,CLOBETASOL PROPIONATE,125,ml,Generic,Prescription,Glenmark Pharmaceuticals Limited - Baddi,India,Valid,9/28/2022,,
Basaglar Tempo Pen,INSULIN GLARGINE,3,ml,Biological,Prescription,LILLY FRANCE,France,Valid,11/20/2022,,
Humalog Tempo Pen,INSULIN LISPRO,3,ml,Biological,Prescription,LILLY FRANCE,France,Valid,8/29/2022,,
Noradrenalin Sintetica 4mg/4ml without disulphite,NOREPINEPHRINE BITARTRATE,4,ml,Generic,Prescription,Sintetica SA ,Switzerland,Valid,8/31/2022,,
ABODEX,ABIRATERONE ACETATE,-,-,Generic,Prescription,MSN LABORATORIES PRIVATE LIMITED ,India,Valid,8/1/2022,,
Ticopex,TEICOPLANIN,-,-,Generic,Prescription,MS Pharma ,Jordan,Valid,12/27/2023,,
Addaven,"CHROMIC CHLORIDE,COPPER CHLORIDE,FERRIC CHLORIDE,MANGANESE CHLORIDE TETRAHYDRATE,POTASSIUM IODIDE,SODIUM FLUORIDE,SODIUM MOLYBDATE,SODIUM SELENITE ANHYDROUS,ZINC CHLORIDE",10,ml,Generic,Prescription,HP Halden Pharma AS,Norway,Valid,10/3/2024,,
EUVAX B 20MCG VIAL,HEPATITIS B VIRUS HBSAG SURFACE ANTIGEN,1,ml,Biological,Prescription,"LG CHEM , OSONG PLANT",KOREA,Valid,8/29/2022,,
EUVAX B 10MCG VIAL,HEPATITIS B VIRUS HBSAG SURFACE ANTIGEN,0.5,ml,Biological,Prescription,"LG CHEM , OSONG PLANT",KOREA,Valid,12/4/2023,,
FANCATA 100MG TABLET,CILOSTAZOL,-,-,Generic,Prescription,ADAMED Pharma S.A ,Poland,Valid,4/26/2023,,
FANCATA 50MG TABLET,CILOSTAZOL,-,-,Generic,Prescription,ADAMED Pharma S.A ,Poland,Valid,10/3/2022,,
DACI,DAPTOMYCIN,-,-,NCE,Prescription,MS Pharma ,Jordan,Valid,8/31/2022,,
KEPAM,LEVETIRACETAM,5,ml,Generic,Prescription,MS Pharma ,Jordan,Valid,3/3/2025,,
MOBIXEN,GLUCOSAMINE SULFATE,-,-,Generic,OTC,"WALMARK, a.s",Czech Republic,Valid,11/7/2022,,
NOXAFIL,POSACONAZOLE,-,-,NCE,Prescription, N.V. Organon,Netherlands,Valid,5/22/2023,,
Irma-HCT 150 mg / 12.5 mg ,"IRBESARTAN,HYDROCHLOROTHIAZIDE",-,-,Generic,Prescription,GLOBAL PHARMA,United Arab Emirates,Valid,5/17/2023,,
IRMA-HCT 300 mg / 12.5 mg,"IRBESARTAN,HYDROCHLOROTHIAZIDE",-,-,Generic,Prescription,GLOBAL PHARMA,United Arab Emirates,Valid,5/17/2023,,
ADOL,PARACETAMOL,-,-,Generic,OTC,Gulf Pharmaceutical Industries (Julphar),United Arab Emirates,Valid,11/27/2022,,
ADOL,PARACETAMOL,-,-,Generic,OTC,Gulf Pharmaceutical Industries (Julphar),United Arab Emirates,Valid,11/27/2022,,
ADOL,PARACETAMOL,-,-,Generic,OTC,Gulf Pharmaceutical Industries (Julphar),United Arab Emirates,Valid,11/27/2022,,
VIDONORM 5MG/4MG TABLET,"AMLODIPINE BESILATE,PERINDOPRIL ARGININE",-,-,NCE,Prescription,GEDEON RICHTER POLSKA Sp. z o.o,Poland,Valid,3/6/2023,,
VIDONORM 5MG/8MG TABLET,"AMLODIPINE BESILATE,PERINDOPRIL ARGININE",-,-,NCE,Prescription,GEDEON RICHTER POLSKA Sp. z o.o,Poland,Valid,3/6/2023,,
VIDONORM 10MG/4MG TABLET,"AMLODIPINE BESILATE,PERINDOPRIL ARGININE",-,-,NCE,Prescription,GEDEON RICHTER POLSKA Sp. z o.o,Poland,Valid,3/6/2023,,
VIDONORM 10MG/8MG TABLET,"AMLODIPINE BESILATE,PERINDOPRIL ARGININE",-,-,NCE,Prescription,GEDEON RICHTER POLSKA Sp. z o.o,Poland,Valid,3/6/2023,,
Metolina,METOPROLOL TARTRATE,-,-,Generic,Prescription,Aurobindo Pharma Limited ,India,Valid,8/1/2022,,
Trimbow,"BECLOMETHASONE DIPROPIONATE,GLYCOPYRRONIUM BROMIDE,FORMOTEROL FUMARATE",120,dose,NCE,Prescription,CHIESI FARMACEUTICIS,Italy,Valid,10/26/2022,,
Palipra,PALIPERIDONE,-,-,Generic,Prescription,PHARMATHEN INTERNATIONAL,Greece,Valid,8/29/2022,,
Palipra,PALIPERIDONE,-,-,Generic,Prescription,PHARMATHEN INTERNATIONAL,Greece,Valid,8/1/2022,,
Aryzalera,ARIPIPRAZOLE,-,-,Generic,Prescription,KRKA dd Novo mesto,Slovenia,Valid,12/12/2022,,
Aryzalera,ARIPIPRAZOLE,-,-,Generic,Prescription,KRKA dd Novo mesto,Slovenia,Valid,12/12/2022,,
Attencare,ATOMOXETINE HYDROCHLORIDE,-,-,Generic,Prescription,Apex Pharma Egypt,Egypt,Valid,1/29/2025,,
Attencare,ATOMOXETINE HYDROCHLORIDE,-,-,Generic,Prescription,Apex Pharma Egypt,Egypt,Valid,1/29/2025,,
Attencare,ATOMOXETINE HYDROCHLORIDE,-,-,Generic,Prescription,Apex Pharma Egypt,Egypt,Valid,1/29/2025,,
Attencare,ATOMOXETINE HYDROCHLORIDE,-,-,Generic,Prescription,Apex Pharma Egypt,Egypt,Valid,1/29/2025,,
Attencare,ATOMOXETINE HYDROCHLORIDE,-,-,Generic,Prescription,Apex Pharma Egypt,Egypt,Valid,1/29/2025,,
IMBRUVICA,IBRUTINIB,-,-,NCE,Prescription,JANSSEN-CILAG,Switzerland,Valid,8/1/2022,,
VALGAN,Valganciclovir,-,-,Generic,Prescription,Hetero Labs Limited Unit – V,India,Valid,8/29/2022,,
Xelobine,Capecitabine,-,-,Generic,Prescription,Hetero Labs Limited Unit – V,India,Valid,6/10/2024,,
Xelobine,Capecitabine,-,-,Generic,Prescription,Hetero Labs Limited Unit – V,India,Valid,6/10/2024,,
Zillion,LINEZOLID,-,-,Generic,Prescription,Hetero Labs Limited Unit – V,India,Valid,1/30/2023,,
MVASI,Bevacizumab,4,ml,Biological,Prescription,AMGEN MANUFACTURING LIMITED,United States,Valid,3/12/2025,,
MVASI,Bevacizumab,16,ml,Biological,Prescription,AMGEN MANUFACTURING LIMITED,United States,Valid,3/12/2025,,
Ziextenzo,PEGFILGRASTIM,0.6,ml,Biological,Prescription,SANDOZ,Austria,Valid,5/13/2024,,
XCELENS extra 4,HYALURONIC ACID,1,ml,Generic,Prescription,Croma GmbH ,Austria,Valid,11/3/2022,,
Rozitta,ROSUVASTATIN,-,-,Generic,Prescription,DAR ALDAWA,Jordan,Valid,12/20/2022,,
Rozitta,ROSUVASTATIN,-,-,Generic,Prescription,DAR ALDAWA,Jordan,Valid,12/20/2022,,
Cardesine 6mg/2ml Solution for Injection,ADENOSINE,2,ml,Generic,Prescription,MS Pharma ,Jordan,Valid,7/27/2025,,
Pantrox,PANTOPRAZOLE,-,-,Generic,Prescription,ASPIRO PHARMA LIMITED,India,Valid,8/31/2022,,
Sphingolin,FINGOLIMOD HYDROCHLORIDE,-,-,Generic,Prescription,Hetero Labs Limited Unit – V,India,Valid,8/29/2022,,
Olmevasc,"OLMESARTAN MEDOXOMIL,AMLODIPINE BESILATE",-,-,Generic,Prescription,Hetero Labs Limited Unit – V,India,Valid,10/6/2024,,
Olmevasc,"OLMESARTAN MEDOXOMIL,AMLODIPINE BESILATE",-,-,Generic,Prescription,Hetero Labs Limited Unit – V,India,Valid,10/3/2024,,
Olmevasc,"OLMESARTAN MEDOXOMIL,AMLODIPINE BESILATE",-,-,Generic,Prescription,Hetero Labs Limited Unit – V,India,Valid,10/3/2024,,
Olmevasc,"OLMESARTAN MEDOXOMIL,AMLODIPINE BESILATE",-,-,Generic,Prescription,Hetero Labs Limited Unit – V,India,Valid,10/3/2024,,
Pentaxim,"DIPHTHERIA TOXOID,TETANUS TOXOID,PERTUSSIS TOXOID,FILAMENTOUS HAEMAGGLUTININ,INACTIVATED POLIOMYELITIS VIRUS TYPE 1 (MAHONEY STRAIN),INACTIVATED POLIOMYELITIS VIRUS TYPE 2 (MEF-1 STRAIN),INACTIVATED POLIOMYELITIS VIRUS TYPE 3 (SAUKETT STRAIN),HAEMOPHILUS INFLUENZAE TYPE B",0.5,ml,Biological,Prescription,SANOFI PASTEUR,France,Valid,7/6/2025,,
Lipofirate,FENOFIBRATE,-,-,Generic,Prescription,Hetero Labs Limited Unit – III,India,Valid,11/28/2022,,
Telfocus,TELMISARTAN,-,-,Generic,Prescription,Aurobindo Pharma Limited Unit VII,India,Valid,11/12/2024,,
Telfocus,TELMISARTAN,-,-,Generic,Prescription,Aurobindo Pharma Limited Unit VII,India,Valid,11/12/2024,,
Zapnex,CLOZAPINE,-,-,Generic,Prescription,Aurobindo Pharma Limited Unit VII,India,Valid,11/12/2024,,
Zapnex,CLOZAPINE,-,-,Generic,Prescription,Aurobindo Pharma Limited Unit VII,India,Valid,11/12/2024,,
KLACID 125MG-5ML SUSP,CLARITHROMYCIN,-,-,NCE,Prescription,ABBVIE SRL,Italy,Valid,8/29/2022,,
DICLOGESIC RETARD,DICLOFENAC SODIUM,-,-,Generic,Prescription,DAR ALDAWA,Jordan,Valid,9/7/2023,,
ELPIDA,DASATINIB,-,-,Generic,Prescription,The Arab Pharmaceutical Manufacturing PSC (Sahab) Co Ltd ,Jordan,Valid,7/6/2023,,
ELPIDA,DASATINIB,-,-,Generic,Prescription,The Arab Pharmaceutical Manufacturing PSC (Sahab) Co Ltd ,Jordan,Valid,7/2/2025,,
ARTELAC COMPLETE MDO EYE LUBRICANT,"SODIUM HYALURONATE,CARBOMER,TRIGLYCERIDES MEDIUM CHAIN",10,ml,Generic,OTC,DR. GERHARD MANN CHEM.-PHARM. FABRIK GMBH,Germany,Valid,10/22/2023,,
OROTIX 120MG F.C.TABLET,Etoricoxib,-,-,Generic,Prescription,Pharma International Co.,Jordan,Valid,3/6/2025,,
SMOFLIPID,"SOYA OIL,TRIGLYCERIDES MEDIUM CHAIN,OLIVE OIL,FISH OIL",100,ml,NCE,Prescription,FRESENIUS KABI,Austria,Valid,8/1/2024,,
OCTAPLAS LG 45-70MG/ML,PLASMA PROTEIN FRACTION,200,ml,Biological,Prescription,OCTAPHARMA,Sweden,Valid,6/20/2023,,
Xermelo,TELOTRISTAT ETHYL,-,-,NCE,Prescription,CATALENT,France,Valid,7/8/2025,,
Lovista,CABERGOLINE,-,-,Generic,Prescription,DAR ALDAWA,Jordan,Valid,8/29/2022,,
Lovista,CABERGOLINE,-,-,Generic,Prescription,DAR ALDAWA,Jordan,Valid,8/1/2022,,
Vimpat,LACOSAMIDE,-,-,NCE,Prescription,AESICA PHARMACEUTICALS GmbH,Germany,Valid,8/29/2022,,
Tacidine,AZACITIDINE,4,ml,Generic,Prescription,INTAS PHARMACEUTICALS LIMITED,India,Valid,12/8/2024,,
Vaxcel Heparin Sodium Injection,HEPARIN SODIUM,5,ml,Generic,Prescription,Kotra Pharma M Sdn Bhd,Malaysia,Valid,10/5/2022,,
Dona,GLUCOSAMINE SULFATE,-,-,NCE,OTC,Rottapharm Ltd,Ireland,Valid,11/14/2024,,
Lokelma,SODIUM ZIRCONIUM CYCLOSILICATE,-,-,NCE,Prescription,AstraZeneca AB,Sweden,Valid,7/8/2025,,
Lokelma,SODIUM ZIRCONIUM CYCLOSILICATE,-,-,NCE,Prescription,AstraZeneca AB,Sweden,Valid,8/1/2022,,
Rybelsus,SEMAGLUTIDE,-,-,Biological,Prescription,NOVO NORDISK,Denmark,Valid,8/29/2022,,
Rybelsus,SEMAGLUTIDE,-,-,Biological,Prescription,NOVO NORDISK,Denmark,Valid,8/29/2022,,
Rybelsus,SEMAGLUTIDE,-,-,Biological,Prescription,NOVO NORDISK,Denmark,Valid,8/29/2022,,
Bosfit,BOSENTAN,-,-,Generic,Prescription,Aurobindo Pharma Limited Unit VII,India,Valid,8/29/2022,,
Emgality,GALCANEZUMAB,1,ml,Biological,Prescription,ELI LILLY,United States,Valid,4/13/2023,,
ESOPOLE,ESOMEPRAZOLE,-,-,Generic,Prescription,Hetero Labs Limited Unit – III,India,Valid,9/12/2022,,
ESOPOLE,ESOMEPRAZOLE,-,-,Generic,Prescription,Hetero Labs Limited Unit – III,India,Valid,9/12/2022,,
ESOPOLE,ESOMEPRAZOLE,-,-,Generic,Prescription,Hetero Labs Limited Unit – III,India,Valid,9/12/2022,,
ESOPOLE,ESOMEPRAZOLE,-,-,Generic,Prescription,Hetero Labs Limited Unit – III,India,Valid,2/19/2023,,
ESOPOLE,ESOMEPRAZOLE,-,-,Generic,Prescription,Hetero Labs Limited Unit – III,India,Valid,2/19/2023,,
ESOPOLE,ESOMEPRAZOLE,-,-,Generic,OTC,Hetero Labs Limited Unit – III,India,Valid,4/14/2024,,
MONOVISC,SODIUM HYALURONATE,4,ml,Generic,Prescription,ANIKA THERAPEUTICS,United States,Valid,8/1/2022,,
ICLUSIG,PONATINIB,-,-,NCE,Prescription,Patheon Inc.,Canada,Valid,7/8/2025,,
ICLUSIG,PONATINIB,-,-,NCE,Prescription,PATHEON INC,Canada,Valid,7/8/2025,,
Rocuronium Bromide BOS,ROCURONIUM BROMIDE,5,ml,Generic,Prescription,Gland Pharma Limited ,India,Valid,7/28/2025,,
TESTAVAN,TESTOSTERONE,85.5,g,NCE,Prescription,ORION PHARMA,Finland,Valid,2/27/2024,,
Erastapecs Co,"OLMESARTAN MEDOXOMIL,AMLODIPINE BESILATE",-,-,Generic,Prescription,Apex Pharma Egypt,Egypt,Valid,3/6/2025,,
Erastapecs Co,"OLMESARTAN MEDOXOMIL,AMLODIPINE BESILATE",-,-,Generic,Prescription,Apex Pharma Egypt,Egypt,Valid,3/6/2025,,
Erastapecs Co,"OLMESARTAN MEDOXOMIL,AMLODIPINE BESILATE",-,-,Generic,Prescription,Apex Pharma Egypt,Egypt,Valid,3/6/2025,,
Ilumya,TILDRAKIZUMAB,1,ml,Biological,Prescription,VETTER PHARMA-FERTIGUNG GMBH & CO. KG,Germany,Valid,3/19/2024,,
TEBARAT,AZELASTINE,-,-,NCE,Prescription,"Laboratories SALVAT, S.A",Spain,Valid,8/1/2022,,
Atropine Sulfate Aguettant,ATROPINE SULFATE,5,ml,Generic,Prescription,LABORATOIRE AGUETTANT,France,Valid,9/21/2023,,
Allbloc,CLOFARABINE,20,ml,NCE,Prescription,MSN LABORATORIES PRIVATE LIMITED ,India,Valid,1/17/2024,,
Saizen,SOMATROPIN,1.03,ml,Biological,Prescription,MERCK SERONO SPA,Italy,Valid,2/27/2024,,
Saizen,SOMATROPIN,1.5,ml,Biological,Prescription,MERCK SERONO SPA,Italy,Valid,2/27/2024,,
Poliza,DONEPEZIL HYDROCHLORIDE,-,-,Generic,Prescription,UNITED PHARMACEUTICAL COMPANY,Jordan,Valid,8/29/2022,,
Poliza,DONEPEZIL HYDROCHLORIDE,-,-,Generic,Prescription,UNITED PHARMACEUTICAL COMPANY,Jordan,Valid,8/1/2022,,
Abrilada,ADALIMUMAB,0.8,ml,Biological,Prescription,CATALENT,United States,Valid,5/21/2024,,
Abrilada,ADALIMUMAB,0.8,ml,Biological,Prescription,CATALENT,United States,Valid,5/21/2024,,
POTELIGEO,MOGAMULIZUMAB,5,ml,Biological,Prescription,Toyobo Co Ltd,Japan,Valid,8/31/2022,,
Lamzede,VELMANASE ALFA,5,ml,Biological,Prescription,CHIESI FARMACEUTICIS,Italy,Valid,7/8/2025,,
Gizlan,IRBESARTAN,-,-,Generic,Prescription,DAR ALDAWA,Jordan,Valid,8/29/2022,,
Gizlan,IRBESARTAN,-,-,Generic,Prescription,DAR ALDAWA,Jordan,Valid,8/1/2022,,
Tadoxel,DOCETAXEL,1,ml,Generic,Prescription,Jiangsu Hengrui Pharmaceuticals Co Ltd,China,Valid,8/31/2022,,
Tadoxel 80 mg/4 ml ,DOCETAXEL,4,ml,Generic,Prescription,Jiangsu Hengrui Pharmaceuticals Co Ltd,China,Valid,8/31/2022,,
Divinusmet,"METFORMIN HYDROCHLORIDE,DAPAGLIFLOZIN",-,-,Generic,Prescription,Hikma Pharmaceuticals PLC,Jordan,Valid,3/27/2023,,
Divinusmet,"METFORMIN HYDROCHLORIDE,DAPAGLIFLOZIN",-,-,Generic,Prescription,Hikma Pharmaceuticals PLC,Jordan,Valid,7/10/2025,,
VORIC,VORICONAZOLE,50,ml,Generic,Prescription,ELPEN PHARMACEUTICALS,Greece,Valid,10/3/2024,,
Olcontro HCT,"OLMESARTAN MEDOXOMIL,HYDROCHLOROTHIAZIDE",-,-,Generic,Prescription,Macleods Pharmaceuticals Limited,India,Valid,7/22/2025,,
Olcontro HCT,"OLMESARTAN MEDOXOMIL,HYDROCHLOROTHIAZIDE",-,-,Generic,Prescription,Macleods Pharmaceuticals Limited,India,Valid,7/22/2025,,
PREVYMIS,LETERMOVIR,-,-,NCE,Prescription,MSD INTERNATIONAL GMBH T/A MSD,Ireland,Valid,8/29/2022,,
Deriva BPO,"BENZOYL PEROXIDE,ADAPALENE",45,g,Generic,Prescription,Glenmark Pharmaceuticals Limited - Baddi,India,Valid,11/19/2022,,
Evenity,ROMOSOZUMAB,1.17,ml,Biological,Prescription,AMGEN MANUFACTURING LIMITED,United States,Valid,8/1/2022,,
TERROSA,TERIPARATIDE,2.4,ml,Biological,Prescription,GEDEON RICHTER PLC.,Hungary,Valid,5/1/2024,,
CRYSVITA,BUROSUMAB,5,ml,Biological,Prescription,Kyowa Kirin Co Ltd Takasaki Plant,Japan,Valid,9/2/2024,,
CRYSVITA,BUROSUMAB,-,l,Biological,Prescription,Kyowa Kirin Co Ltd Takasaki Plant,Japan,Valid,9/2/2024,,
CRYSVITA,BUROSUMAB,-,-,Biological,Prescription,Kyowa Kirin Co Ltd Takasaki Plant,Japan,Valid,9/2/2024,,
LINZESS,LINACLOTIDE,-,-,NCE,Prescription,Forest Laboratories Ireland Limited,Ireland,Valid,8/29/2022,,
VIAGACIN,MOXIFLOXACIN HYDROCHLORIDE,-,-,Generic,Prescription,Hetero Labs Limited Unit – V,India,Valid,8/29/2022,,
VIAGACIN,MOXIFLOXACIN HYDROCHLORIDE,-,-,Generic,Prescription,Hetero Labs Limited Unit – V,India,Valid,8/29/2022,,
BAVENCIO,AVELUMAB,10,ml,Biological,Prescription,MERCK SERONO,Switzerland,Valid,7/8/2025,,
ABRAXANE,PACLITAXEL,20,ml,NCE,Prescription,"Abraxis BioScience, LLC",United States,Valid,11/13/2022,,
DULCOLAX 5MG ENTERIC COATED TABLET,BISACODYL,-,-,NCE,OTC,DELPHARM REIMS S.A.S,France,Valid,5/29/2025,,
LINZESS,LINACLOTIDE,-,-,NCE,Prescription,Forest Laboratories Ireland Limited,Ireland,Valid,8/1/2022,,
VIBATIV,TELAVANCIN HYDROCHLORIDE,-,-,NCE,Prescription,Samsung Biologics,South Korea,Valid,9/3/2024,,
VIBATIV (10 vials),TELAVANCIN HYDROCHLORIDE,-,-,NCE,Prescription,Samsung Biologics,South Korea,Valid,3/20/2024,,
VANCOLON 0.5 GM/Vial ,VANCOMYCIN,-,-,Generic,Prescription,GULF PHARMACEUTICAL INDUSTIRES- JULPHAR,United Arab Emirates,Valid,8/31/2022,,
PRILIGY,DAPOXETINE,-,-,NCE,Prescription,Menarini - Von Heyden GmbH,Germany,Valid,12/26/2024,,
LAYAL,LEVOCETIRIZINE DIHYDROCHLORIDE,-,-,Generic,OTC,Jordan Sweden Medical and Sterilization Co.,Jordan,Valid,11/26/2024,,
HIDRASEC,RACECADOTRIL,-,-,NCE,Prescription,Laboratoires SOPHARTEX,France,Valid,6/1/2025,,
HIDRASEC,RACECADOTRIL,-,-,NCE,Prescription,Laboratoires SOPHARTEX,France,Valid,6/10/2025,,
HIDRASEC,RACECADOTRIL,-,-,NCE,Prescription,Laboratoires SOPHARTEX,France,Valid,6/10/2025,,
HERZUMA,Trastuzumab,50,ml,Biological,Prescription,CELLTRION INC,KOREA,Valid,5/5/2024,,
FONDAPARINUX SPC 2.5MG/0.5ML INJECTION,FONDAPARINUX SODIUM,-,-,Generic,Prescription,Gland Pharma Limited ,India,Valid,8/1/2022,,
PROTOPIC 0.1% OINTMENT,TACROLIMUS,60,gm,NCE,Prescription,Leo Laboratories Limited,Ireland,Valid,8/29/2022,,
PROTOPIC 0.03% OINTMENT,TACROLIMUS,60,gm,NCE,Prescription,Leo Laboratories Limited,Ireland,Valid,8/1/2022,,
D-Vital,CHOLECALCIFEROL,-,-,Generic,Prescription,PHARMALINE,Lebanon,Valid,11/7/2022,,
Novfol,PROPOFOL,20,ml,Generic,Prescription,PT. Novell Pharmaceutical Laboratories ,Indonesia,Valid,8/31/2022,,
Bendy,"COLECALCIFEROL (VITAMIN D3),GLUCOSAMINE SULFATE,CHONDROITIN,HYALURONIC ACID,METHYL SULFONYL METHANE",-,-,Generic,OTC,TISHCON CORPORATION,United States,Valid,11/29/2022,,
Ondans,ONDANSETRON,-,-,Generic,Prescription,PHARMATHEN INTERNATIONAL,Greece,Valid,8/29/2022,,
Ondans,ONDANSETRON,-,-,Generic,Prescription,PHARMATHEN INTERNATIONAL,Greece,Valid,7/28/2025,,
VaxigripTetra,"INFLUENZA A VIRUS A/INDONESIA/5/2005 (H5N1) ANTIGEN (UV, FORMALDEHYDE INACTIVATED)",0.5,ml,Biological,Prescription,SANOFI PASTEUR,France,Valid,11/29/2022,,
Aimovig,ERENUMAB,1,ml,Biological,Prescription,Amgen Manufacturing Ltd,United States,Valid,8/1/2022,,
PROTON IV,PANTOPRAZOLE,-,-,Generic,Prescription,"Sofarimex Indústria Química e Farmacêutica, S.A.. ",Portugal,Valid,8/31/2022,,
Resepta,MYCOPHENOLATE SODIUM,-,-,Generic,Prescription,INTAS PHARMACEUTICALS LIMITED,India,Valid,8/29/2022,,
Resepta,MYCOPHENOLATE SODIUM,-,-,Generic,Prescription,INTAS PHARMACEUTICALS LIMITED,India,Valid,8/1/2022,,
DAVLEX,DESVENLAFAXINE SUCCINATE,-,-,Generic,Prescription,UNITED INTERNATIONAL COMPANY,Jordan,Valid,8/1/2022,,
Stablix 0.5 ml Ampules ,TETANUS TOXOID,0.5,ml,Biological,Prescription,PT Bio Farma ( Persero ) ,Indonesia,Valid,11/7/2023,,
LEUKAIR,MONTELUKAST SODIUM,-,-,Generic,Prescription,Macleods Pharmaceuticals Limited,India,Valid,4/14/2025,,
LEUKAIR,MONTELUKAST SODIUM,-,-,Generic,Prescription,Macleods Pharmaceuticals Limited,India,Valid,4/14/2025,,
Dergit,SOLIFENACIN SUCCINATE,-,-,Generic,Prescription,Savvy Pharma,Jordan,Valid,6/25/2024,,
Dergit,SOLIFENACIN SUCCINATE,-,-,Generic,Prescription,Savvy Pharma,Jordan,Valid,6/25/2024,,
Valtroza,BORTEZOMIB,-,-,Generic,Prescription,Shilpa Medicare Ltd,India,Valid,8/29/2022,,
Vorican,VORICONAZOLE,-,-,Generic,Prescription,Gland Pharma Limited ,India,Valid,1/23/2024,,
RENAPAT,SEVELAMER CARBONATE,-,-,Generic,Prescription,Dr. Reddy’s Laboratories Ltd. Formulation Unit VII,India,Valid,7/22/2025,,
Phreno XR,QUETIAPINE,-,-,Generic,Prescription,PHARMATHEN INTERNATIONAL,Greece,Valid,7/22/2025,,
Phreno XR,QUETIAPINE,-,-,Generic,Prescription,PHARMATHEN INTERNATIONAL,Greece,Valid,7/22/2025,,
Phreno XR,QUETIAPINE,-,-,Generic,Prescription,PHARMATHEN INTERNATIONAL,Greece,Valid,7/22/2025,,
Phreno XR,QUETIAPINE,-,-,Generic,Prescription,PHARMATHEN INTERNATIONAL,Greece,Valid,7/22/2025,,
Phreno XR,QUETIAPINE,-,-,Generic,Prescription,PHARMATHEN INTERNATIONAL,Greece,Valid,7/22/2025,,
Phreno XR,QUETIAPINE,-,-,Generic,Prescription,PHARMATHEN INTERNATIONAL,Greece,Valid,7/22/2025,,
Phreno XR,QUETIAPINE,-,-,Generic,Prescription,PHARMATHEN INTERNATIONAL,Greece,Valid,7/22/2025,,
Phreno XR,QUETIAPINE,-,-,Generic,Prescription,PHARMATHEN INTERNATIONAL,Greece,Valid,7/22/2025,,
Spravato,ESKETAMINE HYDROCHLORIDE,-,-,NCE,Prescription,Renaissance Lakewood LLC,United States,Valid,11/12/2024,,
SPRAVATO,ESKETAMINE HYDROCHLORIDE,-,-,NCE,Prescription,Renaissance Lakewood LLC,United States,Valid,11/12/2024,,
SPRAVATO,ESKETAMINE HYDROCHLORIDE,-,-,NCE,Prescription,Renaissance Lakewood LLC,United States,Valid,11/12/2024,,
Idacio,ADALIMUMAB,0.8,ml,Biological,Prescription,MERCK SERONO SPA,Italy,Valid,5/21/2024,,
Idacio,ADALIMUMAB,0.8,ml,Biological,Prescription,MERCK SERONO SPA,Italy,Valid,5/21/2024,,
Coufatex,WARFARIN SODIUM,-,-,Generic,Prescription,Apotex Inc. (Garyray) ,Canada,Valid,8/29/2022,,
Coufatex,WARFARIN SODIUM,-,-,Generic,Prescription,Apotex Inc. (Garyray) ,Canada,Valid,8/29/2022,,
Coufatex,WARFARIN SODIUM,-,-,Generic,Prescription,Apotex Inc. (Garyray) ,Canada,Valid,8/29/2022,,
Coufatex,WARFARIN SODIUM,-,-,Generic,Prescription,Apotex Inc. (Garyray) ,Canada,Valid,8/1/2022,,
Amovac Enema,"MONOSODIUM PHOSPHATE,DISODIUM PHOSPHATE",120,ml,Generic,OTC, Amoun Pharmaceutical Company,Egypt,Valid,11/29/2022,,
REYVOW,LASMIDITAN,-,-,NCE,Prescription,"LILLY DEL CARIBE, INC.",United States,Valid,2/16/2025,,
REYVOW,LASMIDITAN,-,-,NCE,Prescription,"LILLY DEL CARIBE, INC.",United States,Valid,2/16/2025,,
Multifidera,Dimethyl Fumarate,-,-,Generic,Prescription,Hetero Labs Limited Unit – III,India,Valid,8/29/2022,,
Multifidera,Dimethyl Fumarate,-,-,Generic,Prescription,Hetero Labs Limited Unit – III,India,Valid,8/1/2022,,
Lipofirate,FENOFIBRATE,-,-,Generic,Prescription,Hetero Labs Limited Unit – III,India,Valid,8/23/2023,,
LEQVIO,INCLISIRAN,1.5,ml,NCE,Prescription,Corden Pharma S.P.A,Italy,Valid,7/17/2025,,
Plasiv,APIXABAN,-,-,Generic,Prescription,Macleods Pharmaceuticals Limited,India,Valid,7/22/2025,,
Plasiv,APIXABAN,-,-,Generic,Prescription,Macleods Pharmaceuticals Limited,India,Valid,7/22/2025,,
Plasiv,APIXABAN,-,-,Generic,Prescription,Macleods Pharmaceuticals Limited,India,Valid,7/22/2025,,
Plasiv,APIXABAN,-,-,Generic,Prescription,Macleods Pharmaceuticals Limited,India,Valid,7/22/2025,,
Lenamid,LENALIDOMIDE,-,-,Generic,Prescription,Hetero Labs Limited Unit – III,India,Valid,2/27/2024,,
Darzalex 1800 mg per 15 ml,DARATUMUMAB,15,ml,Biological,Prescription,JANSSEN-CILAG,Switzerland,Valid,10/9/2024,,
Lenamid,LENALIDOMIDE,-,-,Generic,Prescription,Hetero Labs Limited Unit – V,India,Valid,2/27/2024,,
Lenamid,LENALIDOMIDE,-,-,Generic,Prescription,Hetero Labs Limited Unit – V,India,Valid,2/27/2024,,
Ultomiris 300 mg/30 mL ,RAVULIZUMAB,30,ml,Biological,Prescription,Alexion Pharma International Operations Unlimited Company,Ireland,Valid,7/8/2025,,
Megmento,MICAFUNGIN,-,-,Generic,Prescription,Hikma Farmaceutica,Portugal,Valid,10/13/2022,,
Megmento,MICAFUNGIN,-,-,Generic,Prescription,Hikma Farmaceutica,Portugal,Valid,10/13/2022,,
VIRGAN ,GANCICLOVIR,5,g,NCE,Prescription,Farmila Thea Farmaceuticispa,Italy,Valid,7/14/2025,,
Trexon,CEFTRIAXONE,-,-,Generic,Prescription,EIPICO,Egypt,Valid,8/29/2022,,
Trexon,CEFTRIAXONE,-,-,Generic,Prescription,EIPICO,Egypt,Valid,8/29/2022,,
Trexon,CEFTRIAXONE,-,-,Generic,Prescription,EIPICO,Egypt,Valid,8/31/2022,,
Trexon,CEFTRIAXONE,-,-,Generic,Prescription,EIPICO,Egypt,Valid,8/31/2022,,
Doptelet,AVATROMBOPAG,-,-,NCE,Prescription,"Kawashima Plant, Eisai Co., Ltd",Japan,Valid,2/2/2025,,
Doptelet,AVATROMBOPAG,-,-,NCE,Prescription,"Kawashima Plant, Eisai Co., Ltd",Japan,Valid,2/2/2025,,
Doptelet,AVATROMBOPAG,-,-,NCE,Prescription,"Kawashima Plant, Eisai Co., Ltd",Japan,Valid,2/2/2025,,
Bysimin,BUTYLSCOPOLAMINE BROMIDE,10,ml,Generic,Prescription,MEDOCHEMIE LTD.,Cyprus,Valid,8/1/2022,,
Vapress,VALSARTAN,-,-,Generic,Prescription,MEDOCHEMIE LTD.,Cyprus,Valid,11/13/2024,,
Vapress,VALSARTAN,-,-,Generic,Prescription,MEDOCHEMIE LTD,Cyprus,Valid,11/13/2024,,
Averaz,AZACITIDINE,4,ml,Generic,Prescription,MSN LABORATORIES PRIVATE LIMITED ,India,Valid,11/19/2023,,
Axyla,TERIFLUNOMIDE,-,-,Generic,Prescription,Shilpa Medicare Ltd,India,Valid,8/1/2022,,
OROTIX 60MG F.C.TABLET,Etoricoxib,-,-,Generic,Prescription,Pharma International Co.,Jordan,Valid,3/6/2025,,
OROTIX 90MG F.C.TABLET,Etoricoxib,-,-,Generic,Prescription,Pharma International Co.,Jordan,Valid,3/6/2025,,
JUNYELT,"MANGANESE GLUCONATE,COPPER GLUCONATE,ZINC GLUCONATE,SODIUM SELENITE PENTAHYDRATE,POTASSIUM IODIDE",10,ml,NCE,Prescription,LABORATOIRE AGUETTANT,France,Valid,9/7/2023,,
ABELCET 5MG/ML IV VIAL,AMPHOTERICIN B,20,ml,NCE,Prescription,"Exelead, Inc",United States,Valid,3/20/2023,,
Rixathon,RITUXIMAB,10,ml,Biological,Prescription,LEK PHARMACEUTICALS D.D.,Slovenia,Valid,5/13/2024,,
Rixathon,RITUXIMAB,50,ml,Biological,Prescription,LEK PHARMACEUTICALS D.D.,Slovenia,Valid,5/13/2024,,
DIPHERELINE P.R. 3 mg Powder for Suspension for Injection,TRIPTORELIN,-,-,NCE,Prescription,IPSEN PHARMA BIOTECH,France,Valid,2/27/2024,,
KLACID 500MG IV POWDER FOR INJECTION,CLARITHROMYCIN,15,ml,NCE,Prescription,DELPHARM REIMS S.A.S,France,Valid,12/29/2024,,
MOXIDAD CAPSULES 250 MG,AMOXICILLIN,-,-,Generic,Prescription,DAR ALDAWA,Jordan,Valid,8/29/2022,,
ZINOLE 5MG TABLET (28 tablets),ARIPIPRAZOLE,-,-,Generic,Prescription,LABORATORIOS CINFA SA,Spain,Valid,8/29/2022,,
"ZINOLE 10MG TABLET (28 tablets)	",ARIPIPRAZOLE,-,-,Generic,Prescription,LABORATORIOS CINFA SA,Spain,Valid,8/29/2022,,
"ZINOLE 15MG TABLET (28tablets)	",ARIPIPRAZOLE,-,-,Generic,Prescription,LABORATORIOS CINFA SA,Spain,Valid,8/29/2022,,
Celer,DESLORATADINE,-,-,Generic,OTC,GULF PHARMACEUTICAL INDUSTIRES- JULPHAR,United Arab Emirates,Valid,8/29/2022,,
Celer,DESLORATADINE,150,ml,Generic,OTC,GULF PHARMACEUTICAL INDUSTIRES- JULPHAR,United Arab Emirates,Valid,8/29/2022,,
PREVYMIS,LETERMOVIR,12,ml,NCE,Prescription,MSD INTERNATIONAL GMBH,Ireland,Valid,8/31/2022,,
Vanin,VANCOMYCIN,30,ml,Generic,Prescription,ASPIRO PHARMA LIMITED,India,Valid,8/31/2022,,
Vanin,VANCOMYCIN,30,ml,Generic,Prescription,ASPIRO PHARMA LIMITED,India,Valid,5/7/2023,,
Sayen,TADALAFIL,-,-,NCE,Prescription,E - PHARMA TRENTO - SPA,Italy,Valid,8/21/2024,,
Sayen,TADALAFIL,-,-,NCE,Prescription,E - PHARMA TRENTO - SPA,Italy,Valid,6/6/2023,,
Nosco,MOMETASONE FUROATE,140,dose,Generic,Prescription,Cipla Limited ,India,Valid,11/9/2022,,
NOREPINEPHRINE,NOREPINEPHRINE BITARTRATE,4,ml,Generic,Prescription,LABORATOIRE AGUETTANT,France,Valid,1/23/2024,,
ADRENALINE 0.1mg/mL,ADRENALINE,10,ml,Generic,Prescription,AGUETTANT LABORATORIES,France,Valid,1/19/2023,,
Bortada,BORTEZOMIB,1.4,ml,NCE,Prescription,THYMOORGAN PHARMAZIE GMBH,Germany,Valid,12/4/2023,,
Zersa,LINEZOLID,150,ml,NCE,Prescription,The Arab Pharmaceutical Manufacturing PSC Sult,Jordan,Valid,8/21/2024,,
Mizotra,METHOTREXATE,2,ml,Generic,Prescription,THYMOORGAN PHARMAZIE GMBH,Germany,Valid,10/9/2024,,
Rosalus 20mg Film coated Tablets,ROSUVASTATIN,-,-,Generic,Prescription,GULF PHARMACEUTICAL INDUSTIRES- JULPHAR,United Arab Emirates,Valid,8/29/2022,,
Rosalus 10 mg Film Coated Tablets,ROSUVASTATIN,-,-,Generic,Prescription,GULF PHARMACEUTICAL INDUSTIRES- JULPHAR,United Arab Emirates,Valid,8/29/2022,,
Rosalus 5 mg Film Coated Tablets,ROSUVASTATIN,-,-,Generic,Prescription,GULF PHARMACEUTICAL INDUSTIRES- JULPHAR,United Arab Emirates,Valid,8/29/2022,,
Olcontro Plus,"OLMESARTAN MEDOXOMIL,AMLODIPINE BESILATE",-,-,Generic,Prescription,Macleods Pharmaceuticals Limited,India,Valid,7/22/2025,,
Olcontro Plus,"OLMESARTAN MEDOXOMIL,AMLODIPINE BESILATE",-,-,Generic,Prescription,Macleods Pharmaceuticals Limited,India,Valid,7/22/2025,,
Ragilin,RASAGILINE,-,-,Generic,Prescription, Ferrer Internacional S.A,Spain,Valid,2/28/2024,,
Marixino,MEMANTINE HYDROCHLORIDE,-,-,Generic,Prescription,KRKA dd Novo mesto,Slovenia,Valid,2/15/2023,,
Engerix B 20,HEPATITIS B VIRUS HBSAG SURFACE ANTIGEN,1,ml,Biological,Prescription,GlaxoSmithKline Biologicals ,Belgium,Valid,8/21/2024,,
Trazimera,Trastuzumab,-,-,Biological,Prescription,Pfizer Manufacturing Belgium N.V.,Belgium,Valid,2/28/2024,,
Kovaltry,HUMAN COAGULATION FACTOR VIII,2.5,ml,Biological,Prescription,BAYER HEALTHCARE,United States,Valid,11/1/2022,,
Kovaltry,HUMAN COAGULATION FACTOR VIII,2.5,ml,Biological,Prescription,BAYER HEALTHCARE,United States,Valid,11/1/2022,,
Kovaltry,HUMAN COAGULATION FACTOR VIII,2.5,ml,Biological,Prescription,BAYER HEALTHCARE,United States,Valid,12/16/2024,,
Emgality,GALCANEZUMAB,-,-,Biological,Prescription,ELI LILLY,United States,Valid,4/13/2023,,
Dotagraf 0.5 mmol/ml Solution for Injection,GADOTERIC ACID,20,ml,Generic,Prescription,Headquarter Sanochemia Pharmazeutika AG,Austria,Valid,8/31/2022,,
Ceftriaxone Amarox,CEFTRIAXONE,20,ml,Generic,Prescription,Jodas Expoim Pvt Ltd,India,Valid,4/5/2023,,
Ceftriaxone Venus,CEFTRIAXONE,1,g,Generic,Prescription,VENUS REMEDIES LIMITED,India,Valid,8/29/2022,,
TiboFem,TIBOLONE,-,-,Generic,Prescription,CENEXI,France,Valid,2/27/2024,,
Lorius,DESLORATADINE,-,-,Generic,OTC,Savvy Pharma,Jordan,Valid,6/25/2024,,
Lorius,DESLORATADINE,-,-,Generic,OTC,Savvy Pharma,Jordan,Valid,6/25/2024,,
Zoxta,FEBUXOSTAT,-,-,Generic,Prescription,Savvy Pharma,Jordan,Valid,6/25/2024,,
Zoxta,FEBUXOSTAT,-,-,Generic,Prescription,Savvy Pharma,Jordan,Valid,6/25/2024,,
Kanvasiv,CASPOFUNGIN ACETATE,-,-,Generic,Prescription,HIKMA ITALIA SPA,Italy,Valid,8/31/2022,,
Kanvasiv,CASPOFUNGIN ACETATE,-,-,Generic,Prescription,HIKMA ITALIA SPA,Italy,Valid,8/31/2022,,
REVANESSE CONTOUR,HYALURONIC ACID,1,ml,Generic,Prescription,Prollenium Medical Technologies,Canada,Valid,8/29/2022,,
REVANESSE KISS,HYALURONIC ACID,1,ml,Generic,Prescription,Prollenium Medical Technologies,Canada,Valid,8/29/2022,,
REVANESSE ULTRA,HYALURONIC ACID,1,ml,Generic,Prescription,Prollenium Medical Technologies,Canada,Valid,8/29/2022,,
REVANESSE,HYALURONIC ACID,2,ml,Generic,Prescription,Prollenium Medical Technologies,Canada,Valid,8/29/2022,,
Dandaxa,TADALAFIL,-,-,Generic,Prescription,GULF PHARMACEUTICAL INDUSTIRES- JULPHAR,United Arab Emirates,Valid,8/29/2022,,
NEGAZOLE,METRONIDAZOLE,-,-,Generic,Prescription,GULF PHARMACEUTICAL INDUSTIRES- JULPHAR,United Arab Emirates,Valid,8/1/2022,,
"CLARIDAR XL 500 mg Tablet	",CLARITHROMYCIN,-,-,Generic,Prescription,DAR ALDAWA,Jordan,Valid,8/1/2022,,
REVANESSE PURE,HYALURONIC ACID,1,ml,Generic,Prescription,Prollenium Medical Technologies,Canada,Valid,8/1/2022,,
Glucophage XR,METFORMIN HYDROCHLORIDE,-,-,NCE,Prescription,MERCK HEALTHCARE KGAA,Germany,Valid,6/4/2025,,
Carbimazole Macleods,CARBIMAZOLE,-,-,Generic,Prescription,Macleods Pharmaceuticals Limited,India,Valid,8/1/2022,,
Veklury,REMDESIVIR,-,-,NCE,Prescription,GILEAD SCIENCES LIMITED (CORK),Ireland,Valid,10/23/2024,,
Keroz,FINGOLIMOD HYDROCHLORIDE,-,-,Generic,Prescription,Shilpa Medicare Ltd,India,Valid,8/1/2022,,
Neulasta Onpro,PEGFILGRASTIM,0.64,ml,Biological,Prescription,AMGEN MANUFACTURING LIMITED,United States,Valid,9/14/2023,,
Proteomib,BORTEZOMIB,-,-,Generic,Prescription,VENUS REMEDIES LIMITED,India,Valid,8/29/2022,,
TRUMENBA,"MENINGOCOCCAL GROUP A (NEISSERIA MENINGITIDIS) POLYSACCHARIDE VACCINE,MENINGOCOCCAL GROUP B (NEISSERIA MENINGITIDIS) (STRAIN NZ98/254)",0.5,ml,Biological,Prescription,PFIZER,Ireland,Valid,11/3/2022,,
Enzastik ,ENZALUTAMIDE,-,-,Generic,Prescription,Eugia Pharma Specialties Limited,India,Valid,8/1/2022,,
Reblozyl,LUSPATERCEPT,-,-,Biological,Prescription,Patheon Italia S.P.A.,Italy,Valid,7/8/2025,,
Reblozyl,LUSPATERCEPT,-,-,Biological,Prescription,Patheon Italia S.P.A.,Italy,Valid,7/8/2025,,
Tedalix,"TETANUS TOXOID,DIPHTHERIA TOXOID",5,ml,Biological,Prescription,PT Bio Farma ( Persero ) ,Indonesia,Valid,11/7/2023,,
Gizlan HCT,"IRBESARTAN,HYDROCHLOROTHIAZIDE",-,-,Generic,Prescription,DAR ALDAWA,Jordan,Valid,8/7/2024,,
Kesimpta,OFATUMUMAB,0.4,ml,Biological,Prescription,NOVARTIS Pharma Stein AG,Switzerland,Valid,8/1/2022,,
Virad,TENOFOVIR DISOPROXIL,-,-,Generic,Prescription,Hetero Labs Limited Unit – III,India,Valid,10/23/2024,,
Trivira,"EFAVIRENZ,TENOFOVIR DISOPROXIL,EMTRICITABINE",-,-,NCE,Prescription,Hetero Labs Limited Unit – III,India,Valid,11/3/2022,,
Fulvestrant SPC,FULVESTRANT,5,ml,Generic,Prescription,Dr. Reddy’s Laboratories Ltd. Formulation Unit VII,India,Valid,7/22/2025,,
Nefalgic,NEFOPAM HYDROCHLORIDE,2,ml,Generic,Prescription,DELPHARM LILLE S.A.S.,France,Valid,7/3/2025,,
Skyrizi 150 mg ,RISANKIZUMAB,1,ml,Biological,Prescription,AbbVie Deutschland GmbH & Co KG,Germany,Valid,7/8/2025,,
Oselow,OSELTAMIVIR,-,-,Generic,Prescription,MSN LABORATORIES PRIVATE LIMITED ,India,Valid,8/1/2022,,
Bosfit,BOSENTAN,-,-,Generic,Prescription,Aurobindo Pharma Limited Unit VII,India,Valid,8/1/2022,,
Brukinsa,ZANUBRUTINIB,-,-,NCE,Prescription,CATALENT,United States,Valid,7/8/2025,,
IROREST FCT,DEFERASIROX,-,-,Generic,Prescription,APOTEX RESEARCH PRIVATE LIMITED,India,Valid,12/13/2022,,
IROREST FCT,DEFERASIROX,-,-,Generic,Prescription,APOTEX RESEARCH PRIVATE LIMITED,India,Valid,8/1/2022,,
STRENSIQ,ASFOTASE ALFA,0.7,ml,Biological,Prescription,Alexion Pharma International Operations Unlimited Company,Ireland,Valid,7/8/2025,,
STRENSIQ,ASFOTASE ALFA,0.45,ml,Biological,Prescription,Alexion Pharma International Operations Unlimited Company,Ireland,Valid,7/8/2025,,
STRENSIQ,ASFOTASE ALFA,1,ml,Biological,Prescription,Alexion Pharma International Operations Unlimited Company,Ireland,Valid,7/8/2025,,
STRENSIQ,ASFOTASE ALFA,0.8,ml,Biological,Prescription,Alexion Pharma International Operations Unlimited Company,Ireland,Valid,7/8/2025,,
Cincet,CINACALCET,-,-,Generic,Prescription,Aurobindo Pharma Limited Unit XV,India,Valid,8/29/2022,,
Cincet,CINACALCET,-,-,Generic,Prescription,Aurobindo Pharma Limited Unit XV,India,Valid,8/1/2022,,
Veval,DAPOXETINE,-,-,Generic,Prescription,Savvy Pharma,Jordan,Valid,6/25/2024,,
Veval,DAPOXETINE,-,-,Generic,Prescription,Savvy Pharma,Jordan,Valid,6/25/2024,,
OCRAN,OCTREOTIDE ACETATE,1,ml,Generic,Prescription,GP PHARM SA,Spain,Valid,8/29/2022,,
OCRAN,OCTREOTIDE ACETATE,1,ml,Generic,Prescription,GP PHARM SA,Spain,Valid,8/1/2022,,
Tyronib,IMATINIB MESILATE,-,-,Generic,Prescription,Hetero Labs Limited Unit – V,India,Valid,5/21/2024,,
Tyronib,IMATINIB MESILATE,-,-,Generic,Prescription,Hetero Labs Limited Unit – V,India,Valid,5/21/2024,,
Iylus,VILDAGLIPTIN,-,-,Generic,Prescription,Savvy Pharma,Jordan,Valid,6/25/2024,,
Zersa,LINEZOLID,300,ml,Generic,Prescription,Hikma Farmaceutica,Portugal,Valid,8/31/2022,,
Zostivr,FAMCICLOVIR,-,-,Generic,Prescription,Hetero Labs Limited Unit – V,India,Valid,8/29/2022,,
Divira,"TENOFOVIR DISOPROXIL,EMTRICITABINE",-,-,Generic,Prescription,Hetero Labs Limited Unit – III,India,Valid,11/3/2022,,
Squadaion,BENDAMUSTINE HYDROCHLORIDE,-,-,Generic,Prescription,Mylan Laboratories Limited,India,Valid,5/8/2025,,
Squadaion,BENDAMUSTINE HYDROCHLORIDE,-,-,Generic,Prescription,Mylan Laboratories Limited,India,Valid,5/8/2025,,
Mavilor,NEBIVOLOL HYDROCHLORIDE,-,-,Generic,Prescription,Apex Pharma Egypt,Egypt,Valid,1/21/2025,,
FLORATIL,SACCHAROMYCES BOULARDII,-,-,NCE,Prescription,Biocodex,France,Valid,3/27/2023,,
FLORATIL,SACCHAROMYCES BOULARDII,-,-,NCE,Prescription,Biocodex,France,Valid,3/27/2023,,
DENGVAXIA,"CYD DENGUE VIRUS SEROTYPE (1,2,3 & 4)",0.5,ml,Biological,Prescription,SANOFI PASTEUR,France,Valid,12/1/2022,,
"BRILINTA 60 MG FILM COATED TABLET	",TICAGRELOR,-,-,NCE,Prescription,AstraZeneca AB,Sweden,Valid,8/21/2024,,
Pergoveris,"FOLLITROPIN ALFA,LUTROPIN ALFA",0.48,ml,Biological,Prescription,MERCK SERONO,Italy,Valid,2/27/2024,,
Pergoveris,"FOLLITROPIN ALFA,LUTROPIN ALFA",0.72,ml,Biological,Prescription,MERCK SERONO,Italy,Valid,2/27/2024,,
PXIDONE 1MG F.C.TABLET,"3-(2-(4-(6-FLUORO-1,2-BENZISOXAZOL-3-YL)-1-PIPERIDINYL)ETHYL)-6,7,8,9-TETRAHYDRO-2-METHYL-4H-PYRIDO(1,2-A)PYRIMIDIN-4-ONE",-,-,Generic,Prescription,Apex Pharma Egypt,Egypt,Valid,3/10/2025,,
PXIDONE 2MG F.C.TABLET,"3-(2-(4-(6-FLUORO-1,2-BENZISOXAZOL-3-YL)-1-PIPERIDINYL)ETHYL)-6,7,8,9-TETRAHYDRO-2-METHYL-4H-PYRIDO(1,2-A)PYRIMIDIN-4-ONE",-,-,Generic,Prescription,Apex Pharma Egypt,Egypt,Valid,3/10/2025,,
PXIDONE 3MG F.C.TABLET,"3-(2-(4-(6-FLUORO-1,2-BENZISOXAZOL-3-YL)-1-PIPERIDINYL)ETHYL)-6,7,8,9-TETRAHYDRO-2-METHYL-4H-PYRIDO(1,2-A)PYRIMIDIN-4-ONE",-,-,Generic,Prescription,Apex Pharma Egypt,Egypt,Valid,3/10/2025,,
PXIDONE 4MG F.C.TABLET,"3-(2-(4-(6-FLUORO-1,2-BENZISOXAZOL-3-YL)-1-PIPERIDINYL)ETHYL)-6,7,8,9-TETRAHYDRO-2-METHYL-4H-PYRIDO(1,2-A)PYRIMIDIN-4-ONE",-,-,Generic,Prescription,Apex Pharma Egypt,Egypt,Valid,3/10/2025,,
Erastapecs Plus 20/12.5MG F.C.TABLET,"OLMESARTAN MEDOXOMIL,HYDROCHLOROTHIAZIDE",-,-,Generic,Prescription,Apex Pharma Egypt,Egypt,Valid,5/14/2025,,
Erastapecs Plus 40/12.5MG F.C.TABLET,"OLMESARTAN MEDOXOMIL,HYDROCHLOROTHIAZIDE",-,-,Generic,Prescription,Apex Pharma Egypt,Egypt,Valid,5/14/2025,,
MST Continus 10 mg ,MORPHINE SULFATE,-,-,NCE,Prescription,Bard Pharmaceuticals Limited ,United Kingdom,Valid,5/16/2024,,
MST Continus 30 mg,MORPHINE SULFATE,-,-,NCE,Prescription,Bard Pharmaceuticals Limited ,United Kingdom,Valid,5/16/2024,,
MST Continus 60 mg,MORPHINE SULFATE,-,-,NCE,Prescription,Bard Pharmaceuticals Limited ,United Kingdom,Valid,5/16/2024,,
Concor Amlo,"BISOPROLOL FUMARATE,AMLODIPINE BESILATE",-,-,NCE,Prescription,EGIS PHARMACEUTICALS PLC,Hungary,Valid,6/6/2023,,
Concor Amlo,"BISOPROLOL FUMARATE,AMLODIPINE BESILATE",-,-,NCE,Prescription,EGIS PHARMACEUTICALS PLC,Hungary,Valid,6/6/2023,,
IMFINZI 120 mg / 2.4 ml,DURVALUMAB,2.4,ml,Biological,Prescription,AstraZeneca Pharmaceuticals LP,United States,Valid,12/18/2024,,
IMFINZI 500 mg / 10 ml ,DURVALUMAB,10,ml,Biological,Prescription,Catalent Indiana LLC formerly Cook Pharmica LLC,United States,Valid,12/18/2024,,
Polivy,POLATUZUMAB VEDOTIN,-,-,Biological,Prescription,BSP PHARMACEUTICALS S.r.l.,Italy,Valid,7/8/2025,,
Levozyrt,LEVOCETIRIZINE DIHYDROCHLORIDE,-,-,Generic,OTC,Hetero Labs Limited Unit – III,India,Valid,8/1/2022,,
Erloz,ERLOTINIB,-,-,Generic,Prescription,Hetero Labs Limited Unit – V,India,Valid,11/5/2024,,
Erloz,ERLOTINIB,-,-,Generic,Prescription,Hetero Labs Limited Unit – V,India,Valid,8/1/2022,,
Trioltan,"OLMESARTAN MEDOXOMIL,HYDROCHLOROTHIAZIDE,AMLODIPINE BESILATE",-,-,Generic,Prescription,Macleods Pharmaceuticals Limited,India,Valid,7/22/2025,,
Trioltan,"OLMESARTAN MEDOXOMIL,HYDROCHLOROTHIAZIDE,AMLODIPINE BESILATE",-,-,Generic,Prescription,Macleods Pharmaceuticals Limited,India,Valid,7/22/2025,,
KETOTHROM,KETOROLAC TROMETHAMINE,1,ml,NCE,Prescription,PT. Novell Pharmaceutical Laboratories ,Indonesia,Valid,8/31/2022,,
Fulphila,PEGFILGRASTIM,0.6,ml,Biological,Prescription,Biocon Limited ,India,Valid,10/9/2024,,
Tigecycline BOS,TIGECYCLINE,5,ml,Generic,Prescription,Gland Pharma Limited ,India,Valid,8/21/2024,,
Traxia,CISATRACURIUM,10,ml,Generic,Prescription,MS Pharma ,Jordan,Valid,5/21/2025,,
Veltero,BORTEZOMIB,1,ml,Generic,Prescription,Hetero Labs Limited Unit – V,India,Valid,11/12/2024,,
Tranexamic acid BOS,TRANEXAMIC ACID,10,ml,Generic,Prescription,Gland Pharma Limited ,India,Valid,6/22/2023,,
Firazyr 30 mg per 3 ml,ICATIBANT,3,ml,NCE,Prescription,"VETTER PHARMA-FERTIGUNG, GMBH & CO. KG",Germany,Valid,7/8/2025,,
Zostivr,FAMCICLOVIR,-,-,Generic,Prescription,Hetero Labs Limited Unit – V,India,Valid,8/1/2022,,
ANTINAL  200 MG CAPSULE,NIFUROXAZIDE,-,-,Generic,Prescription, Amoun Pharmaceutical Company,Egypt,Valid,8/1/2022,,
DAPTOMYCIN BOS,DAPTOMYCIN,-,-,Generic,Prescription,Gland Pharma Limited ,India,Valid,7/28/2025,,
Qualcox,CELECOXIB,-,-,Generic,Prescription,APOTEX RESEARCH PRIVATE LIMITED,India,Valid,8/29/2022,,
Darista,DARUNAVIR,-,-,Generic,Prescription,APL Health Care Limited,India,Valid,11/10/2022,,
Darista,DARUNAVIR,-,-,Generic,Prescription,APL Health Care Limited,India,Valid,11/10/2022,,
IBRANCE,PALBOCICLIB,-,-,NCE,Prescription,Pfizer Manufacturing Deutschland GmbH,Germany,Valid,11/28/2024,,
IBRANCE,PALBOCICLIB,-,-,NCE,Prescription,Pfizer Manufacturing Deutschland GmbH,Germany,Valid,11/28/2024,,
IBRANCE,PALBOCICLIB,-,-,NCE,Prescription,Pfizer Manufacturing Deutschland GmbH,Germany,Valid,11/28/2024,,
Kalmo,LORNOXICAM,-,-,Generic,Prescription,Al-Taqaddom pharmaceutical Industries ,Jordan,Valid,8/28/2024,,
Xospata,GILTERITINIB,-,-,NCE,Prescription,Astellas Pharma Inc,Japan,Valid,8/1/2022,,
Voricet,VORICONAZOLE,-,-,Generic,Prescription,LEK PHARMACEUTICALS D.D.,Slovenia,Valid,6/27/2024,,
Megval 50 mg per 10 ml,MELPHALAN,10,ml,NCE,Prescription,Emcure Pharmaceuticals Ltd. ,India,Valid,4/15/2025,,
Relexib,CELECOXIB,-,-,Generic,Prescription,Macleods Pharmaceuticals Limited,India,Valid,8/29/2022,,
Relexib,CELECOXIB,-,-,Generic,Prescription,Macleods Pharmaceuticals Limited,India,Valid,8/1/2022,,
Alix,PEMETREXED,-,-,Generic,Prescription,Hetero Labs Limited Unit – V,India,Valid,7/8/2024,,
VFEND 40MG/ML POWDER FOR SUSPENSION,VORICONAZOLE,-,-,NCE,Prescription,Fareva Amboise,France,Valid,8/1/2022,,
Empaveli 1080 mg per 20 ml,PEGCETACOPLAN,20,ml,NCE,Prescription,Cangene BioPharma Inc. (CBI) ,United States,Valid,11/3/2024,,
Empaveli 1080 mg per 20 ml 8 vials,PEGCETACOPLAN,20,ml,NCE,Prescription,Cangene BioPharma Inc. (CBI) ,United States,Valid,11/3/2024,,
Starkoprex,TADALAFIL,-,-,Generic,Prescription,Apex Pharma Egypt,Egypt,Valid,3/16/2025,,
FENTANYL MEDIS 10 ml Ampoule,FENTANYL,10,ml,Generic,Prescription,LES LABORATOIRES MEDIS,Tunisia,Valid,9/22/2024,,
FENTANYL MEDIS 2 ml Ampoule,FENTANYL,2,ml,Generic,Prescription,LES LABORATOIRES MEDIS,Tunisia,Valid,9/22/2024,,
ARTELAC COMPLETE SDU EYE DROP,"SODIUM HYALURONATE,TRIGLYCERIDES MEDIUM CHAIN,CARBOMER",0.5,ml,Generic,Prescription,DR. GERHARD MANN CHEM.-PHARM. FABRIK GMBH,Germany,Valid,10/22/2023,,
Rozlytrek,ENTRECTINIB,-,-,NCE,Prescription,Mayne Pharma Inc,United States,Valid,12/18/2024,,
Rozlytrek,ENTRECTINIB,-,-,NCE,Prescription,Mayne Pharma Inc,United States,Valid,12/18/2024,,
Evrysdi 60 mg/80ml,RISDIPLAM,80,ml,NCE,Prescription,F. Hoffmann-La Roche Ltd.,Switzerland,Valid,7/8/2025,,
Gemcitabine BOS,GEMCITABINE,30,ml,Generic,Prescription,Shilpa Medicare Ltd,India,Valid,7/28/2025,,
Lojuxta,LOMITAPIDE MESYLATE,-,-,NCE,Prescription,CATALENT,United States,Valid,7/8/2025,,
Lojuxta,LOMITAPIDE MESYLATE,-,-,NCE,Prescription,CATALENT,United States,Valid,7/8/2025,,
Lojuxta,LOMITAPIDE MESYLATE,-,-,NCE,Prescription,CATALENT,United States,Valid,7/8/2025,,
Kepavie,LEVETIRACETAM,-,-,Generic,Prescription,Taha Pharma,Tunisia,Valid,3/23/2023,,
Cefepime Amarox,CEFEPIME HYDROCHLORIDE,-,-,Generic,Prescription,Jodas Expoim Pvt Ltd,India,Valid,4/5/2023,,
Artelac Ectoin SDU,ECTOINE,0.5,ml,Generic,OTC,DR. GERHARD MANN CHEM.-PHARM. FABRIK GMBH,Germany,Valid,10/22/2023,,
Zorta,ARIPIPRAZOLE,120,ml,Generic,Prescription,UNITED INTERNATIONAL COMPANY,Jordan,Valid,9/19/2022,,
Dicynone,ETAMSYLATE,-,-,NCE,Prescription,Corden Pharma Lisbon S.A,Portugal,Valid,4/30/2025,,
Crinone,PROGESTERONE,1.125,g,NCE,Prescription,Dendron Brands Limited,United Kingdom,Valid,6/6/2023,,
Starkoprex,TADALAFIL,-,-,Generic,Prescription,Apex Pharma Egypt,Egypt,Valid,3/6/2025,,
Dusta plus,"DUTASTERIDE,TAMSULOSIN HYDROCHLORIDE",-,-,Generic,Prescription,"LABORATORIOS LEON FARMA, S.A.",Spain,Valid,11/13/2022,,
Pretava,PRALIDOXIME CHLORIDE,-,-,Generic,Prescription,HIKMA ITALIA SPA,Italy,Valid,10/5/2022,,
Clavodar ES Suspension,"AMOXICILLIN,CLAVULANIC ACID",100,ml,Generic,Prescription,DAR ALDAWA,Jordan,Valid,11/18/2022,,
Midathetic,MIDAZOLAM,3,ml,Generic,Prescription, Amoun Pharmaceutical Company,Egypt,Valid,10/19/2023,,
Fasturtec,RASBURICASE,1,ml,Biological,Prescription,sanofi S.R.L,Italy,Valid,8/31/2022,,
Fasturtec,RASBURICASE,-,-,Biological,Prescription,sanofi S.R.L,Italy,Valid,8/31/2022,,
REMOSTA,SUNITINIB,-,-,Generic,Prescription,"BLUEPHARMA INDUSTRIA FARMACEUTICA, S.A",Portugal,Valid,8/29/2022,,
REMOSTA,SUNITINIB,-,-,Generic,Prescription,"BLUEPHARMA INDUSTRIA FARMACEUTICA, S.A",Portugal,Valid,8/29/2022,,
REMOSTA,SUNITINIB,-,-,Generic,Prescription,"BLUEPHARMA INDUSTRIA FARMACEUTICA, S.A",Portugal,Valid,8/1/2022,,
Erbitux 100 mg per 20 ml,CETUXIMAB,20,ml,Biological,Prescription,MERCK HEALTHCARE KGAA,Germany,Valid,9/12/2023,,
KANUMA,SEBELIPASE ALFA,10,ml,Biological,Prescription,Patheon Italia S.P.A.,Italy,Valid,10/23/2024,,
Axepta,ATOMOXETINE HYDROCHLORIDE,-,-,Generic,Prescription,UNITED PHARMACEUTICAL COMPANY,Jordan,Valid,8/29/2022,,
LOTEMAX 0.5% GEL,LOTEPREDNOL ETABONATE,5,g,NCE,Prescription,"Bausch & Lomb, Incorporated",United States,Valid,10/22/2023,,
Axepta,ATOMOXETINE HYDROCHLORIDE,-,-,Generic,Prescription,UNITED INTERNATIONAL COMPANY,Jordan,Valid,8/29/2022,,
Axepta,ATOMOXETINE HYDROCHLORIDE,-,-,Generic,Prescription,UNITED INTERNATIONAL COMPANY,Jordan,Valid,8/29/2022,,
Axepta,ATOMOXETINE HYDROCHLORIDE,-,-,Generic,Prescription,UNITED PHARMACEUTICAL COMPANY,Jordan,Valid,8/29/2022,,
Axepta,ATOMOXETINE HYDROCHLORIDE,-,-,Generic,Prescription,UNITED INTERNATIONAL COMPANY,Jordan,Valid,8/1/2022,,
HEMABO 24MG/1.2ML ,PLERIXAFOR,1.2,ml,Generic,Prescription,MSN LABORATORIES PRIVATE LIMITED ,India,Valid,7/28/2025,,
Gizlan HCT,"IRBESARTAN,HYDROCHLOROTHIAZIDE",-,-,Generic,Prescription,DAR ALDAWA,Jordan,Valid,8/7/2024,,
Gizlan HCT,"IRBESARTAN,HYDROCHLOROTHIAZIDE",-,-,Generic,Prescription,DAR ALDAWA,Jordan,Valid,8/7/2024,,
Amstar,"VALSARTAN,AMLODIPINE BESILATE",-,-,Generic,Prescription,Pharma International Co.,Jordan,Valid,7/8/2025,,
Amstar,"VALSARTAN,AMLODIPINE BESILATE",-,-,Generic,Prescription,Pharma International Co.,Jordan,Valid,7/8/2025,,
Influvac Tetra,"A/Brisbane/02/2018 (H1N1),A/Kansas/14/2017 (H3N2),B/Colorado/06/2017,B/Phuket/3073/2013",-,-,Biological,Prescription,ABBOTT BIOLOGICALS,Netherlands,Valid,7/10/2023,,
Enstilar,"BETAMETHASONE DIPROPIONATE,Calcipotriol",60,g,NCE,Prescription,Leo Laboratories Limited,Ireland,Valid,11/17/2022,,
JEXT,ADRENALINE,-,-,NCE,Prescription,ALK-Abelló S.A,Spain,Valid,7/23/2024,,
JEXT,ADRENALINE,-,-,NCE,Prescription,ALK-Abelló S.A,Spain,Valid,2/26/2023,,
ELPIDA 50MG FILM COATED TABLET,DASATINIB,-,-,Generic,Prescription,The Arab Pharmaceutical Manufacturing PSC (Sahab) Co Ltd ,Jordan,Valid,7/6/2023,,
ELPIDA 70MG FILM COATED TABLET,DASATINIB,-,-,Generic,Prescription,The Arab Pharmaceutical Manufacturing PSC (Sahab) Co Ltd ,Jordan,Valid,7/6/2023,,
VelExel,VENLAFAXINE HYDROCHLORIDE,-,-,NCE,Prescription,Laboratorios Liconsa S.A,Spain,Valid,5/22/2023,,
VelExel,VENLAFAXINE HYDROCHLORIDE,-,-,NCE,Prescription,Laboratorios Liconsa S.A,Spain,Valid,5/22/2023,,
NEUCYTE,PEGFILGRASTIM,-,-,Biological,Prescription,Biocon Limited ,India,Valid,12/13/2022,,
HADLIMA 40MG/0.8ML INJECTION IN PFP,ADALIMUMAB,0.8,ml,Biological,Prescription,Catalent Belgium SA,Belgium,Valid,8/21/2024,,
"HADLIMA 40MG/0.8ML INJECTION IN PRE-FILLED SYRING	",ADALIMUMAB,0.8,ml,Biological,Prescription,Catalent Belgium SA,Belgium,Valid,8/21/2024,,
TYKODAS,DASATINIB,-,-,Generic,Prescription,MSN LABORATORIES PRIVATE LIMITED ,India,Valid,7/28/2025,,
Lepica,PREGABALIN,-,-,Generic,Prescription,Laboratorios Liconsa S.A,Spain,Valid,11/9/2023,,
Lepica,PREGABALIN,-,-,Generic,Prescription,Laboratorios Liconsa S.A,Spain,Valid,11/9/2023,,
ENTYVIO,VEDOLIZUMAB,-,-,Biological,Prescription,Vetter Pharma-Fertigung GmbH & Co.KG,Germany,Valid,9/28/2022,,
ENTYVIO,VEDOLIZUMAB,-,-,Biological,Prescription,"VETTER PHARMA-FERTIGUNG, GMBH & CO. KG",Germany,Valid,9/28/2022,,
Ezokamine,MICAFUNGIN,-,-,Generic,Prescription,"Sagent Pharmaceuticals, Inc",United States,Valid,6/29/2025,,
ATIQUIX,APIXABAN,-,-,Generic,Prescription,DR. REDDY,India,Valid,8/29/2022,,
ATIQUIX,APIXABAN,-,-,Generic,Prescription,DR. REDDY,India,Valid,8/29/2022,,
Kerendia,FINERENONE,-,-,NCE,Prescription,BAYER AG,Germany,Valid,4/6/2025,,
Enerzair Breezhaler,"MOMETASONE FUROATE,(indacaterol (as acetate,GLYCOPYRRONIUM BROMIDE",-,-,NCE,Prescription,NOVARTIS Pharma Stein AG,Switzerland,Valid,11/13/2022,,
SHINGRIX,VARICELLA ZOSTER VIRUS GLYCOPROTEIN E ADJUVANTED WITH AS01B,0.5,ml,Biological,Prescription,GlaxoSmithKline Biologicals ,Belgium,Valid,6/9/2024,,
Sulmetic,AMISULPRIDE,-,-,Generic,Prescription,Aurobindo Pharma Limited Unit III,India,Valid,11/12/2024,,
Sulmetic,AMISULPRIDE,-,-,Generic,Prescription,Aurobindo Pharma Limited Unit III,India,Valid,11/12/2024,,
Emopack,OMEPRAZOLE,-,-,Generic,Prescription,"Sofarimex Indústria Química e Farmacêutica, S.A.. ",Portugal,Valid,6/2/2025,,
Pulmirema 0.25 mg,BUDESONIDE,2,ml,Generic,Prescription,Cipla Limited ,India,Valid,2/28/2024,,
Pulmirema 0.5 mg,BUDESONIDE,2,ml,Generic,Prescription,Cipla Limited ,India,Valid,2/28/2024,,
Pulmirema 1 mg,BUDESONIDE,2,ml,Generic,Prescription,Cipla Limited ,India,Valid,2/28/2024,,
Sermitor,TOREMIFENE CITRATE,-,-,Generic,Prescription,MSN LABORATORIES PRIVATE LIMITED ,India,Valid,7/28/2025,,
Anidulafungin BOS,ANIDULAFUNGIN,40,ml,Generic,Prescription,Actavis Italy SpA ,Italy,Valid,7/28/2025,,
Floristil 250 mg per 5 ml,FULVESTRANT,5,ml,Generic,Prescription,"Chia Tai Tianqing Pharmaceutical Group Co., Ltd (CTTQ)",China,Valid,8/31/2022,,
VITAROS 3MG/GM CREAM,ALPROSTADIL,-,-,NCE,Prescription,GROUPE PARIMA INC,Canada,Valid,8/16/2023,,
VASCEPA 1GM CAPSULE,ICOSAPENT ETHYL,-,-,NCE,Prescription,Patheon Soft Gels BV,Netherlands,Valid,6/19/2023,,
Increlex 40 mg per 4 ml,MECASERMIN,4,ml,Biological,Prescription,BAXTER ONCOLOGY GmbH,Germany,Valid,5/7/2023,,
Iohexol PPI,IOHEXOL,50,ml,Generic,Prescription,Jodas Expoim Pvt Ltd,India,Valid,3/13/2025,,
Traxia,CISATRACURIUM,5,ml,Generic,Prescription,MS Pharma ,Jordan,Valid,5/21/2025,,
Decitabine SPC 50mg for Injection,DECITABINE,-,-,NCE,Prescription,DR. REDDY,India,Valid,7/22/2025,,
RYALTRIS,"OLOPATADINE,MOMETASONE FUROATE",240,DF,NCE,Prescription,Glenmark Pharmaceuticals Limited - Baddi,India,Valid,12/11/2023,,
PREMOSAN 10MG,METOCLOPRAMIDE HYDROCHLORIDE,-,-,Generic,Prescription,GULF PHARMACEUTICAL INDUSTIRES- JULPHAR,United Arab Emirates,Valid,11/7/2023,,
Platica,TICAGRELOR,-,-,Generic,Prescription,Labormed Pharma SA,Romania,Valid,8/21/2024,,
Nicorette,NICOTINE,-,-,NCE,OTC,LTS LOHMANN Therapie-Systeme,Germany,Valid,4/22/2025,,
Nicorette,NICOTINE,-,-,NCE,OTC,LTS LOHMANN Therapie-Systeme,Germany,Valid,4/22/2025,,
Nicorette,NICOTINE,-,-,NCE,OTC,LTS LOHMANN Therapie-Systeme,Germany,Valid,4/22/2025,,
Vaprena,TOLVAPTAN,-,-,Generic,Prescription,Jiangsu Hengrui Pharmaceuticals Co Ltd,China,Valid,8/29/2022,,
Vaprena,TOLVAPTAN,-,-,Generic,Prescription,Jiangsu Hengrui Pharmaceuticals Co Ltd,China,Valid,8/1/2022,,
Sogroya 10 mg / 1.5 ml,SOMAPACITAN,-,-,Biological,Prescription,Novo Nordisk Bagsvaerd,Denmark,Valid,11/16/2023,,
GLYXAMBI,"EMPAGLIFLOZIN,LINAGLIPTIN",-,-,NCE,Prescription,Boehringer Ingelheim Pharma GmbH & Co. KG,Germany,Valid,1/24/2024,,
GLYXAMBI,"EMPAGLIFLOZIN,LINAGLIPTIN",-,-,NCE,Prescription,Boehringer Ingelheim Pharma GmbH & Co. KG,Germany,Valid,1/11/2024,,
Emedan 4 mg / 2 ml,ONDANSETRON,2,ml,Generic,Prescription,PHARMATHEN INTERNATIONAL,Greece,Valid,8/31/2022,,
Emedan 8 mg / 4 ml,ONDANSETRON,4,ml,Generic,Prescription,PHARMATHEN INTERNATIONAL,Greece,Valid,8/31/2022,,
Defitelio 200 mg per 2.5,DEFIBROTIDE,-,-,Biological,Prescription,Patheon Italia S.P.A.,Italy,Valid,7/7/2024,,
Verquvo,VERICIGUAT,-,-,NCE,Prescription,BAYER AG,Germany,Valid,8/29/2022,,
Verquvo,VERICIGUAT,-,-,NCE,Prescription,BAYER  AG,Germany,Valid,8/29/2022,,
Verquvo,VERICIGUAT,-,-,NCE,Prescription,BAYER AG,Germany,Valid,8/1/2022,,
ADRIBLASTINA 50MG/25ML VIAL,DOXORUBICIN HYDROCHLORIDE,-,-,Generic,Prescription,Zydus Hospira Oncology Private Limited ZHOPL ,India,Valid,8/4/2025,,
ADRIBLASTINA 10MG/5ML VIAL,DOXORUBICIN HYDROCHLORIDE,-,-,Generic,Prescription,Zydus Hospira Oncology Private Limited ZHOPL ,India,Valid,8/4/2025,,
FARMARUBICIN 10MG/5ML INJECTION,EPIRUBICIN HYDROCHLORIDE,-,-,Generic,Prescription,PFIZER PERTH PTY LIMITED,Australia,Valid,8/31/2022,,
FARMARUBICIN 50MG/25ML VIAL,EPIRUBICIN HYDROCHLORIDE,-,-,Generic,Prescription,PFIZER PERTH PTY LIMITED,Australia,Valid,8/31/2022,,
Praluent 300 mg per 2 ml,ALIROCUMAB,2,ml,Biological,Prescription,Sanofi aventis Deutschland GmbH,Germany,Valid,9/28/2022,,
Voriole,VORICONAZOLE,-,-,Generic,Prescription,MSN LABORATORIES PRIVATE LIMITED ,India,Valid,7/28/2025,,
Gizamlo,"IRBESARTAN,AMLODIPINE BESILATE",-,-,Generic,Prescription,DAR ALDAWA,Jordan,Valid,8/18/2024,,
Gizamlo,"IRBESARTAN,AMLODIPINE BESILATE",-,-,Generic,Prescription,DAR ALDAWA,Jordan,Valid,8/18/2024,,
Gizamlo,"IRBESARTAN,AMLODIPINE BESILATE",-,-,Generic,Prescription,DAR ALDAWA,Jordan,Valid,8/18/2024,,
Ultranem,MEROPENEM,-,-,Generic,Prescription,ACS Dobfar S.P.A,Italy,Valid,8/31/2022,,
Ultranem,MEROPENEM,-,-,Generic,Prescription,ACS Dobfar S.P.A,Italy,Valid,8/31/2022,,
Jylamvo,METHOTREXATE,60,ml,NCE,Prescription,Quay Pharmaceuticals Limited,United Kingdom,Valid,8/1/2022,,
WinRho SDF Liquid,ANTI-D [RHO] IMMUNOGLOBULIN,0.5,ml,Biological,Prescription,Emergent BioSolutions Canada Inc,Canada,Valid,10/3/2024,,
WinRho SDF Liquid,ANTI-D [RHO] IMMUNOGLOBULIN,1.3,ml,Biological,Prescription,Emergent BioSolutions Canada Inc,Canada,Valid,10/3/2024,,
KAPRON,TRANEXAMIC ACID,-,-,Generic,Prescription, Amoun Pharmaceutical Company,Egypt,Valid,8/1/2022,,
ANXETIN 20MG CAPSULES,FLUOXETINE,-,-,Generic,Prescription,DAR ALDAWA,Jordan,Valid,8/1/2022,,
TRANSLARNA,ATALUREN,-,-,NCE,Prescription,Pharmaceutical Manufacturing Research Services Inc. PMRS,United States,Valid,1/24/2024,,
TRANSLARNA,ATALUREN,-,-,NCE,Prescription,Pharmaceutical Manufacturing Research Services Inc. PMRS,United States,Valid,1/24/2024,,
TRANSLARNA,ATALUREN,-,-,NCE,Prescription,Pharmaceutical Manufacturing Research Services Inc. PMRS,United States,Valid,1/24/2024,,
PANZYGA,HUMAN IMMUNOGLOBULIN PROTEINS,10,ml,Biological,Prescription,OCTAPHARMA,Austria,Valid,6/20/2023,,
PANZYGA,HUMAN IMMUNOGLOBULIN PROTEINS,25,ml,Biological,Prescription,OCTAPHARMA,Austria,Valid,6/20/2023,,
PANZYGA,HUMAN IMMUNOGLOBULIN PROTEINS,50,ml,Biological,Prescription,OCTAPHARMA,Austria,Valid,6/20/2023,,
PANZYGA,HUMAN IMMUNOGLOBULIN PROTEINS,300,ml,Biological,Prescription,OCTAPHARMA,Austria,Valid,6/20/2023,,
PANZYGA,HUMAN IMMUNOGLOBULIN PROTEINS,200,ml,Biological,Prescription,OCTAPHARMA,Austria,Valid,6/20/2023,,
PANZYGA,HUMAN IMMUNOGLOBULIN PROTEINS,100,ml,Biological,Prescription,OCTAPHARMA,Austria,Valid,6/20/2023,,
Sodium Chloride 0.9%,SODIUM CHLORIDE,100,ml,Generic,Prescription,B. BRAUN MELSUNGEN AG,Germany,Valid,5/8/2025,,
Sodium Chloride 0.9%,SODIUM CHLORIDE,500,ml,Generic,Prescription,B. BRAUN MELSUNGEN AG,Germany,Valid,5/8/2025,,
Sodium Chloride 0.9%,SODIUM CHLORIDE,1000,ml,Generic,Prescription,B. BRAUN MELSUNGEN AG,Germany,Valid,5/8/2025,,
Epnone,EPLERENONE,-,-,NCE,Prescription,MSN LABORATORIES PRIVATE LIMITED ,India,Valid,8/1/2022,,
Correx,Etoricoxib,-,-,Generic,Prescription,Al-Taqaddom pharmaceutical Industries ,Jordan,Valid,2/11/2025,,
"ATECTURA 150/160MCG INHALATION POWDER,HARD CAPSULE","MOMETASONE FUROATE,(indacaterol (as acetate",-,-,NCE,Prescription,Siegfried Barbera S.L,Spain,Valid,6/21/2023,,
ATECTURA,"MOMETASONE FUROATE,(indacaterol (as acetate",-,-,NCE,Prescription,Siegfried Barbera S.L,Spain,Valid,6/21/2023,,
ATECTURA,"MOMETASONE FUROATE,(indacaterol (as acetate",-,-,NCE,Prescription,Siegfried Barbera S.L,Spain,Valid,6/21/2023,,
EMLOP 1MG/ML AMPOULE,GRANISETRON,1,ml,Generic,Prescription, Amoun Pharmaceutical Company,Egypt,Valid,8/31/2022,,
MONOZIDE 25MG TAB,HYDROCHLOROTHIAZIDE,-,-,Generic,Prescription,The Jordanian Pharmaceutical Manufacturing Medical Equipment Co. Ltd. (JPM),Jordan,Valid,9/14/2022,,
Tadafect,TADALAFIL,-,-,Generic,Prescription,Aurobindo Pharma Limited Unit VII,India,Valid,8/29/2022,,
"GLOFEL 5 mg Film-coated Tablet	",TADALAFIL,-,-,Generic,Prescription,GLOBAL PHARMA,United Arab Emirates,Valid,8/19/2024,,
Kerendia,FINERENONE,-,-,NCE,Prescription,BAYER AG,Germany,Valid,4/6/2025,,
Moxidad forte,AMOXICILLIN,-,-,Generic,Prescription,DAR ALDAWA,Jordan,Valid,2/13/2025,,
Opsumit,MACITENTAN,-,-,NCE,Prescription,EXCELLA GmbH & Co. KG,Germany,Valid,8/21/2024,,
Ceftazidime Venus,CEFTAZIDIME,10,ml,Generic,Prescription,VENUS REMEDIES LIMITED,India,Valid,10/3/2024,,
Xenor,CEFTRIAXONE,-,-,Generic,Prescription,Pharma International Co.,Jordan,Valid,12/29/2024,,
DIBASA,CHOLECALCIFEROL,10,ml,NCE,Prescription,ABIOGEN PHARMA S.p.A. ,Italy,Valid,10/2/2022,,
Ultranem,MEROPENEM,50,ml,Generic,Prescription,ACS Dobfar S.P.A,Italy,Valid,8/1/2022,,
Utrogestan,PROGESTERONE,-,-,Generic,Prescription,"CYNDEA PHARMA , S.L",Spain,Valid,11/21/2022,,
Utrogestan,PROGESTERONE,-,-,Generic,Prescription,"CYNDEA PHARMA , S.L",Spain,Valid,11/21/2022,,
Afstyla,LONOCTOCOG ALFA,2.5,ml,Biological,Prescription,CSL BEHRING,Germany,Valid,7/22/2023,,
Afstyla,LONOCTOCOG ALFA,2.5,ml,Biological,Prescription,CSL BEHRING,Germany,Valid,7/22/2023,,
Afstyla,LONOCTOCOG ALFA,2.5,ml,Biological,Prescription,CSL BEHRING,Germany,Valid,7/22/2023,,
Afstyla,LONOCTOCOG ALFA,5,ml,Biological,Prescription,CSL BEHRING,Germany,Valid,7/22/2023,,
Afstyla,LONOCTOCOG ALFA,5,ml,Biological,Prescription,CSL BEHRING,Germany,Valid,7/22/2023,,
Fenido,PIRFENIDONE,-,-,Generic,Prescription,MSN LABORATORIES PRIVATE LIMITED ,India,Valid,7/28/2025,,
Fenido,PIRFENIDONE,-,-,Generic,Prescription,MSN LABORATORIES PRIVATE LIMITED ,India,Valid,7/28/2025,,
Breztri Aerosphere,"FORMOTEROL FUMARATE,GLYCOPYRRONIUM BROMIDE,BUDESONIDE",120,dose,NCE,Prescription,AstraZeneca Dunkerque Production (AZDP),France,Valid,11/9/2022,,
Foscarnet BOS,FOSCARNET,250,ml,Generic,Prescription,Gland Pharma Limited ,India,Valid,11/9/2022,,
Tysabri,NATALIZUMAB,1,ml,Biological,Prescription,"VETTER PHARMA-FERTIGUNG, GMBH & CO. KG",Germany,Valid,7/7/2024,,
TAMFREX,TAMSULOSIN HYDROCHLORIDE,-,-,Generic,Prescription,Aurobindo Pharma Limited Unit VII,India,Valid,8/1/2022,,
SOCLAV,"AMOXICILLIN,CLAVULANIC ACID",-,-,Generic,Prescription,SOTHEMA,Morocco,Valid,3/9/2023,,
SOCLAV,"AMOXICILLIN,CLAVULANIC ACID",-,-,Generic,Prescription,SOTHEMA,Morocco,Valid,3/9/2023,,
Dacarbazine medac,DACARBAZINE,-,-,NCE,Prescription,MEDAC,Germany,Valid,5/8/2025,,
Dacarbazine medac,DACARBAZINE,-,-,NCE,Prescription,MEDAC,Germany,Valid,5/8/2025,,
Dacarbazine medac,DACARBAZINE,-,-,NCE,Prescription,MEDAC,Germany,Valid,6/19/2025,,
ASACOL,MESALAZINE,-,-,NCE,Prescription,Haupt Pharma Wulfing GmbH,Germany,Valid,8/1/2022,,
Retevmo,SELPERCATINIB,-,-,NCE,Prescription,Quotient Sciences Philadelphia LLC,United States,Valid,7/27/2025,,
Retevmo,SELPERCATINIB,-,-,NCE,Prescription,Quotient Sciences Philadelphia LLC,United States,Valid,4/13/2023,,
Retevmo,SELPERCATINIB,-,-,NCE,Prescription,Quotient Sciences Philadelphia LLC,United States,Valid,7/27/2025,,
Truvelog,INSULIN ASPART,3,ml,Biological,Prescription,Sanofi aventis Deutschland GmbH,Germany,Valid,5/9/2023,,
Suxamethonium Chloride Martindale,SUXAMETHONIUM CHLORIDE,2,ml,Generic,Prescription,MACARTHYS LABORATORIES LIMITED T\A MARTINDALE PHARMA,United Kingdom,Valid,8/1/2022,,
AKLIEF,TRIFAROTENE,75,g,NCE,Prescription,GALDERMA,France,Valid,1/13/2025,,
Hizentra 2 g per  10 ml PFS,HUMAN NORMAL IMMUNOGLOBULIN,10,ml,Biological,Prescription,CSL BEHRING,Switzerland,Valid,11/28/2022,,
Hizentra 1 g per 5 ml PFS,HUMAN NORMAL IMMUNOGLOBULIN,5,ml,Biological,Prescription,CSL BEHRING,Switzerland,Valid,11/28/2022,,
Hizentra 4 g per 20 ml PFS,HUMAN NORMAL IMMUNOGLOBULIN,20,ml,Biological,Prescription,CSL BEHRING,Switzerland,Valid,11/28/2022,,
BCG CULTURE AJV,live attenuated bacteria of the type Mycobacterium bovis BCG (Bacillus Calmette-Guerin),-,-,Biological,Prescription,AJ VACCINES A/S,Denmark,Valid,6/22/2023,,
ENOXA,ENOXAPARIN SODIUM,0.2,ml,Biological,Prescription,LES LABORATOIRES MEDIS,Tunisia,Valid,9/22/2024,,
ENOXA,ENOXAPARIN SODIUM,0.8,ml,Biological,Prescription,LES LABORATOIRES MEDIS,Tunisia,Valid,9/22/2024,,
ENOXA,ENOXAPARIN SODIUM,0.6,ml,Biological,Prescription,LES LABORATOIRES MEDIS,Tunisia,Valid,9/22/2024,,
ENOXA,ENOXAPARIN SODIUM,0.4,ml,Biological,Prescription,LES LABORATOIRES MEDIS,Tunisia,Valid,9/22/2024,,
Dapxiga,DAPAGLIFLOZIN,-,-,Generic,Prescription,Hetero Labs Limited Unit – III,India,Valid,3/19/2025,,
Dapxiga,DAPAGLIFLOZIN,-,-,Generic,Prescription,Hetero Labs Limited Unit – III,India,Valid,3/19/2025,,
Bivoneb,NEBIVOLOL HYDROCHLORIDE,-,-,Generic,Prescription,Hetero Labs Limited Unit – III,India,Valid,8/4/2024,,
Glucovance,"GLIBENCLAMIDE,METFORMIN HYDROCHLORIDE",-,-,NCE,Prescription,MERCK SANTE,France,Valid,4/14/2025,,
Valgiver,Valganciclovir,-,-,Generic,Prescription,"BLUEPHARMA INDUSTRIA FARMACEUTICA, S.A",Portugal,Valid,5/8/2025,,
Staquis,Crisaborole,60,g,NCE,Prescription,PHARMACIA UPJOHN,United States,Valid,2/20/2024,,
Xcard,APIXABAN,-,-,Generic,Prescription,Hetero Labs Limited Unit – V,India,Valid,9/15/2022,,
Xcard,APIXABAN,-,-,Generic,Prescription,Hetero Labs Limited Unit – V,India,Valid,9/15/2022,,
Xcard,APIXABAN,-,-,Generic,Prescription,Hetero Labs Limited Unit – V,India,Valid,9/15/2022,,
Xcard,APIXABAN,-,-,Generic,Prescription,Hetero Labs Limited Unit – V,India,Valid,9/15/2022,,
Tofibra,TOBRAMYCIN,5,ml,Generic,Prescription,Holopack (Laufen),Germany,Valid,8/1/2022,,
Dopamine Fresenius 200 mg/5 ml,DOPAMINE HYDROCHLORIDE,5,ml,Generic,Prescription,Fresenius Kabi Austria GmbH,Austria,Valid,8/1/2022,,
"Ephedrine 3 mg/ml , solution for injection in pre-filled syringe",Ephedrine hydrochloride,10,ml,NCE,Prescription,LABORATOIRE AGUETTANT,France,Valid,2/27/2024,,
DIVAD 5000 I.U CAPSULE,CHOLECALCIFEROL,-,-,Generic,Prescription,DAR ALDAWA,Jordan,Valid,8/28/2022,,
VaxigripTetra,INFLUENZA VIRUS INACTIVATED SPLIT,0.5,ml,Biological,Prescription,SANOFI PASTEUR,France,Valid,5/10/2023,,
Rydapt 25mg Soft Capsules,Midostaurin,-,-,NCE,Prescription,CATALENT GERMANY EBERBACH GmbH,Germany,Valid,2/9/2023,,
Orziban,RIZATRIPTAN BENZOATE,-,-,Generic,Prescription,UNITED PHARMACEUTICAL COMPANY,Jordan,Valid,-,,
Thyritol,PARICALCITOL,1,ml,Generic,Prescription,Refarm Laboratories Ltd,Greece,Valid,2/20/2023,,
Dullarma,IBRUTINIB,-,-,Generic,Prescription,The Arab Pharmaceutical Manufacturing PSC (Sahab) Co Ltd ,Jordan,Valid,6/19/2023,,
CALCIUM CHLORIDE 10% I.V INFUSION,CALCIUM CHLORIDE,10,ml,Generic,Prescription,MARTINDALE PHARMACEUTICALS LIMITED,United Kingdom,Valid,2/9/2023,,
Vesuv,SILDENAFIL,-,-,Generic,Prescription,OMAN PHARMACEUTICAL PRODUCTS,Oman,Valid,10/12/2022,,
Vesuv,SILDENAFIL,-,-,Generic,Prescription,OMAN PHARMACEUTICAL PRODUCTS,Oman,Valid,11/15/2023,,
Lenvatinib BOS,LENVATINIB,-,-,Generic,Prescription,Shilpa Medicare Ltd,India,Valid,8/7/2024,,
Zenix,LINEZOLID,-,-,Generic,Prescription,Hemofarm AD Vrsac ,Serbia,Valid,1/23/2024,,
Tigebax,TIGECYCLINE,-,-,Generic,Prescription,Gland Pharma Limited ,India,Valid,2/20/2023,,
PREMABAN,ATOSIBAN,0.9,ml,Generic,Prescription,EVER PHARMA JENA GMBH,Germany,Valid,-,,
PREMABAN,ATOSIBAN,5,ml,Generic,Prescription,EVER PHARMA JENA GMBH,Germany,Valid,-,,
Buvidal,BUPRENORPHINE,0.16,ml,NCE,Prescription,Rechon Life Science AB,Sweden,Valid,1/8/2023,,
Buvidal,BUPRENORPHINE,0.32,ml,NCE,Prescription,Rechon Life Science AB,Sweden,Valid,1/8/2023,,
Buvidal,BUPRENORPHINE,0.48,ml,NCE,Prescription,Rechon Life Science AB,Sweden,Valid,1/8/2023,,
Buvidal,BUPRENORPHINE,0.64,ml,NCE,Prescription,Rechon Life Science AB,Sweden,Valid,1/8/2023,,
Buvidal,BUPRENORPHINE,0.18,ml,NCE,Prescription,Rechon Life Science AB,Sweden,Valid,1/8/2023,,
Buvidal,BUPRENORPHINE,0.27,ml,NCE,Prescription,Rechon Life Science AB,Sweden,Valid,1/8/2023,,
Buvidal,BUPRENORPHINE,0.36,ml,NCE,Prescription,Rechon Life Science AB,Sweden,Valid,1/8/2023,,
Posacore,POSACONAZOLE,-,-,Generic,Prescription,Haimen pharma Inc,China,Valid,2/3/2025,,
Orladeyo,Berotralstat,-,-,NCE,Prescription,CATALENT,United States,Valid,7/23/2023,,
BIMZELX,BIMEKIZUMAB,1,ml,Biological,Prescription,"VETTER PHARMA-FERTIGUNG, GMBH & CO. KG",Germany,Valid,1/19/2023,,
YUPELRI 175 mcg / 3 ml,REVEFENACIN,3,ml,NCE,Prescription,The Ritedose Corporation,United States,Valid,11/14/2024,,
YUPELRI 175 mcg / 3 ml,REVEFENACIN,3,ml,NCE,Prescription,The Ritedose Corporation,United States,Valid,7/15/2025,,
Zolgensma,ONASEMNOGENE ABEPARVOVEC,-,-,Biological,Prescription,"Novartis Gene Therapies, Inc",United States,Valid,4/23/2024,,
Xenor,CEFTRIAXONE,-,-,Generic,Prescription,Pharma International Co.,Jordan,Valid,12/29/2024,,
Betaquil,BETAHISTINE DIHYDROCHLORIDE,-,-,Generic,Prescription,Aurobindo Pharma Limited Unit III,India,Valid,-,,
Betaquil,BETAHISTINE DIHYDROCHLORIDE,-,-,Generic,Prescription,Aurobindo Pharma Limited Unit III,India,Valid,-,,
Betaquil,BETAHISTINE DIHYDROCHLORIDE,-,-,Generic,Prescription,Aurobindo Pharma Limited Unit III,India,Valid,-,,
Helt,TADALAFIL,-,-,Generic,Prescription,Pharma International Co.,Jordan,Valid,5/5/2024,,
Helt,TADALAFIL,-,-,Generic,Prescription,Pharma International Co.,Jordan,Valid,5/5/2024,,
NABOTA,CLOSTRIDIUM BOTULINUM TYPE A TOXIN-HAEMAGGLUTININ COMPLEX,-,-,Biological,Prescription,DAEWOONG PHARMACEUTICAL CO LTD,South Korea,Valid,10/14/2024,,
Gleptal,VILDAGLIPTIN,-,-,Generic,Prescription,Al-Taqaddom pharmaceutical Industries ,Jordan,Valid,2/11/2025,,
Xivar,RIVAROXABAN,-,-,Generic,Prescription,DAR ALDAWA,Jordan,Valid,-,,
Vyepti,EPTINEZUMAB,1,ml,Biological,Prescription,Vetter Pharma-Fertigung GmbH & Co.KG,Germany,Valid,6/18/2025,,
Decanta,DECITABINE,-,-,Generic,Prescription,Shilpa Medicare Ltd,India,Valid,-,,
Iksaront,APIXABAN,-,-,Generic,Prescription,Apex Pharma Egypt,Egypt,Valid,4/23/2025,,
Iksaront,APIXABAN,-,-,Generic,Prescription,Apex Pharma Egypt,Egypt,Valid,4/23/2025,,
Neutra,LEVETIRACETAM,-,-,Generic,Prescription,Jordan Sweden Medical and Sterilization Co.,Jordan,Valid,3/6/2025,,
Progecta,VASOPRESSIN,1,ml,NCE,Prescription,JSC Farmak,Ukraine,Valid,5/28/2025,,
Sorafenib BOS,SORAFENIB,-,-,Generic,Prescription,Natco Pharma Limited,India,Valid,7/28/2025,,
Varlin,VARENICLINE,-,-,Generic,Prescription,APL Health Care Limited,India,Valid,7/8/2025,,
Varlin  0.5 mg 11 tablets + 1 mg 14 tablets,VARENICLINE,-,-,Generic,Prescription,APL Health Care Limited,India,Valid,7/8/2025,,
Wetzo,APREMILAST,-,-,Generic,Prescription,Macleods Pharmaceuticals Limited,India,Valid,7/22/2025,,
Wetzo 10 mg 4 tablets + 20 mg 4 tablets + 30 mg 20 tablets,APREMILAST,-,-,Generic,Prescription,Macleods Pharmaceuticals Limited,India,Valid,7/22/2025,,
FOVEPTA,HEPATITIS B VIRUS VACCINE,0.4,ml,Biological,Prescription,BIOTEST,Germany,Valid,4/14/2024,,
Aimovig,ERENUMAB,1,ml,Biological,Prescription,Amgen Manufacturing Ltd,United States,Valid,4/13/2023,,
Phesgo,"PERTUZUMAB,Trastuzumab",15,ml,Biological,Prescription,F. Hoffmann-La Roche Ltd.,Switzerland,Valid,12/22/2022,,
Phesgo,"PERTUZUMAB,Trastuzumab",10,ml,Biological,Prescription,F. Hoffmann-La Roche Ltd.,Switzerland,Valid,12/14/2022,,
Rivax,RIVAROXABAN,-,-,Generic,Prescription,Hetero Labs Limited Unit – V,India,Valid,5/7/2023,,
Rivax,RIVAROXABAN,-,-,Generic,Prescription,Hetero Labs Limited Unit – V,India,Valid,5/7/2023,,
Rivax,RIVAROXABAN,-,-,Generic,Prescription,Hetero Labs Limited Unit – V,India,Valid,5/7/2023,,
Rivax,RIVAROXABAN,-,-,Generic,Prescription,Hetero Labs Limited Unit – V,India,Valid,5/7/2023,,
Rivax,RIVAROXABAN,-,-,Generic,Prescription,Hetero Labs Limited Unit – V,India,Valid,5/7/2023,,
Nevotic,LEVOFLOXACIN,-,-,Generic,Prescription,Pharma International Co.,Jordan,Valid,12/29/2024,,
Zolomid,TEMOZOLOMIDE,-,-,Generic,Prescription,"LOTUS PHARMACEUTICAL CO., LTD",Taiwan,Valid,9/21/2023,,
Zolomid,TEMOZOLOMIDE,-,-,Generic,Prescription,"LOTUS PHARMACEUTICAL CO., LTD",Taiwan,Valid,9/21/2023,,
SIMLANDI 40MG/0.4ML SOLUTION FOR INJECTION PFS,ADALIMUMAB,0.4,ml,Biological,Prescription,Alvotech hf,Iceland,Valid,10/23/2024,,
SIMLANDI 40MG/0.4ML SOLUTION FOR INJECTION PFS,ADALIMUMAB,0.4,ml,Biological,Prescription,Alvotech hf,Iceland,Valid,11/3/2024,,
"SIMLANDI 80MG/0.4ML SOLUTION FOR INJECTION PFS	",ADALIMUMAB,0.8,ml,Biological,Prescription,Alvotech hf,Iceland,Valid,11/3/2024,,
Roneza,"ROSUVASTATIN,EZETIMIBE",-,-,NCE,Prescription,ELPEN PHARMACEUTICALS,Greece,Valid,12/22/2022,,
Roneza,"ROSUVASTATIN,EZETIMIBE",-,-,NCE,Prescription,ELPEN PHARMACEUTICALS,Greece,Valid,-,,
Roneza,"ROSUVASTATIN,EZETIMIBE",-,-,NCE,Prescription,ELPEN PHARMACEUTICALS,Greece,Valid,-,,
Roneza,"ROSUVASTATIN,EZETIMIBE",-,-,NCE,Prescription,ELPEN PHARMACEUTICALS,Greece,Valid,-,,
EpiPen 300 mcg per 0.3 ml,ADRENALINE,0.3,ml,NCE,Prescription,Meridian Medical Technologies Inc,United States,Valid,5/21/2024,,
Koselugo,SELUMETINIB,-,-,NCE,Prescription,Patheon Pharmaceuticals Inc. ,United States,Valid,-,,
Koselugo,SELUMETINIB,-,-,NCE,Prescription,Patheon Pharmaceuticals Inc. ,United States,Valid,11/3/2022,,
EpiPen 150 mcg per  0.3 ml,ADRENALINE,0.3,ml,NCE,Prescription,Meridian Medical Technologies Inc,United States,Valid,5/21/2024,,
RYALTRIS,"OLOPATADINE,MOMETASONE FUROATE",120,DF,NCE,Prescription,Glenmark Pharmaceuticals Limited - Baddi,India,Valid,12/11/2023,,
RYALTRIS,"OLOPATADINE,MOMETASONE FUROATE",56,DF,NCE,Prescription,Glenmark Pharmaceuticals Limited - Baddi,India,Valid,12/11/2023,,
Lipofirate,FENOFIBRATE,-,-,Generic,Prescription,Hetero Labs Limited Unit – III,India,Valid,1/5/2023,,
Lipofirate,FENOFIBRATE,-,-,Generic,Prescription,Hetero Labs Limited Unit – III,India,Valid,1/5/2023,,
Seroflo 25/125 inhaler,"FLUTICASONE PROPIONATE,SALMETEROL",120,DF,Generic,Prescription,Cipla Limited ,India,Valid,7/22/2025,,
Seroflo 25/250 inhaler,"FLUTICASONE PROPIONATE,SALMETEROL",120,DF,Generic,Prescription,Cipla Limited ,India,Valid,7/22/2025,,
Hi-Alfa SR,ALFUZOSIN,-,-,Generic,Prescription,Aurobindo Pharma Limited Unit III,India,Valid,-,,
Tumeeze Oral Emulsion,SIMETHICONE,30,ml,Generic,OTC,Amman Pharmaceutical Industries (API),Jordan,Valid,12/15/2024,,
Dacepton,APOMORPHINE,20,ml,NCE,Prescription,EVER PHARMA JENA GMBH,Germany,Valid,4/25/2024,,
Vominore,"MECLOZINE,PYRIDOXINE (VITAMIN B6)",-,-,Generic,Prescription,Jordanian pharmaceutical manufacturing company,Jordan,Valid,-,,
Setral,SERTRALINE,-,-,Generic,Prescription,The Jordanian Pharmaceutical Manufacturing Medical Equipment Co. Ltd. (JPM),Jordan,Valid,11/7/2022,,
COSOPT PRESERVATIVE FREE EYE DROP,"DORZOLAMIDE,TIMOLOL MALEATE",0.2,ml,NCE,Prescription,FAREVA MIRABEL,France,Valid,-,,
Ubrelvy,UBROGEPANT,-,-,NCE,Prescription,Forest Laboratories Ireland Limited,Ireland,Valid,8/3/2025,,
Sulmetic,AMISULPRIDE,-,-,Generic,Prescription,Aurobindo Pharma Limited Unit III,India,Valid,11/12/2024,,
Septolete total lemon and honey,"BENZYDAMINE HYDROCHLORIDE,CETYLPYRIDINIUM CHLORIDE",-,-,NCE,OTC,KRKA dd Novo mesto,Slovenia,Valid,11/26/2024,,
Voconza,VORICONAZOLE,-,-,Generic,Prescription,ASPIRO PHARMA LIMITED,India,Valid,-,,
VOCONZA 40MG/ML ORAL SUSPENSION,VORICONAZOLE,75,ml,Generic,Prescription,Hetero Labs Limited Unit – V,India,Valid,5/7/2023,,
VALGAN 50MG/ML POWDER FOR ORAL SOLUTION,Valganciclovir,100,ml,Generic,Prescription,Hetero Labs Limited Unit – V,India,Valid,1/5/2023,,
Binoven XL,VENLAFAXINE HYDROCHLORIDE,-,-,Generic,Prescription,Aurobindo Pharma Limited Unit III,India,Valid,-,,
Grasustek 6 mg per 0.6 ml,PEGFILGRASTIM,0.6,ml,Biological,Prescription,USV Private Limited Daman,India,Valid,11/22/2022,,
Xenor,CEFTRIAXONE,-,-,Generic,Prescription,Pharma International Co.,Jordan,Valid,12/29/2024,,
Oleovit D3 Oral drops,COLECALCIFEROL (VITAMIN D3),12.5,ml,Generic,Prescription,Fresenius Kabi Austria GmbH,Austria,Valid,12/27/2022,,
Setral,SERTRALINE,-,-,Generic,Prescription,The Jordanian Pharmaceutical Manufacturing Medical Equipment Co. Ltd. (JPM),Jordan,Valid,-,,
Zercepac,Trastuzumab,-,-,Biological,Prescription,Shanghai Henlius Biopharmaceutical Co Ltd,China,Valid,7/28/2025,,
Pemetrexed EPC,PEMETREXED,-,-,Generic,Prescription,Reliance Life Sciences Pvt. Ltd,India,Valid,11/28/2022,,
Pemetrexed EPC,PEMETREXED,-,-,Generic,Prescription,Reliance Life Sciences Pvt. Ltd,India,Valid,-,,
Remsima SC,INFLIXIMAB,1,ml,Biological,Prescription,Vetter Pharma-Fertigung GmbH & Co.KG,Germany,Valid,12/11/2024,,
Remsima SC with Needle Guard,INFLIXIMAB,1,ml,Biological,Prescription,VETTER PHARMA-FERTIGUNG GMBH & CO. KG,Germany,Valid,12/11/2024,,
Remsima SC Auto injector Pre-filled pen,INFLIXIMAB,1,ml,Biological,Prescription,VETTER PHARMA-FERTIGUNG GMBH & CO. KG,Germany,Valid,12/11/2024,,
Hizentra 1 g per 5 ml vial,HUMAN NORMAL IMMUNOGLOBULIN,5,ml,Biological,Prescription,CSL BEHRING,Switzerland,Valid,11/28/2022,,
Hizentra 2 g per 10 ml Vial,HUMAN NORMAL IMMUNOGLOBULIN,10,ml,Biological,Prescription,CSL BEHRING,Switzerland,Valid,-,,
Hizentra 4 g per 20 ml Vial,HUMAN NORMAL IMMUNOGLOBULIN,20,ml,Biological,Prescription,CSL BEHRING,Switzerland,Valid,-,,
Hizentra 10 g per 50 ml vial,HUMAN NORMAL IMMUNOGLOBULIN,50,ml,Biological,Prescription,CSL BEHRING,Switzerland,Valid,-,,
Taxporin,CEFTRIAXONE,10,ml,Generic,Prescription,ACS Dobfar S.P.A,Italy,Valid,-,,
Cefuzime,CEFUROXIME SODIUM,-,-,Generic,Prescription,GULF PHARMACEUTICAL INDUSTIRES- JULPHAR,United Arab Emirates,Valid,-,,
Gemorya,FINGOLIMOD HYDROCHLORIDE,-,-,Generic,Prescription,The Arab Pharmaceutical Manufacturing PSC (Sahab) Co Ltd ,Jordan,Valid,-,,
Gemorya,FINGOLIMOD HYDROCHLORIDE,-,-,Generic,Prescription,The Arab Pharmaceutical Manufacturing PSC (Sahab) Co Ltd ,Jordan,Valid,-,,
Takhzyro,LANADELUMAB,2,ml,Biological,Prescription,VETTER PHARMA,Germany,Valid,-,,
Rinvoq,UPADACITINIB,-,-,NCE,Prescription,AbbVie Ireland,Ireland,Valid,-,,
Kineret,ANAKINRA,0.67,ml,Biological,Prescription,Patheon Italia S.P.A.,Italy,Valid,-,,
Syngro,OCTREOTIDE ACETATE,-,-,Generic,Prescription,PHARMATHEN INTERNATIONAL,Greece,Valid,-,,
Syngro,OCTREOTIDE ACETATE,-,-,Generic,Prescription,PHARMATHEN INTERNATIONAL,Greece,Valid,-,,
Syngro,OCTREOTIDE ACETATE,-,-,Generic,Prescription,PHARMATHEN INTERNATIONAL,Greece,Valid,-,,
Apixaban BOS,APIXABAN,-,-,Generic,Prescription,Natco Pharma Limited,India,Valid,7/28/2025,,
Apixaban BOS,APIXABAN,-,-,Generic,Prescription,Natco Pharma Limited,India,Valid,7/28/2025,,
PIANKA 50 MG/ 5 ML SYRUP,IRON POLYMALTOSE,120,mg/ml,Generic,OTC,Jordan Sweden Medical and Sterilization Co.,Jordan,Valid,8/22/2023,,
Cefuroxime-Venus,CEFUROXIME SODIUM,-,-,Generic,Prescription,VENUS REMEDIES LIMITED,India,Valid,-,,
Fermata,DEFERASIROX,-,-,Generic,Prescription,Jordan Sweden Medical and Sterilization Co.,Jordan,Valid,3/6/2025,,
"IROREST FCT	",DEFERASIROX,-,-,Generic,Prescription,APOTEX RESEARCH PRIVATE LIMITED,India,Valid,-,,
Meliglptin,SITAGLIPTIN HYDROCHLORIDE,-,-,Generic,Prescription,Hetero Labs Limited Unit – V,India,Valid,1/5/2023,,
Meliglptin,SITAGLIPTIN HYDROCHLORIDE,-,-,Generic,Prescription,Hetero Labs Limited Unit – V,India,Valid,1/5/2023,,
Surlex 500 mg / 5 ml ,SUGAMMADEX,5,ml,Generic,Prescription,DR. REDDY,India,Valid,-,,
Surlex 200 mg  / 2 ml,SUGAMMADEX,2,ml,Generic,Prescription,DR. REDDY,India,Valid,-,,
Meligamet 50 m / 1000 mg,"METFORMIN HYDROCHLORIDE,SITAGLIPTIN HYDROCHLORIDE",-,-,Generic,Prescription,Hetero Labs Limited Unit – V,India,Valid,12/29/2022,,
Meligamet 50 mg / 850 mg,"METFORMIN HYDROCHLORIDE,SITAGLIPTIN HYDROCHLORIDE",-,-,Generic,Prescription,Hetero Labs Limited Unit – V,India,Valid,1/5/2023,,
Suva,ROSUVASTATIN,-,-,Generic,Prescription,Macleods Pharmaceuticals Limited,India,Valid,10/23/2024,,
Suva,ROSUVASTATIN,-,-,Generic,Prescription,Macleods Pharmaceuticals Limited,India,Valid,10/23/2024,,
Suva,ROSUVASTATIN,-,-,Generic,Prescription,Macleods Pharmaceuticals Limited,India,Valid,10/23/2024,,
Suva,ROSUVASTATIN,-,-,Generic,Prescription,Macleods Pharmaceuticals Limited,India,Valid,10/23/2024,,
Apeto,THIOTEPA,3,ml,Generic,Prescription,MSN LABORATORIES PRIVATE LIMITED ,India,Valid,-,,
Apeto,THIOTEPA,10,ml,Generic,Prescription,MSN LABORATORIES PRIVATE LIMITED ,India,Valid,-,,
Rosgan,ROSUVASTATIN,-,-,Generic,Prescription,Aurobindo Pharma Limited Unit VII,India,Valid,-,,
Rosgan,ROSUVASTATIN,-,-,Generic,Prescription,Aurobindo Pharma Limited Unit VII,India,Valid,-,,
Taxporin,CEFTRIAXONE,10,ml,Generic,Prescription,ACS Dobfar S.P.A,Italy,Valid,9/13/2023,,
Binoven XL,VENLAFAXINE HYDROCHLORIDE,-,-,Generic,Prescription,Aurobindo Pharma Limited Unit III,India,Valid,12/27/2022,,
Carbatol,CARBAMAZEPINE,-,-,Generic,Prescription,DAR ALDAWA,Jordan,Valid,7/13/2023,,
Delstrigo,"DORAVIRINE,LAMIVUDINE,TENOFOVIR DISOPROXIL",-,-,NCE,Prescription,MSD INTERNATIONAL GMBH,Ireland,Valid,4/1/2025,,
Nolpaza,PANTOPRAZOLE,-,-,Generic,Prescription,KRKA dd Novo mesto,Slovenia,Valid,1/5/2023,,
Nolpaza,PANTOPRAZOLE,-,-,Generic,Prescription,KRKA dd Novo mesto,Slovenia,Valid,-,,
XROMI,HYDROXYCARBAMIDE,150,ml,NCE,Prescription,Nova Laboratories Ltd,United Kingdom,Valid,9/14/2023,,
Geuvid,VILDAGLIPTIN,-,-,Generic,Prescription,Hetero Labs Limited Unit – V,India,Valid,5/7/2023,,
Geuvid,VILDAGLIPTIN,-,-,Generic,Prescription,Hetero Labs Limited Unit – V,India,Valid,5/7/2023,,
Teriflunomide BOS,TERIFLUNOMIDE,-,-,Generic,Prescription,Natco Pharma Limited,India,Valid,7/28/2025,,
SODIUM PHENYLACETATE AND SODIUM BENZOATE INJECTION,"SODIUM PHENYLACETATE,SODIUM BENZOATE",50,ml,Generic,Prescription,University of Iowa Pharmaceuticals,United States,Valid,8/21/2023,,
"COSENTYX 75 mg/0.5 ml Solution for injection in pre-filled syringe	",SECUKINUMAB,0.5,ml,Biological,Prescription,NOVARTIS Pharma Stein AG,Switzerland,Valid,1/17/2023,,
Cosentyx 300 mg per 2 ml Solution for injection in pre-filled pen,SECUKINUMAB,2,ml,Biological,Prescription,NOVARTIS Pharma Stein AG,Switzerland,Valid,12/16/2024,,
Demsone 10 mg per 5 ml ,DEXAMETHASONE,150,ml,NCE,Prescription,Rosemont Pharmaceuticals Ltd,United Kingdom,Valid,1/18/2023,,
Mundell,ONDANSETRON,-,-,Generic,Prescription,Biolab Sanus Farmaceutica Ltda,Brazil,Valid,1/18/2023,,
Mundell,ONDANSETRON,-,-,Generic,Prescription,Biolab Sanus Farmaceutica Ltda,Brazil,Valid,-,,
FASENRA Pen,BENRALIZUMAB,1,ml,Biological,Prescription,AstraZeneca Pharmaceuticals LP,United States,Valid,11/12/2024,,
Sertidep,SERTRALINE,-,-,Generic,Prescription,Apex Pharma Egypt,Egypt,Valid,1/21/2025,,
Haemate P,"HUMAN COAGULATION FACTOR VIII,HUMAN VON WILLEBRAND FACTOR",-,-,Biological,Prescription,CSL BEHRING,Germany,Valid,5/7/2025,,
Haemate P,"HUMAN COAGULATION FACTOR VIII,HUMAN VON WILLEBRAND FACTOR",-,-,Biological,Prescription,CSL BEHRING,Germany,Valid,4/16/2024,,
Difen,DICLOFENAC POTASSIUM,-,-,Generic,Prescription,NATIONAL PHARMACEUTICAL INDUSTRIES CO,Oman,Valid,1/24/2023,,
Osart,LOSARTAN POTASSIUM,-,-,Generic,Prescription,NATIONAL PHARMACEUTICAL INDUSTRIES CO,Oman,Valid,-,,
Osart,LOSARTAN POTASSIUM,-,-,Generic,Prescription,NATIONAL PHARMACEUTICAL INDUSTRIES CO,Oman,Valid,-,,
Incell,IBRUTINIB,-,-,Generic,Prescription,Natco Pharma Limited,India,Valid,12/7/2023,,
Zodric 5 mg per 100 ml,ZOLEDRONIC ACID,100,ml,Generic,Prescription,MS Pharma ,Jordan,Valid,5/19/2025,,
Zillion,LINEZOLID,150,ml,Generic,Prescription,Hetero Labs Limited Unit – V,India,Valid,5/7/2023,,
Aprizla,APREMILAST,-,-,Generic,Prescription,DR. REDDY,India,Valid,-,,
Vyvanse,LISDEXAMFETAMINE DIMESILATE,-,-,NCE,Prescription,Patheon Pharmaceuticals Inc. ,United States,Valid,2/28/2024,,
Vyvanse,LISDEXAMFETAMINE DIMESILATE,-,-,NCE,Prescription,Patheon Pharmaceuticals Inc. ,United States,Valid,2/28/2024,,
Vyvanse,LISDEXAMFETAMINE DIMESILATE,-,-,NCE,Prescription,Patheon Pharmaceuticals Inc. ,United States,Valid,2/28/2024,,
Vyvanse,LISDEXAMFETAMINE DIMESILATE,-,-,NCE,Prescription,Patheon Pharmaceuticals Inc. ,United States,Valid,2/28/2024,,
Vyvanse,LISDEXAMFETAMINE DIMESILATE,-,-,NCE,Prescription,Patheon Pharmaceuticals Inc. ,United States,Valid,2/28/2024,,
Vyvanse,LISDEXAMFETAMINE DIMESILATE,-,-,NCE,Prescription,Patheon Pharmaceuticals Inc. ,United States,Valid,2/28/2024,,
Morphine HCL Kabi,MORPHINE HYDROCHLORIDE,1,ml,NCE,Prescription,LABESFAL,Portugal,Valid,2/1/2023,,
Trodelvy,SACITUZUMAB GOVITECAN,-,-,Biological,Prescription,BSP PHARMACEUTICALS,Italy,Valid,11/27/2023,,
Valgaset,Valganciclovir,-,-,Generic,Prescription,Aurobindo Pharma Limited Unit VII,India,Valid,-,,
Ruxience 100 mg per 10 ml,RITUXIMAB,10,ml,Biological,Prescription,Pfizer Manufacturing Belgium N.V.,Belgium,Valid,2/28/2024,,
Ruxience 500 mg per 50 ml ,RITUXIMAB,50,ml,Biological,Prescription,Pfizer Manufacturing Belgium N.V.,Belgium,Valid,2/28/2024,,
Thymoglobuline,RABBIT ANTI HUMAN THYMOCYTE IMMUNOGLOBULIN,5,ml,Biological,Prescription,GENZYME POLYCLONALS S.A.S,France,Valid,8/3/2025,,
Pifeltro,DORAVIRINE,-,-,NCE,Prescription,MSD INTERNATIONAL GMBH,Ireland,Valid,-,,
Xenor,CEFTRIAXONE,-,-,Generic,Prescription,Pharma International Co.,Jordan,Valid,12/29/2024,,
Xofax,DEFERASIROX,-,-,Generic,Prescription,PHARMATHEN INTERNATIONAL,Greece,Valid,-,,
Xofax,DEFERASIROX,-,-,Generic,Prescription,PHARMATHEN INTERNATIONAL,Greece,Valid,-,,
Xofax,DEFERASIROX,-,-,Generic,Prescription,PHARMATHEN INTERNATIONAL,Greece,Valid,-,,
PEDEA 5MG/ML SOLUTION FOR INJECTION,IBUPROFEN,2,ml,Generic,Prescription,RECORDATI,Italy,Valid,4/27/2024,,
Oxaliplatin AqVida 50 mg per 10 ml,OXALIPLATIN,10,ml,Generic,Prescription,AqVida GmbH Dassow,Germany,Valid,2/8/2023,,
Oxaliplatin AqVida 100 mg per 20 ml,OXALIPLATIN,20,ml,Generic,Prescription,AqVida GmbH Dassow,Germany,Valid,-,,
Oxaliplatin AqVida 200 mg per 40 ml ,OXALIPLATIN,40,ml,Generic,Prescription,AqVida GmbH Dassow,Germany,Valid,-,,
Licarb,LITHIUM CARBONATE,-,-,Generic,Prescription,Hetero Labs Limited Unit – III,India,Valid,5/7/2023,,
Enhertu,Trastuzumab,-,-,Biological,Prescription,BAXTER ONCOLOGY GmbH,Germany,Valid,-,,
Bortezomib EPC,BORTEZOMIB,-,-,Generic,Prescription,Reliance Life Sciences Pvt. Ltd,India,Valid,-,,
Tadil,TADALAFIL,-,-,Generic,Prescription,Hetero Labs Limited Unit – III,India,Valid,3/9/2023,,
Tadil,TADALAFIL,-,-,Generic,Prescription,Hetero Labs Limited Unit – III,India,Valid,3/9/2023,,
ABILIRAZOLE,ARIPIPRAZOLE,-,-,Generic,Prescription,Hetero Labs Limited Unit – V,India,Valid,10/15/2024,,
Domassel,TICAGRELOR,-,-,Generic,Prescription,DR. REDDY,India,Valid,-,,
Mounjaro,TIRZEPATIDE,0.5,ml,NCE,Prescription,ELI LILLY,United States,Valid,4/13/2023,,
Mounjaro,TIRZEPATIDE,0.5,ml,NCE,Prescription,ELI LILLY,United States,Valid,4/13/2023,,
Mounjaro,TIRZEPATIDE,0.5,ml,NCE,Prescription,ELI LILLY,United States,Valid,4/13/2023,,
Mounjaro,TIRZEPATIDE,0.5,ml,NCE,Prescription,ELI LILLY,United States,Valid,4/13/2023,,
Mounjaro,TIRZEPATIDE,0.5,ml,NCE,Prescription,ELI LILLY,United States,Valid,4/13/2023,,
Rinvoq,UPADACITINIB,-,-,NCE,Prescription,ABBVIE IRELAND NL B.V.,Ireland,Valid,-,,
LIPOCOMB,"ROSUVASTATIN,EZETIMIBE",-,-,NCE,Prescription,EGIS PHARMACEUTICALS PLC,Hungary,Valid,7/15/2024,,
LIPOCOMB,"ROSUVASTATIN,EZETIMIBE",-,-,NCE,Prescription,EGIS PHARMACEUTICALS PLC,Hungary,Valid,7/15/2024,,
Vigolev,LEVOFLOXACIN,-,-,Generic,Prescription,MEDOCHEMIE LTD,Cyprus,Valid,11/13/2024,,
Vigolev,LEVOFLOXACIN,-,-,Generic,Prescription,MEDOCHEMIE LTD,Cyprus,Valid,11/13/2024,,
Proveblue,METHYLTHIONINIUM CHLORIDE,10,ml,NCE,Prescription,CENEXI,France,Valid,3/9/2023,,
Proveblue,METHYLTHIONINIUM CHLORIDE,2,ml,NCE,Prescription,CENEXI,France,Valid,-,,
Xatiza 60 mg  / 1.5 ml,CABAZITAXEL,1.5,ml,Generic,Prescription,MSN LABORATORIES PRIVATE LIMITED ,India,Valid,7/28/2025,,
Mounjaro,TIRZEPATIDE,0.5,ml,NCE,Prescription,ELI LILLY,United Kingdom,Valid,4/13/2023,,
Oneclapz,CLOPIDOGREL,-,-,Generic,Prescription,Aurobindo Pharma Limited Unit III,India,Valid,-,,
Lenalidomide BOS,LENALIDOMIDE,-,-,Generic,Prescription,Natco Pharma Limited,India,Valid,7/28/2025,,
Lenalidomide BOS,LENALIDOMIDE,-,-,Generic,Prescription,Natco Pharma Limited,India,Valid,7/28/2025,,
Lenalidomide BOS,LENALIDOMIDE,-,-,Generic,Prescription,Natco Pharma Limited,India,Valid,7/28/2025,,
Lenalidomide BOS,LENALIDOMIDE,-,-,Generic,Prescription,Natco Pharma Limited,India,Valid,7/28/2025,,
MORPHINE HCl,MORPHINE HYDROCHLORIDE,1,ml,NCE,Prescription,LABORATOIRES STEROP NV,Belgium,Valid,9/18/2023,,
Etorigen,Etoricoxib,-,-,Generic,Prescription,Atlantic Pharma ,Portugal,Valid,3/15/2023,,
Etorigen,Etoricoxib,-,-,Generic,Prescription,Atlantic Pharma ,Portugal,Valid,-,,
Etorigen,Etoricoxib,-,-,Generic,Prescription,Atlantic Pharma ,Portugal,Valid,-,,
NORMOSANG,HUMAN HEMIN,10,ml,Biological,Prescription,EVER PHARMA JENA GMBH,Germany,Valid,3/20/2023,,
Xolair,OMALIZUMAB,1,ml,Biological,Prescription,"VETTER PHARMA-FERTIGUNG, GMBH & CO. KG",Germany,Valid,1/30/2025,,
Xolair,OMALIZUMAB,0.5,ml,Biological,Prescription,"VETTER PHARMA-FERTIGUNG, GMBH & CO. KG",Germany,Valid,1/30/2025,,
Tadil,TADALAFIL,-,-,Generic,Prescription,Hetero Labs Limited Unit – III,India,Valid,8/23/2023,,
Tadil,TADALAFIL,-,-,Generic,Prescription,Hetero Labs Limited Unit – III,India,Valid,9/21/2023,,
Etoruma,Etoricoxib,-,-,Generic,Prescription,Apex Pharma Egypt,Egypt,Valid,1/21/2025,,
Etoruma,Etoricoxib,-,-,Generic,Prescription,Apex Pharma Egypt,Egypt,Valid,1/21/2025,,
Etoruma,Etoricoxib,-,-,Generic,Prescription,Apex Pharma Egypt,Egypt,Valid,1/21/2025,,
Trijan,TOFACITINIB,-,-,NCE,Prescription,The Arab Pharmaceutical Manufacturing PSC (Sahab) Co Ltd ,Jordan,Valid,3/21/2023,,
Trijan,TOFACITINIB,-,-,Generic,Prescription,The Arab Pharmaceutical Manufacturing PSC (Sahab) Co Ltd ,Jordan,Valid,3/21/2023,,
Sertidep,SERTRALINE,-,-,Generic,Prescription,Apex Pharma Egypt,Egypt,Valid,1/21/2025,,
Azithromycin BOS,AZITHROMYCIN,10,ml,NCE,Prescription,Gland Pharma Limited ,India,Valid,11/13/2023,,
MONTELAIR ORAL GRANULES,MONTELUKAST SODIUM,0.5,g,Generic,Prescription,JEDCO INTERNATIONAL PHARMACEUTICAL,Egypt,Suspended,5/9/2024,,
Plerix,PLERIXAFOR,1.2,ml,Generic,Prescription,Hetero Labs Limited Unit – III,India,Valid,1/23/2024,,
Xaluprine,MERCAPTOPURINE,100,ml,NCE,Prescription,Nova Laboratories Ltd,United Kingdom,Valid,12/7/2023,,
Zympass,"ROSUVASTATIN,EZETIMIBE",-,-,NCE,Prescription,Sanofi İlaç Sanayi ve Tic A.Ş,Turkey,Valid,3/3/2024,,
Zympass,"ROSUVASTATIN,EZETIMIBE",-,-,NCE,Prescription,Sanofi İlaç Sanayi ve Tic A.Ş,Turkey,Valid,3/22/2023,,
Zympass,"ROSUVASTATIN,EZETIMIBE",-,-,NCE,Prescription,Sanofi İlaç Sanayi ve Tic A.Ş,Turkey,Valid,-,,
Muxava,MOXIFLOXACIN HYDROCHLORIDE,-,-,Generic,Prescription,Al-Taqaddom pharmaceutical Industries ,Jordan,Valid,8/28/2024,,
Muxava,MOXIFLOXACIN HYDROCHLORIDE,-,-,Generic,Prescription,Al-Taqaddom pharmaceutical Industries ,Jordan,Valid,8/28/2024,,
Cefodox,CEFPODOXIME,-,-,Generic,Prescription,Pharma International Co.,Jordan,Valid,12/29/2024,,
Bistonal,BISOPROLOL FUMARATE,-,-,Generic,Prescription,Aurobindo Pharma Limited Unit XV,India,Valid,-,,
Bistonal,BISOPROLOL FUMARATE,-,-,Generic,Prescription,Aurobindo Pharma Limited Unit XV,India,Valid,-,,
Bistonal,BISOPROLOL FUMARATE,-,-,Generic,Prescription,Aurobindo Pharma Limited Unit III,India,Valid,-,,
Evrenzo,ROXADUSTAT,-,-,NCE,Prescription,CATALENT PHARMA SOLUTIONS,United States,Valid,1/23/2024,,
Evrenzo,ROXADUSTAT,-,-,NCE,Prescription,CATALENT PHARMA SOLUTIONS,United States,Valid,1/23/2024,,
Evrenzo,ROXADUSTAT,-,-,NCE,Prescription,CATALENT PHARMA SOLUTIONS,United States,Valid,1/23/2024,,
Avrolem,EVEROLIMUS,-,-,Generic,Prescription,Biocon Limited ,India,Valid,6/6/2024,,
Avrolem,EVEROLIMUS,-,-,Generic,Prescription,Biocon Limited ,India,Valid,6/6/2024,,
Avrolem,EVEROLIMUS,-,-,Generic,Prescription,Biocon Limited ,India,Valid,6/6/2024,,
Naplax,DEXMEDETOMIDINE,50,ml,Generic,Prescription,S.M. Farmaceutici SRL ,Italy,Valid,7/15/2025,,
Sutixib,SUNITINIB,-,-,Generic,Prescription,"LOTUS PHARMACEUTICAL CO., LTD",Taiwan,Valid,-,,
Sutixib,SUNITINIB,-,-,Generic,Prescription,"LOTUS PHARMACEUTICAL CO., LTD",Taiwan,Valid,-,,
Sutixib,SUNITINIB,-,-,Generic,Prescription,"LOTUS PHARMACEUTICAL CO., LTD",Taiwan,Valid,-,,
Eletrivaz,ELETRIPTAN,-,-,Generic,Prescription,APL Health Care Limited,India,Valid,-,,
Ponvory  (Initiation pack),PONESIMOD,-,-,NCE,Prescription,JANSSEN PHARMACEUTICA N.V.,Belgium,Valid,3/23/2023,,
Ponvory (maintenance pack),PONESIMOD,-,-,NCE,Prescription,JANSSEN PHARMACEUTICA N.V.,Belgium,Valid,-,,
Orbactiv,ORITAVANCIN,-,-,NCE,Prescription,Patheon Italia S.P.A.,Italy,Valid,2/29/2024,,
DABITRAN,DABIGATRAN ETEXILATE,-,-,Generic,Prescription,Hetero Labs Limited Unit – III,India,Valid,5/7/2023,,
DABITRAN,DABIGATRAN ETEXILATE,-,-,Generic,Prescription,Hetero Labs Limited Unit – III,India,Valid,5/7/2023,,
Ojox,MOXIFLOXACIN HYDROCHLORIDE,5,ml,Generic,Prescription,Amman Pharmaceutical Industries (API),Jordan,Valid,12/15/2024,,
Devasc,CLOPIDOGREL,-,-,Generic,Prescription,"Ind Swift Limited	",India,Valid,7/10/2025,,
Glycophos,SODIUM GLYCEROPHOSPHATE HYDRATED,20,ml,NCE,Prescription,HP Halden Pharma AS,Norway,Valid,4/17/2025,,
Erlotinib EPC,ERLOTINIB,-,-,Generic,Prescription,Reliance Life Sciences Pvt. Ltd,India,Valid,11/5/2024,,
Tekam,KETAMINE,20,ml,Generic,Prescription,Hikma Farmaceutica,Portugal,Valid,4/29/2024,,
Moxiwar,MOXIFLOXACIN HYDROCHLORIDE,-,-,Generic,Prescription,Aurobindo Pharma Limited Unit VII,India,Valid,-,,
Bendokey,BENDAMUSTINE HYDROCHLORIDE,-,-,Generic,Prescription,Eugia Pharma Specialties Limited,India,Valid,7/6/2025,,
Seroflo 50/100 Ciphaler,"FLUTICASONE PROPIONATE,SALMETEROL",-,-,Generic,Prescription,Cipla Limited ,India,Valid,7/22/2025,,
Seroflo 50/250 Ciphaler,"FLUTICASONE PROPIONATE,SALMETEROL",-,-,Generic,Prescription,Cipla Limited ,India,Valid,7/22/2025,,
Fylibix,DASATINIB,-,-,Generic,Prescription,REMEDICA,Cyprus,Valid,10/15/2024,,
Fylibix,DASATINIB,-,-,Generic,Prescription,REMEDICA,Cyprus,Valid,5/13/2024,,
Fylibix,DASATINIB,-,-,Generic,Prescription,REMEDICA,Cyprus,Valid,5/13/2024,,
Retebin,CLOFARABINE,20,ml,Generic,Prescription,Shilpa Medicare Ltd,India,Valid,2/13/2025,,
Ryxidal,RISPERIDONE,-,-,Generic,Prescription,PHARMATHEN INTERNATIONAL,Greece,Valid,-,,
Ryxidal,RISPERIDONE,-,-,Generic,Prescription,PHARMATHEN INTERNATIONAL,Greece,Valid,-,,
Ryxidal,RISPERIDONE,-,-,Generic,Prescription,PHARMATHEN INTERNATIONAL,Greece,Valid,-,,
Lanacet,CINACALCET,-,-,Generic,Prescription,Macleods Pharmaceuticals Limited,India,Valid,5/8/2025,,
Lanacet,CINACALCET,-,-,Generic,Prescription,Macleods Pharmaceuticals Limited,India,Valid,5/8/2025,,
Lanacet,CINACALCET,-,-,Generic,Prescription,Macleods Pharmaceuticals Limited,India,Valid,5/8/2025,,
Rosgan,ROSUVASTATIN,-,-,Generic,Prescription,Aurobindo Pharma Limited Unit VII,India,Valid,-,,
Lotac,TICAGRELOR,-,-,Generic,Prescription,Macleods Pharmaceuticals Limited,India,Valid,7/22/2025,,
Lotac,TICAGRELOR,-,-,Generic,Prescription,Macleods Pharmaceuticals Limited,India,Valid,7/22/2025,,
Seroflo 50/500 ciphaler,"FLUTICASONE PROPIONATE,SALMETEROL",-,-,Generic,Prescription,Cipla Limited ,India,Valid,7/22/2025,,
Extaq,RIVAROXABAN,-,-,Generic,Prescription,Al-Taqaddom pharmaceutical Industries ,Jordan,Valid,8/28/2024,,
Extaq,RIVAROXABAN,-,-,Generic,Prescription,Al-Taqaddom pharmaceutical Industries ,Jordan,Valid,8/28/2024,,
Extaq,RIVAROXABAN,-,-,Generic,Prescription,Al-Taqaddom pharmaceutical Industries ,Jordan,Valid,8/28/2024,,
Extaq,RIVAROXABAN,-,-,Generic,Prescription,Al-Taqaddom pharmaceutical Industries ,Jordan,Valid,8/28/2024,,
SmofKabiven extra Nitrogen,"SODIUM GLYCEROPHOSPHATE HYDRATED,MAGNESIUM SULFATE,POTASSIUM CHLORIDE,SODIUM ACETATE,ALANINE,GLUCOSE,TAURINE,SOYA OIL, CALCIUM CHLORIDE,ZINC SULPHATE,VALINE,LEUCINE,TRYPTOPHAN,THREONINE,TRIGLYCERIDES MEDIUM CHAIN,SERINE,GLYCINE,PROLINE,LYSINE,FISH OIL,ARGININE,OLIVE OIL,HISTIDINE,METHIONINE,PHENYLALANINE,TYROSINE,ISOLEUCINE5",1012,ml,NCE,Prescription,FRESENIUS KABI,Sweden,Valid,8/1/2024,,
SmofKabiven extra Nitrogen,"PHENYLALANINE,METHIONINE,LYSINE,LEUCINE,ISOLEUCINE5,ARGININE,GLYCINE,THREONINE,FISH OIL,PROLINE,HISTIDINE,SERINE,ALANINE,TRYPTOPHAN,OLIVE OIL,TYROSINE,VALINE, CALCIUM CHLORIDE,SODIUM GLYCEROPHOSPHATE HYDRATED,MAGNESIUM SULFATE,POTASSIUM CHLORIDE,SODIUM ACETATE,ZINC SULPHATE,GLUCOSE,SOYA OIL,TAURINE,TRIGLYCERIDES MEDIUM CHAIN",1518,ml,NCE,Prescription,FRESENIUS KABI,Sweden,Valid,8/1/2024,,
SmofKabiven extra Nitrogen,"ALANINE,TRIGLYCERIDES MEDIUM CHAIN,SOYA OIL,GLUCOSE,ZINC SULPHATE,SODIUM ACETATE,POTASSIUM CHLORIDE,MAGNESIUM SULFATE,SODIUM GLYCEROPHOSPHATE HYDRATED, CALCIUM CHLORIDE,VALINE,TYROSINE,OLIVE OIL,TRYPTOPHAN,TAURINE,SERINE,PROLINE,PHENYLALANINE,METHIONINE,LYSINE,LEUCINE,ISOLEUCINE5,HISTIDINE,GLYCINE,ARGININE,THREONINE,FISH OIL",2025,ml,NCE,Prescription,FRESENIUS KABI,Sweden,Valid,8/8/2024,,
Vostifaz,VORICONAZOLE,-,-,Generic,Prescription,Glenmark Pharmaceuticals Limited - Baddi,India,Valid,7/22/2025,,
Carcivor 250 mg per 5 ml,FULVESTRANT,5,ml,Generic,Prescription,Laboratories Farmalan SA,Spain,Valid,4/9/2023,,
Omezyn Plus,"OMEPRAZOLE,SODIUM BICARBONATE",-,-,Generic,Prescription,OMAN PHARMACEUTICAL PRODUCTS,Oman,Valid,11/21/2024,,
REZMYG,RIZATRIPTAN BENZOATE,-,-,Generic,Prescription,Panacea Biotec Pharma Ltd,India,Valid,4/20/2025,,
REZMYG,RIZATRIPTAN BENZOATE,-,-,Generic,Prescription,Panacea Biotec Pharma Ltd,India,Valid,4/20/2025,,
Cinryze,HUMAN C1-ESTERASE INHIBITOR,-,-,Biological,Prescription,TAKEDA MANUFACTURING AUSTRIA AG,Austria,Valid,4/1/2025,,
Panda Advance,PARACETAMOL,-,-,Generic,OTC,Jordan Sweden Medical and Sterilization Co.,Jordan,Valid,8/18/2024,,
Papillio,PALBOCICLIB,-,-,Generic,Prescription,The Arab Pharmaceutical Manufacturing PSC (Sahab) Co Ltd ,Jordan,Valid,3/11/2024,,
Papillio,PALBOCICLIB,-,-,Generic,Prescription,The Arab Pharmaceutical Manufacturing PSC (Sahab) Co Ltd ,Jordan,Valid,3/11/2024,,
Papillio,PALBOCICLIB,-,-,Generic,Prescription,The Arab Pharmaceutical Manufacturing PSC (Sahab) Co Ltd ,Jordan,Valid,3/11/2024,,
Cholib 145/20,"FENOFIBRATE,SIMVASTATIN",-,-,NCE,Prescription,FOURNIER LABORATORIES IRELAND LIMITED,Ireland,Valid,-,,
Cholib 145/40,"FENOFIBRATE,SIMVASTATIN",-,-,NCE,Prescription,FOURNIER LABORATORIES IRELAND LIMITED,Ireland,Valid,5/5/2025,,
Bortezomib EPC ,BORTEZOMIB,1,mg,Generic,Prescription,Reliance Life Sciences Pvt. Ltd,India,Valid,3/3/2024,,
Regaine Foam for Men 5%,MINOXIDIL,60,g,NCE,OTC,ASM Aerosol-Service AG,Switzerland,Valid,4/22/2025,,
Uptravi 200 mcg titration pack,SELEXIPAG,-,-,NCE,Prescription,EXCELLA GMBH CO. KG,Germany,Valid,5/21/2025,,
Uptravi 600 mcg ,SELEXIPAG,-,-,NCE,Prescription,EXCELLA GMBH CO. KG,Germany,Valid,5/21/2025,,
Uptravi 1000 mcg,SELEXIPAG,-,-,NCE,Prescription,EXCELLA GMBH CO. KG,Germany,Valid,5/21/2025,,
Uptravi 1200 mcg ,SELEXIPAG,-,-,NCE,Prescription,EXCELLA GMBH CO. KG,Germany,Valid,5/21/2025,,
JANUVIA 25 mg,SITAGLIPTIN PHOSPHATE,-,-,NCE,Prescription,Organon Pharma (UK) Limited ,United Kingdom,Valid,10/9/2024,,
JANUVIA 50 mg,SITAGLIPTIN PHOSPHATE,-,-,NCE,Prescription,Organon Pharma (UK) Limited ,United Kingdom,Valid,10/9/2024,,
Recarbrio,"IMIPENEM,CILASTATIN,RELEBACTAM",25,mg,NCE,Prescription,MERCK SHARP AND DOHME LLC,United States,Valid,2/4/2024,,
Pantrox,PANTOPRAZOLE,-,-,Generic,Prescription,Hetero Labs Limited Unit – V,India,Valid,3/3/2024,,
Tigaron,ABIRATERONE ACETATE,-,-,Generic,Prescription,ADAMED Pharma S.A ,Poland,Valid,3/3/2024,,
Paxlovid,"RITONAVIR,PF-07321332 NIRMATRELVIR",-,-,NCE,Prescription,Pfizer Manufacturing Deutschland GmbH,Germany,Valid,2/28/2024,,
NovoRapid,INSULIN ASPART,10,ml,Biological,Prescription,Novo Nordisk Produao Pharmaceutical Industry,United States,Valid,2/11/2025,,
Maxeva,MOXIFLOXACIN HYDROCHLORIDE,-,-,Generic,Prescription,EVA PHARMA,Egypt,Valid,-,,
Tukysa,TUCATINIB,-,-,NCE,Prescription,Corden Pharma GmbH,Germany,Valid,4/29/2025,,
Tukysa,TUCATINIB,-,-,NCE,Prescription,Corden Pharma GmbH,Germany,Valid,4/29/2025,,
NUBEQA,DAROLUTAMIDE,-,-,NCE,Prescription,"Orion Corporation, Orion Pharma",Finland,Valid,6/9/2024,,
Prodein Plus,"PARACETAMOL,CODEINE,CAFFEINE",-,-,Generic,Prescription,OMAN PHARMACEUTICAL PRODUCTS,Oman,Valid,-,,
Rolitac XL,TACROLIMUS,-,-,Generic,Prescription,Novartis Pharmaceutical Manufacturing LLC,Slovenia,Valid,1/21/2025,,
Rolitac XL,TACROLIMUS,-,-,Generic,Prescription,Novartis Pharmaceutical Manufacturing LLC,Slovenia,Valid,1/21/2025,,
Rolitac XL,TACROLIMUS,-,-,Generic,Prescription,Novartis Pharmaceutical Manufacturing LLC,Slovenia,Valid,1/21/2025,,
Rolitac XL,TACROLIMUS,-,-,Generic,Prescription,Novartis Pharmaceutical Manufacturing LLC,Slovenia,Valid,1/21/2025,,
SAPHNELO 300 mg per 2 ml,ANIFROLUMAB,2,ml,Biological,Prescription,AstraZeneca Nijmegen B.V,Netherlands,Valid,5/15/2023,,
Uptravi 1400 mcg ,SELEXIPAG,-,-,NCE,Prescription,EXCELLA GMBH CO. KG,Germany,Valid,5/21/2025,,
Uptravi 1600 mcg,SELEXIPAG,-,-,NCE,Prescription,EXCELLA GMBH CO. KG,Germany,Valid,5/21/2025,,
Voricet,VORICONAZOLE,-,-,Generic,Prescription,Sandoz Private Limited,India,Valid,5/13/2024,,
Adtralza,TRALOKINUMAB,1,ml,Biological,Prescription,Catalent Indiana LLC formerly Cook Pharmica LLC,United States,Valid,5/22/2023,,
BRAFTOVI,ENCORAFENIB,-,-,NCE,Prescription,CATALENT PHARMA SOLUTIONS,United States,Valid,10/9/2024,,
BRAFTOVI,ENCORAFENIB,-,-,NCE,Prescription,CATALENT PHARMA SOLUTIONS,United States,Valid,10/9/2024,,
MEKTOVI,BINIMETINIB,-,-,NCE,Prescription,Almac Pharma Services Limited,United Kingdom,Valid,2/28/2024,,
NGENLA,SOMATROGON,1.2,ml,Biological,Prescription,Pfizer Manufcaturing Belgium N. V. ,Belgium,Valid,3/13/2025,,
NGENLA,SOMATROGON,1.2,ml,Biological,Prescription,Pfizer Manufacturing Belgium N.V.,Belgium,Valid,3/13/2025,,
TEPADINA,THIOTEPA,-,-,NCE,Prescription,BSP PHARMACEUTICALS,Italy,Valid,6/22/2023,,
TEPADINA,THIOTEPA,-,-,NCE,Prescription,BSP PHARMACEUTICALS,Italy,Valid,8/21/2024,,
Ventra,ESOMEPRAZOLE MAGNESIUM,-,-,Generic,Prescription,ETHYPHARM,France,Valid,6/5/2023,,
Ventra,ESOMEPRAZOLE MAGNESIUM,-,-,Generic,Prescription,ETHYPHARM,France,Valid,-,,
Panpotin,EPOETIN ALFA,0.5,ml,Biological,Prescription,PanGen Biotech Inc,South Korea,Valid,12/26/2024,,
Panpotin,EPOETIN ALFA,0.4,ml,Biological,Prescription,PanGen Biotech Inc,South Korea,Valid,12/26/2024,,
Deroxi Liposomal 50 mg per 25 ml ,DOXORUBICIN HYDROCHLORIDE,25,ml,Generic,Prescription,Natco Pharma Limited,India,Valid,-,,
Docetaxel Venus (1 ml),DOCETAXEL,1,ml,Generic,Prescription,VENUS REMEDIES LIMITED,India,Valid,6/5/2023,,
Docetaxel Venus (4 ml),DOCETAXEL,4,ml,Generic,Prescription,VENUS REMEDIES LIMITED,India,Valid,6/5/2023,,
Pantrox,PANTOPRAZOLE,-,-,Generic,Prescription,Hetero Labs Limited Unit – V,India,Valid,10/22/2023,,
VeraSeal,"HUMAN FIBRINOGEN,HUMAN THROMBIN",2,ml,Biological,Prescription,"Instituto Grifols, S.A. ",Spain,Valid,6/6/2023,,
VeraSeal,"HUMAN FIBRINOGEN,HUMAN THROMBIN",4,ml,Biological,Prescription,"Instituto Grifols, S.A. ",Spain,Valid,-,,
VeraSeal,"HUMAN FIBRINOGEN,HUMAN THROMBIN",6,ml,Biological,Prescription,"Instituto Grifols, S.A. ",Spain,Valid,-,,
VeraSeal,"HUMAN FIBRINOGEN,HUMAN THROMBIN",10,ml,Biological,Prescription,"Instituto Grifols, S.A. ",Spain,Valid,-,,
FARINOX 20MG/0.2ML SOLUTION FOR INJECTION,ENOXAPARIN SODIUM,0.2,ml,Biological,Prescription,MS Pharma ,Jordan,Valid,6/11/2023,,
FARINOX 40MG/0.4ML SOLUTION FOR INJECTION,ENOXAPARIN SODIUM,0.4,ml,Biological,Prescription,MS Pharma ,Jordan,Valid,6/11/2023,,
FARINOX 60MG/0.6ML SOLUTION FOR INJECTION,ENOXAPARIN SODIUM,0.6,ml,Biological,Prescription,MS Pharma ,Jordan,Valid,6/11/2023,,
FARINOX 80MG/0.8ML SOLUTION FOR INJECTION,ENOXAPARIN SODIUM,0.8,ml,Biological,Prescription,MS Pharma ,Jordan,Valid,6/11/2023,,
Oncaspar,PEGASPARGASE,1,ml,Biological,Prescription,LES LABORATOIRES SERVIER INDUSTRIE,France,Valid,2/4/2024,,
BORTEZOMIB NEAPOLIS,BORTEZOMIB,-,-,Generic,Prescription,LES LABORATORIES NEAPOLIS PHARMA,Tunisia,Valid,6/6/2024,,
Scemblix,ASCIMINIB,-,-,NCE,Prescription,NOVARTIS Pharma Stein AG,Switzerland,Valid,2/4/2024,,
Scemblix,ASCIMINIB,-,-,NCE,Prescription,NOVARTIS Pharma Stein AG,Switzerland,Valid,8/6/2023,,
Orabloc,"ARTICAINE HYDROCHLORIDE,ADRENALINE TARTRATE",1.8,ml,Generic,Prescription,PIERREL,Italy,Valid,5/27/2025,,
Orabloc,"ARTICAINE HYDROCHLORIDE,ADRENALINE TARTRATE",1.8,ml,Generic,Prescription,PIERREL,Italy,Valid,5/27/2025,,
Votellaz,SODIUM VALPROATE,-,-,Generic,Prescription,Aurobindo Pharma Limited Unit XV,India,Valid,6/4/2025,,
Eztyd,AZACITIDINE,100,mg,Generic,Prescription,Panacea Biotec Pharma Ltd,India,Valid,11/19/2023,,
Intuniv XR,GUANFACINE HYDROCHLORIDE,-,-,NCE,Prescription,Patheon Manufacturing Services LLC ,United States,Valid,2/21/2024,,
Intuniv XR,GUANFACINE HYDROCHLORIDE,-,-,NCE,Prescription,Patheon Manufacturing Services LLC ,United States,Valid,2/21/2024,,
Intuniv XR,GUANFACINE HYDROCHLORIDE,-,-,NCE,Prescription,Patheon Manufacturing Services LLC ,United States,Valid,12/10/2024,,
Intuniv XR,GUANFACINE HYDROCHLORIDE,-,-,NCE,Prescription,Patheon Manufacturing Services LLC ,United States,Valid,2/21/2024,,
Paracetamol Medis,PARACETAMOL,100,ml,Generic,Prescription,LES LABORATOIRES MEDIS,Tunisia,Valid,9/22/2024,,
Somavert,PEGVISOMANT,10,mg,Biological,Prescription,Pfizer Manufacturing Belgium N.V.,Belgium,Valid,9/7/2023,,
Somavert,PEGVISOMANT,15,mg,Biological,Prescription,Pfizer Manufacturing Belgium N.V.,Belgium,Valid,9/7/2023,,
Somavert,PEGVISOMANT,20,mg,Biological,Prescription,Pfizer Manufacturing Belgium N.V.,Belgium,Valid,9/7/2023,,
Propoven,PROPOFOL,50,ml,Generic,Prescription,Fresenius Kabi Austria GmbH,Austria,Valid,8/1/2024,,
Aprolin,HYDRALAZINE,25,mg,Generic,Prescription,M/s Annora Pharma Private Limited,India,Valid,8/4/2024,,
ARNALTEM,TACROLIMUS,0.5,mg,Generic,Prescription,Glenmark Pharmaceuticals Limited - Baddi,India,Valid,10/9/2024,,
Macimit,MACITENTAN,10,mg,Generic,Prescription,"Aizant Drug Research Solutions Pvt.Ltd	",India,Valid,3/3/2024,,
Sogroya 5 mg / 1.5ml,SOMAPACITAN,1.5,ml,Biological,Prescription,Novo Nordisk Bagsvaerd,Denmark,Valid,11/16/2023,,
Flopadex,SILODOSIN,8,mg,Generic,Prescription,EVA PHARMA,Egypt,Valid,3/3/2024,,
Ricavo ,SUGAMMADEX,2,ml,Generic,Prescription,Hikma Farmaceutica,Portugal,Valid,3/3/2024,,
Skyrizi 600 mg per 10 ml ,RISANKIZUMAB,10,ml,Biological,Prescription,AbbVie Limited,United States,Valid,8/7/2024,,
Bosentan OHRE Pharma,BOSENTAN,125,mg,Generic,Prescription,PHARMACEUTICAL WORKS POLPHARMA S.A.,Poland,Valid,3/3/2024,,
HepaGam B,HUMAN HEPATITIS B IMMUNOGLOBULIN,1,ml,Biological,Prescription,Emergent BioSolutions Canada Inc,Canada,Valid,11/7/2024,,
HepaGam B,HUMAN HEPATITIS B IMMUNOGLOBULIN,5,ml,Biological,Prescription,Emergent BioSolutions Canada Inc,Canada,Valid,11/7/2024,,
Nurtec,RIMEGEPANT,75,mg,NCE,Prescription,CATALENT UK SWINDON ZYDIS LIMITED,United Kingdom,Valid,8/6/2024,,
Imodium Plus Caplets,"SIMETHICONE,LOPERAMIDE",-,-,NCE,OTC,Janssen Cilag - France,France,Valid,3/10/2025,,
BioVitin,BIOTIN,-,-,NCE,OTC, ARNET PHARMACEUTICAL CORP,United States,Valid,2/29/2024,,
AJOVY,FREMANEZUMAB,1.5,ml,Biological,Prescription,Vetter Pharma-Fertigung GmbH & Co.KG,Germany,Valid,8/6/2023,,
Lumakras,SOTORASIB  ,-,-,NCE,Prescription,Patheon Inc.,Canada,Valid,1/28/2025,,
Coxido,CELECOXIB,-,-,Generic,Prescription,Apex Pharma Egypt,Egypt,Valid,1/29/2025,,
Ivonsan,ONDANSETRON,2,ml,Generic,Prescription,EVA PHARMA,Egypt,Valid,7/21/2025,,
Vertella,POSACONAZOLE,-,-,Generic,Prescription,AET Laboratories Pvt. Ltd.,India,Valid,3/4/2024,,
Vardenafil Eva,VARDENAFIL,-,-,Generic,Prescription,EVA PHARMA,Egypt,Valid,7/21/2025,,
Ivonsan,ONDANSETRON,4,ml,Generic,Prescription,EVA PHARMA,Egypt,Valid,7/21/2025,,
ClariSpray Original,OXYMETAZOLINE,15,ml,NCE,OTC,Delpharm Montréal Inc,Canada,Valid,5/19/2025,,
ClariSpray Menthol,OXYMETAZOLINE,15,ml,NCE,OTC,Delpharm Montréal Inc,Canada,Valid,12/9/2024,,
Evrenzo ,ROXADUSTAT,-,-,NCE,Prescription,CATALENT PHARMA SOLUTIONS,United States,Valid,1/22/2024,,
ARNALTEM,TACROLIMUS,-,-,Generic,Prescription,Glenmark Pharmaceuticals Limited - Baddi,India,Valid,10/9/2024,,
ARNALTEM,TACROLIMUS,-,-,Generic,Prescription,Glenmark Pharmaceuticals Limited - Baddi,India,Valid,10/9/2024,,
Fumadi,Dimethyl Fumarate,-,-,Generic,Prescription,Macleods Pharmaceuticals Limited,India,Valid,5/8/2025,,
Fumadi,Dimethyl Fumarate,-,-,Generic,Prescription,Macleods Pharmaceuticals Limited,India,Valid,5/8/2025,,
Levar,LEVOCETIRIZINE DIHYDROCHLORIDE,-,-,Generic,OTC,Al-Taqaddom pharmaceutical Industries ,Jordan,Valid,8/28/2024,,
Levar,LEVOCETIRIZINE DIHYDROCHLORIDE,-,-,Generic,OTC,Al-Taqaddom pharmaceutical Industries ,Jordan,Valid,8/28/2024,,
Vabysmo 6 mg per 0.05 ml,FARICIMAB,0.05,ml,Biological,Prescription,F. Hoffmann-La Roche Ltd.,Switzerland,Valid,-,,
Yescarta,AXICABTAGENE CILOLEUCEL,-,-,Biological,Prescription,"Kite Pharma, Inc",United States,Valid,10/5/2023,,
Skyrizi 360 mg  per 2.4 ml,RISANKIZUMAB,2.4,ml,Biological,Prescription,Patheon Italia S.P.A.,Italy,Valid,11/29/2023,,
"Tezspire 210 mg per 1.9 ml Pre-filled syringe	",TEZEPELUMAB,1.9,ml,Biological,Prescription,AMGEN MANUFACTURING LIMITED,United States,Valid,10/17/2023,,
Colistin JPI,COLISTIMETHATE SODIUM,-,-,Generic,Prescription,HIKMA ITALIA SPA,Italy,Valid,8/14/2023,,
Prograf,TACROLIMUS,-,-,NCE,Prescription,Astellas Pharma,Ireland,Valid,10/16/2024,,
CARVYKTI,CILTACABTAGENE AUTOLEUCEL,70,ml,Biological,Prescription,"Janssen Pharmaceuticals, Inc",United States,Valid,7/8/2025,,
Trepadio 200 mg per 20 ml,LACOSAMIDE,20,ml,Generic,Prescription,Hikma Farmaceutica,Portugal,Valid,-,,
Mixif,CEFIXIME,-,-,Generic,Prescription,DAR ALDAWA,Jordan,Valid,-,,
JNESTY,FUSIDIC ACID,30,g,Generic,Prescription,JEDCO INTERNATIONAL PHARMACEUTICAL,Egypt,Suspended,4/17/2024,,
Coguperin 20 mg per  0.2 ml ,ENOXAPARIN SODIUM,0.2,ml,Biological,Prescription,VENUS REMEDIES LIMITED,India,Valid,3/3/2024,,
Coguperin 40 mg per 0.4 ml,ENOXAPARIN SODIUM,0.4,ml,Biological,Prescription,VENUS REMEDIES LIMITED,India,Valid,3/3/2024,,
Coguperin 60 mg per 0.6 ml,ENOXAPARIN SODIUM,0.6,ml,Biological,Prescription,VENUS REMEDIES LIMITED,India,Valid,3/3/2024,,
Coguperin 80 mg per 0.8 ml ,ENOXAPARIN SODIUM,0.8,ml,Biological,Prescription,VENUS REMEDIES LIMITED,India,Valid,3/3/2024,,
Erlotinib EPC,ERLOTINIB,-,-,Generic,Prescription,Reliance Life Sciences Pvt. Ltd,India,Valid,-,,
Effyren,CYCLOSPORIN,-,-,Generic,Prescription,Panacea Biotec Pharma Ltd,India,Valid,-,,
Amlohope Plus,"RAMIPRIL,AMLODIPINE BESILATE,HYDROCHLOROTHIAZIDE",-,-,Generic,Prescription,LEK PHARMACEUTICALS D.D.,Slovenia,Valid,5/13/2024,,
Amlohope Plus,"RAMIPRIL,AMLODIPINE BESILATE,HYDROCHLOROTHIAZIDE",-,-,Generic,Prescription,ADAMED Pharma S.A ,Poland,Valid,5/13/2024,,
Amlohope Plus,"RAMIPRIL,AMLODIPINE BESILATE,HYDROCHLOROTHIAZIDE",-,-,Generic,Prescription,ADAMED Pharma S.A ,Poland,Valid,5/13/2024,,
ALUNBRIG,BRIGATINIB,-,-,NCE,Prescription,Penn Pharmaceutical Services Ltd,United Kingdom,Valid,10/9/2024,,
Milorizast,APREMILAST,-,-,Generic,Prescription,Glenmark Pharmaceuticals Limited - Baddi,India,Valid,7/22/2025,,
Vaxneuvance,"Pneumococcal polysaccharide conjugate vaccine (15-valent, adsorbed)",0.5,ml,Biological,Prescription,MSD INTERNATIONAL GMBH,Ireland,Valid,2/28/2024,,
Byannli,PALIPERIDONE,-,-,NCE,Prescription,JANSSEN PHARMACEUTICA N.V.,Belgium,Valid,-,,
Byannli,PALIPERIDONE,-,-,NCE,Prescription,JANSSEN PHARMACEUTICA N.V.,Belgium,Valid,-,,
Capecitabine NEAPOLIS,Capecitabine,-,-,Generic,Prescription,LES LABORATORIES NEAPOLIS PHARMA,Tunisia,Valid,6/6/2024,,
Doxydar,DOXYCYCLINE,-,-,Generic,Prescription,DAR ALDAWA,Jordan,Valid,-,,
Novus,LURASIDONE,-,-,Generic,Prescription,UNITED PHARMACEUTICAL COMPANY,Jordan,Valid,-,,
Novus,LURASIDONE,-,-,Generic,Prescription,UNITED PHARMACEUTICAL COMPANY,Jordan,Valid,-,,
Topferol,CHOLECALCIFEROL,-,-,Generic,Prescription,Pharma International Co.,Jordan,Valid,12/29/2024,,
Erbitux 500 mg per 100 ml,CETUXIMAB,100,ml,Biological,Prescription,MERCK HEALTHCARE KGAA,Germany,Valid,9/12/2023,,
CIBINQO,ABROCITINIB,-,-,NCE,Prescription,Pfizer Manufacturing Deutschland GmbH,Germany,Valid,6/4/2025,,
CIBINQO,ABROCITINIB,-,-,NCE,Prescription,Pfizer Manufacturing Deutschland GmbH,Germany,Valid,6/4/2025,,
CIBINQO,ABROCITINIB,-,-,NCE,Prescription,Pfizer Manufacturing Deutschland GmbH,Germany,Valid,6/4/2025,,
Fenofibrate Ethypharm,FENOFIBRATE,-,-,Generic,Prescription,ETHYPHARM,France,Valid,-,,
Lenvatinib BOS,LENVATINIB,-,-,Generic,Prescription,Shilpa Medicare Ltd,India,Valid,8/7/2024,,
Hulio,ADALIMUMAB,0.8,ml,Biological,Prescription,Terumo Yamaguchi Corporation,Japan,Valid,2/9/2025,,
Hulio,ADALIMUMAB,0.8,ml,Biological,Prescription,Terumo Yamaguchi Corporation,Japan,Valid,2/9/2025,,
Nicorette Freshmint Gum,NICOTINE,-,-,NCE,OTC,McNeil AB,Sweden,Valid,4/22/2025,,
Nicorette Freshmint Gum,NICOTINE,-,-,NCE,OTC,McNeil AB,Sweden,Valid,4/22/2025,,
Adacter,ENTECAVIR,-,-,Generic,Prescription,Novartis Pharmaceutical Manufacturing LLC,Slovenia,Valid,1/16/2025,,
Acalabrutinib BOS,Acalabrutinib,-,-,Generic,Prescription,Natco Pharma Limited,India,Valid,7/28/2025,,
Apilipx,ARIPIPRAZOLE,-,-,Generic,Prescription,Apex Pharma Egypt,Egypt,Valid,6/4/2025,,
Apilipx,ARIPIPRAZOLE,-,-,Generic,Prescription,Apex Pharma Egypt,Egypt,Valid,6/4/2025,,
Apilipx,ARIPIPRAZOLE,-,-,Generic,Prescription,Apex Pharma Egypt,Egypt,Valid,6/4/2025,,
Apilipx,ARIPIPRAZOLE,-,-,Generic,Prescription,Apex Pharma Egypt,Egypt,Valid,6/4/2025,,
Clodipan 8 mg and 5mg ,"CANDESARTAN CILEXETIL,AMLODIPINE BESILATE",-,-,NCE,Prescription,ADAMED Pharma S.A ,Poland,Valid,3/6/2025,,
Clodipan 16 mg and 5 mg,"CANDESARTAN CILEXETIL,AMLODIPINE BESILATE",-,-,NCE,Prescription,ADAMED Pharma S.A ,Poland,Valid,3/6/2025,,
Rybrevant 350 mg per 7 ml,AMIVANTAMAB,7,ml,Biological,Prescription,"Cilag AG, Schaffhausen, Switzerland",Switzerland,Valid,5/21/2024,,
Elfonis 400 mg per 250 ml,MOXIFLOXACIN HYDROCHLORIDE,250,ml,Generic,Prescription,Hemomont,Serbia,Valid,11/8/2023,,
Lumify,BRIMONIDINE TARTRATE,7.5,ml,NCE,OTC,"Bausch & Lomb, Incorporated",United States,Valid,10/22/2023,,
Welireg,BELZUTIFAN,-,-,NCE,Prescription,MSD INTERNATIONAL GMBH,Ireland,Valid,3/11/2024,,
Evoltra,CLOFARABINE,20,ml,NCE,Prescription,PHARMACHEMIE,Netherlands,Valid,-,,
ZOLECIN,CEFAZOLIN,-,-,Generic,Prescription,Hikma Farmaceutica,Portugal,Valid,6/27/2024,,
Lomipat,LACOSAMIDE,-,-,Generic,Prescription,Hetero Labs Limited Unit – V,India,Valid,10/22/2023,,
Lomipat,LACOSAMIDE,-,-,Generic,Prescription,Hetero Labs Limited Unit – V,India,Valid,10/22/2023,,
Lomipat,LACOSAMIDE,-,-,Generic,Prescription,Hetero Labs Limited Unit – V,India,Valid,10/22/2023,,
Lomipat,LACOSAMIDE,-,-,Generic,Prescription,Hetero Labs Limited Unit – V,India,Valid,10/22/2023,,
Docetaxel AqVida 20 mg per 1 ml,DOCETAXEL,1,ml,Generic,Prescription,AqVida GmbH Dassow,Germany,Valid,10/1/2023,,
Docetaxel AqVida 80 mg per 4 ml,DOCETAXEL,4,ml,Generic,Prescription,AqVida GmbH Dassow,Germany,Valid,-,,
Docetaxel AqVida 160 mg per 8 ml,DOCETAXEL,8,ml,Generic,Prescription,AqVida GmbH Dassow,Germany,Valid,-,,
Ursofalk,URSODEOXYCHOLIC ACID,-,-,NCE,Prescription,LOSAN PHARMA GMBH ,Germany,Valid,-,,
Movicol Paediatric Plain,"MACROGOL ,SODIUM CHLORIDE,SODIUM HYDROGEN CARBONATE,POTASSIUM CHLORIDE",-,-,NCE,OTC,NORGINE LIMITED,United Kingdom,Valid,10/3/2023,,
Sulbus 60 mg per 10 ml,BUSULFAN,10,ml,Generic,Prescription,INTAS PHARMACEUTICALS LIMITED,India,Valid,-,,
Pelgraz 6 mg in 0.6 ml,PEGFILGRASTIM,0.6,ml,Biological,Prescription,INTAS PHARMACEUTICALS LIMITED,India,Valid,3/11/2024,,
Fetazim,CEFTAZIDIME,-,-,Generic,Prescription,Pharma International Co.,Jordan,Valid,12/29/2024,,
Fetazim,CEFTAZIDIME,-,-,Generic,Prescription,Pharma International Co.,Jordan,Valid,12/29/2024,,
Pantrox,PANTOPRAZOLE,-,-,Generic,Prescription,Hetero Labs Limited Unit – V,India,Valid,10/22/2023,,
Pantrox,PANTOPRAZOLE,-,-,Generic,Prescription,Hetero Labs Limited Unit – V,India,Valid,10/22/2023,,
Pantrox,PANTOPRAZOLE,-,-,Generic,Prescription,Hetero Labs Limited Unit – V,India,Valid,10/22/2023,,
Triplixam,"PERINDOPRIL ARGININE,INDAPAMIDE,AMLODIPINE BESILATE",-,-,NCE,Prescription,SERVIER,Ireland,Valid,2/28/2024,,
Triplixam,"PERINDOPRIL ARGININE,INDAPAMIDE,AMLODIPINE BESILATE",-,-,NCE,Prescription,SERVIER,Ireland,Valid,2/28/2024,,
Triplixam,"PERINDOPRIL ARGININE,INDAPAMIDE,AMLODIPINE BESILATE",-,-,NCE,Prescription,SERVIER,Ireland,Valid,2/28/2024,,
Triplixam,"PERINDOPRIL ARGININE,INDAPAMIDE,AMLODIPINE BESILATE",-,-,NCE,Prescription,SERVIER,Ireland,Valid,2/28/2024,,
Tadalafil EVA,TADALAFIL,-,-,Generic,Prescription,EVA PHARMA,Egypt,Valid,7/21/2025,,
Nevotic,LEVOFLOXACIN,-,-,Generic,Prescription,Pharma International Co.,Jordan,Valid,12/29/2024,,
Cytotec,MISOPROSTOL,-,-,NCE,Prescription,PIRAMAL HEALTHCARE UK LIMITED,United Kingdom,Valid,6/5/2024,,
Vabomere,"VABORBACTAM,MEROPENEM",-,-,NCE,Prescription,ACS Dobfar S.P.A,Italy,Valid,-,,
Nexium 10 mg ,ESOMEPRAZOLE,-,-,NCE,Prescription,AstraZeneca AB,Sweden,Valid,3/25/2025,,
Albumin SK,ALBUMIN HUMAN,50,ml,Biological,Prescription,SK Plasma Co. Ltd,South Korea,Valid,10/11/2023,,
Albumin SK,ALBUMIN HUMAN,100,ml,Biological,Prescription,SK Plasma Co. Ltd,South Korea,Valid,10/23/2023,,
"Tezspire 210 mg per 1.9 ml pen	",TEZEPELUMAB,1.9,ml,Biological,Prescription,AMGEN MANUFACTURING LIMITED,United States,Valid,10/23/2023,,
Tiomist,TIOTROPIUM,-,-,NCE,Prescription,Laboratorios Liconsa S.A,Spain,Valid,7/8/2025,,
Sumadix 500 per 5 ml Vials,SUGAMMADEX,5,ml,Generic,Prescription,MS Pharma ,Jordan,Valid,-,,
Sumadix 200 per 2 ml Vials,SUGAMMADEX,2,ml,Generic,Prescription,MS Pharma ,Jordan,Valid,-,,
Ontruzant,Trastuzumab,-,-,Biological,Prescription,Patheon Italia S.P.A.,Italy,Valid,11/5/2023,,
Ontruzant,Trastuzumab,-,-,Biological,Prescription,FAREVA PAU,France,Valid,11/5/2023,,
Daroxime,CEFUROXIME AXETIL,-,-,Generic,Prescription,DAR ALDAWA,Jordan,Valid,-,,
Enoxaparin BOS,ENOXAPARIN SODIUM,0.2,ml,Biological,Prescription,Gland Pharma Limited ,India,Valid,7/28/2025,,
Enoxaparin BOS,ENOXAPARIN SODIUM,0.4,ml,Biological,Prescription,Gland Pharma Limited ,India,Valid,7/28/2025,,
Enoxaparin BOS,ENOXAPARIN SODIUM,0.6,ml,Biological,Prescription,Gland Pharma Limited ,India,Valid,7/28/2025,,
Enoxaparin BOS,ENOXAPARIN SODIUM,0.8,ml,Biological,Prescription,Gland Pharma Limited ,India,Valid,7/28/2025,,
Bleoez,BLEOMYCIN SULFATE,-,-,Generic,Prescription,Korea United Pharm. Inc,South Korea,Valid,11/5/2023,,
Celezon,RUXOLITINIB,-,-,Generic,Prescription,The Arab Pharmaceutical Manufacturing PSC (Sahab) Co Ltd ,Jordan,Valid,8/7/2024,,
Antopaz,PANTOPRAZOLE,12,ml,Generic,Prescription,ANFARM HELLAS S.A,Greece,Valid,11/6/2023,,
Onstera,MONTELUKAST SODIUM,-,-,Generic,Prescription,Macleods Pharmaceuticals Limited,India,Valid,11/6/2023,,
Verotec,BETAHISTINE DIHYDROCHLORIDE,-,-,Generic,Prescription,Jordanian pharmaceutical manufacturing company,Jordan,Valid,-,,
Verotec,BETAHISTINE DIHYDROCHLORIDE,-,-,Generic,Prescription,Jordanian pharmaceutical manufacturing company,Jordan,Valid,-,,
Verotec,BETAHISTINE DIHYDROCHLORIDE,-,-,Generic,Prescription,Jordanian pharmaceutical manufacturing company,Jordan,Valid,-,,
Glibil,GLIBENCLAMIDE,-,-,Generic,Prescription,Hikma Pharmaceuticals PLC,Jordan,Valid,1/19/2025,,
Ranexa,RANOLAZINE,-,-,NCE,Prescription,Menarini - Von Heyden GmbH,Germany,Valid,11/8/2023,,
Ranexa,RANOLAZINE,-,-,NCE,Prescription,Menarini - Von Heyden GmbH,Germany,Valid,-,,
Ranexa,RANOLAZINE,-,-,NCE,Prescription,Menarini - Von Heyden GmbH,Germany,Valid,-,,
Acyclovir - Vaxcel,ACYCLOVIR,10,ml,Generic,Prescription,Kotra Pharma M Sdn Bhd,Malaysia,Valid,7/3/2025,,
NUMETA G13% E,"CALCIUM CHLORIDE DIHYDRATE,REFINED OLIVE OIL (~80%) + REFINED SOYA OIL (~20%),ARGININE,PHENYLALANINE,ISOLEUCINE5,HISTIDINE,GLUCOSE,GLUTAMIC ACID,LEUCINE,CYSTEINE,ASPARTIC ACID,TRYPTOPHAN,ALANINE,ORNITHINE,PROLINE,GLYCINE,SERINE,SODIUM CHLORIDE,TAURINE,SODIUM GLYCEROPHOSPHATE HYDRATED,METHIONINE,POTASSIUM ACETATE,MAGNESIUM ACETATE TETRAHYDRATE,VALINE,THREONINE,LYSINE,TYROSINE",300,ml,NCE,Prescription,BAXTER,Belgium,Valid,1/23/2024,,
Amleka 100 mg ,AZACITIDINE,4,ml,Generic,Prescription,Sichuan Huiyu Pharmaceutical Company Limited,China,Valid,11/19/2023,,
Diafor XR,METFORMIN HYDROCHLORIDE,-,-,Generic,Prescription,"Ind Swift Limited	",India,Valid,4/20/2025,,
Diafor XR,METFORMIN HYDROCHLORIDE,-,-,Generic,Prescription,"Ind Swift Limited	",India,Valid,4/20/2025,,
Diafor XR,METFORMIN HYDROCHLORIDE,-,-,Generic,Prescription,"Ind Swift Limited	",India,Valid,4/30/2025,,
Diafor XR,METFORMIN HYDROCHLORIDE,-,-,Generic,Prescription,"Ind Swift Limited	",India,Valid,4/20/2025,,
Diafor XR,METFORMIN HYDROCHLORIDE,-,-,Generic,Prescription,"Ind Swift Limited	",India,Valid,4/20/2025,,
Diafor XR,METFORMIN HYDROCHLORIDE,-,-,Generic,Prescription,"Ind Swift Limited	",India,Valid,11/27/2023,,
Allocar,FINASTERIDE,-,-,Generic,Prescription,Hetero Labs Limited Unit – III,India,Valid,11/27/2023,,
Allocar,FINASTERIDE,-,-,Generic,Prescription,Hetero Labs Limited Unit – III,India,Valid,11/27/2023,,
Lertiv,LERCANIDIPINE HYDROCHLORIDE,-,-,Generic,Prescription,Hetero Labs Limited Unit – V,India,Valid,11/27/2023,,
Lertiv,LERCANIDIPINE HYDROCHLORIDE,-,-,Generic,Prescription,Hetero Labs Limited Unit – V,India,Valid,11/27/2023,,
Lertiv,LERCANIDIPINE HYDROCHLORIDE,-,-,Generic,Prescription,Hetero Labs Limited Unit – V,India,Valid,11/27/2023,,
Lertiv,LERCANIDIPINE HYDROCHLORIDE,-,-,Generic,Prescription,Hetero Labs Limited Unit – V,India,Valid,11/27/2023,,
GONAL-f 150 IU per 0.25 ml,FOLLITROPIN ALFA,0.25,ml,Biological,Prescription,MERCK SERONO SPA,Italy,Valid,2/27/2024,,
Pantrox,PANTOPRAZOLE,-,-,Generic,Prescription,Hetero Labs Limited Unit – V,India,Valid,12/4/2023,,
Gencebok,CAFFEINE CITRATE,1,ml,Generic,Prescription,CENEXI,France,Valid,9/19/2024,,
Pafazin,DAPAGLIFLOZIN,-,-,Generic,Prescription,"Aizant Drug Research Solutions Pvt.Ltd	",India,Valid,12/5/2023,,
Pafazin,DAPAGLIFLOZIN,-,-,Generic,Prescription,"Aizant Drug Research Solutions Pvt.Ltd	",India,Valid,-,,
Spevigo 450 mg per 7.5 ml ,SPESOLIMAB,7.5,ml,Biological,Prescription,Boehringer Ingelheim Pharma GmbH & Co. KG,Germany,Valid,12/13/2023,,
Pliaglis 15 gram Cream,"LIDOCAINE HYDROCHLORIDE,TETRACAINE HYDROCHLORIDE",15,g,NCE,Prescription,INDUSTRIAL FARMACEUTICA CANTABRIA S.A,Spain,Valid,12/13/2023,,
Pliaglis 30 gram Cream,"LIDOCAINE HYDROCHLORIDE,TETRACAINE HYDROCHLORIDE",30,g,NCE,Prescription,INDUSTRIAL FARMACEUTICA CANTABRIA S.A,Spain,Valid,12/13/2023,,
Donifoxate,FEBUXOSTAT,-,-,Generic,Prescription,EVA PHARMA,Egypt,Valid,7/21/2025,,
LERHASA,SALBUTAMOL,200,dose,Generic,Prescription,Glenmark Pharmaceuticals Limited - Aurangabad,India,Valid,12/19/2023,,
Bleomycin Venus,BLEOMYCIN SULFATE,-,-,Generic,Prescription,VENUS REMEDIES LIMITED,India,Valid,-,,
Nexviazyme,AVALGLUCOSIDASE ALFA,10,ml,Biological,Prescription,GENZYME IRELAND LIMITED,Ireland,Valid,3/6/2025,,
Zeposia,OZANIMOD,-,-,NCE,Prescription,CELGENE INTERNATIONAL,Switzerland,Valid,-,,
Zeposia (initiation pack) 4 caps 0.23 mg and 3 caps 0.46 mg ,OZANIMOD,-,-,NCE,Prescription,CELGENE INTERNATIONAL,Switzerland,Valid,-,,
Esqua,TADALAFIL,-,-,Generic,Prescription,Atlantic Pharma ,Portugal,Valid,11/21/2024,,
Tigaron,ABIRATERONE ACETATE,-,-,Generic,Prescription,ADAMED Pharma S.A ,Poland,Valid,-,,
Finjuve,FINASTERIDE,-,-,NCE,Prescription,Almirall Hermal GmbH,Germany,Valid,6/15/2025,,
Pankaine 20 mg per 4 ml,BUPIVACAINE,4,ml,Generic,Prescription,PANPHARMA,Germany,Valid,1/7/2024,,
Xonvea,"DOXYLAMINE SUCCINATE,PYRIDOXINE (VITAMIN B6)",-,-,NCE,Prescription,Duchesnay Inc,Canada,Valid,1/7/2024,,
Wekasurg 200 mg per 2 ml,SUGAMMADEX,2,ml,Generic,Prescription,WASSERBURGER ARZNEIMITTELWERK GMBH,Germany,Valid,-,,
Figoya,FINGOLIMOD HYDROCHLORIDE,-,-,Generic,Prescription,Dr. Reddy’s Laboratories Ltd. Formulation Unit VII,India,Valid,-,,
Xenpozyme,OLIPUDASE ALFA,-,-,Biological,Prescription,GENZYME IRELAND LIMITED,Ireland,Valid,10/9/2024,,
Grateziano,SOFOSBUVIR,-,-,Generic,Prescription,EUROPEAN EGYPTIAN PHARMACEUTICAL IND. CO,Egypt,Valid,-,,
Renflexis,INFLIXIMAB,-,-,Biological,Prescription,Samsung Biologics,South Korea,Valid,1/18/2024,,
Acloran Plus,"CANDESARTAN CILEXETIL,AMLODIPINE BESILATE,HYDROCHLOROTHIAZIDE",-,-,Generic,Prescription,ADAMED Pharma S.A ,Poland,Valid,-,,
Acloran Plus,"CANDESARTAN CILEXETIL,AMLODIPINE BESILATE,HYDROCHLOROTHIAZIDE",-,-,Generic,Prescription,ADAMED Pharma S.A ,Poland,Valid,-,,
Stronyx,CABERGOLINE,-,-,Generic,Prescription,UNITED PHARMACEUTICAL COMPANY,Jordan,Valid,1/21/2025,,
Stronyx,CABERGOLINE,-,-,Generic,Prescription,EMIC UNITED PHARMACEUTICALS,Egypt,Valid,1/21/2025,,
PREVENAR 20,"POLYSACCHARIDE FOR SEROTYPES 1, 3, 4, 5, 6A, 7F, 8, 9V, 10, 11A, 12F, 14, 15B, 18C, 19A, 19F, 22F, 23F, 33F,POLYSACCHARIDE FOR SEROTYPES 6B,CRM197 protein",0.5,ml,Biological,Prescription,Pfizer Ireland Pharmaceuticals,Ireland,Valid,2/20/2024,,
PREVENAR 20,"POLYSACCHARIDE FOR SEROTYPES 1, 3, 4, 5, 6A, 7F, 8, 9V, 10, 11A, 12F, 14, 15B, 18C, 19A, 19F, 22F, 23F, 33F,POLYSACCHARIDE FOR SEROTYPES 6B,CRM197 protein",0.5,ml,Biological,Prescription,Pfizer Ireland Pharmaceuticals,Ireland,Valid,2/20/2024,,
Androgel,TESTOSTERONE,88,g,NCE,Prescription,Laboratoires Besins International,France,Valid,1/22/2024,,
Korsuva,DIFELIKEFALIN,1,ml,NCE,Prescription,Siegfried Hameln GmbH,Germany,Valid,1/22/2024,,
Korsuva,DIFELIKEFALIN,1,ml,NCE,Prescription,Siegfried Hameln GmbH,Germany,Valid,-,,
Ircan 100 mg per 5 ml ,IRINOTECAN,5,ml,Generic,Prescription,Shilpa Medicare Ltd,India,Valid,1/22/2024,,
Dazaspect,AZACITIDINE,-,-,Generic,Prescription,Shilpa Medicare Ltd,India,Valid,1/27/2025,,
Tavneos,AVACOPAN,-,-,NCE,Prescription,Patheon Pharmaceuticals Inc. ,United States,Valid,2/8/2024,,
Evrenzo,ROXADUSTAT,-,-,NCE,Prescription,CATALENT PHARMA SOLUTIONS,United States,Valid,-,,
Xeerun,TERBINAFINE,30,ml,Generic,OTC,Amman Pharmaceutical Industries (API),Jordan,Valid,12/15/2024,,
Vyxeos,"DAUNORUBICIN,CYTARABINE",50,ml,NCE,Prescription,BAXTER ONCOLOGY GmbH,Germany,Valid,7/6/2025,,
Clofarabine Ratiopharm,CLOFARABINE,20,ml,Generic,Prescription,S.C.SINDAN PHARMA S.R.L,Romania,Valid,1/29/2024,,
Everolimus BOS,EVEROLIMUS,-,-,Generic,Prescription,Natco Pharma Limited,India,Valid,-,,
Everolimus BOS,EVEROLIMUS,-,-,Generic,Prescription,Natco Pharma Limited,India,Valid,-,,
Rocaltrol,CALCITRIOL,-,-,NCE,Prescription,CATALENT GERMANY EBERBACH GmbH,Germany,Valid,5/21/2024,,
Ticagard,TICAGRELOR,-,-,Generic,Prescription,MSN LABORATORIES PRIVATE LIMITED ,India,Suspended,1/7/2025,,
Flohale,FLUTICASONE PROPIONATE,-,-,Generic,Prescription,Cipla Limited ,India,Valid,-,,
Flohale,FLUTICASONE PROPIONATE,-,-,Generic,Prescription,Cipla Limited ,India,Valid,-,,
Deroxi Liposomal,DOXORUBICIN HYDROCHLORIDE,10,ml,Generic,Prescription,Natco Pharma Limited,India,Valid,-,,
Valencin,DAPTOMYCIN,-,-,Generic,Prescription,DR. REDDY,India,Valid,7/22/2025,,
Deeprub,KETOPROFEN,100,g,Generic,Prescription,JERASH PHARMACEUTICALS LIMITED COMPANY,Jordan,Valid,-,,
Ambrolyt,AMBROXOL HYDROCHLORIDE,100,ml,Generic,Prescription,JERASH PHARMACEUTICALS LIMITED COMPANY,Jordan,Valid,-,,
LIVTENCITY,Maribavir,-,-,NCE,Prescription,CATALENT,United States,Valid,8/3/2025,,
AZACITIDINE NEAPOLIS,AZACITIDINE,50,ml,Generic,Prescription,LES LABORATORIES NEAPOLIS PHARMA,Tunisia,Valid,8/1/2024,,
Berinert,HUMAN C1-ESTERASE INHIBITOR,-,-,Biological,Prescription,CSL BEHRING,Germany,Valid,3/3/2024,,
Anavalin,CABAZITAXEL,6,ml,Generic,Prescription,EVER PHARMA JENA GMBH,Germany,Valid,-,,
Aquipta,Atogepant,-,-,NCE,Prescription,Forest Laboratories Ireland Limited,Ireland,Valid,8/3/2025,,
Aquipta,Atogepant,-,-,NCE,Prescription,Forest Laboratories Ireland Limited,Ireland,Valid,8/3/2025,,
Vantag,TIGECYCLINE,-,-,Generic,Prescription,ANFARM HELLAS S.A,Greece,Valid,-,,
BICAPROS,Bicalutamide,-,-,Generic,Prescription,"Atlas Pharm, S.A",Morocco,Valid,2/27/2024,,
Gardasil 9,"HUMAN PAPILLOMAVIRUS TYPE 6 L1,HUMAN PAPILLOMAVIRUS TYPE 11 L1,HUMAN PAPILLOMAVIRUS TYPE 16 L1 PROTEIN,HUMAN PAPILLOMAVIRUS TYPE 18 L1 PROTEIN,Human Papillomavirus Type 31 L1 protein,Human Papillomavirus Type 33 L1 protein,Human Papillomavirus Type 45 L1 protein,Human Papillomavirus Type 52 L1 protein,Human Papillomavirus Type 58 L1 protein",0.5,ml,Biological,Prescription,"Baxter Pharmaceutical Solutions, LLC ",United States,Valid,5/21/2025,,
Eylea,AFLIBERCEPT,-,-,Biological,Prescription,CATALENT,United States,Valid,3/3/2024,,
Haemokion,PHYTOMENADIONE,1,ml,Generic,Prescription, Amoun Pharmaceutical Company,Egypt,Valid,-,,
Diacerein,DIACEREIN,-,-,Generic,Prescription,Eva Pharma for Pharmaceuticals and Medical Appliances,Egypt,Valid,7/21/2025,,
Axelus,TESTOSTERONE,1,ml,Generic,Prescription,Hikma Farmaceutica,Portugal,Valid,2/27/2024,,
Decozal,XYLOMETAZOLINE HYDROCHLORIDE,15,ml,Generic,OTC,Amman Pharmaceutical Industries (API),Jordan,Valid,12/15/2024,,
Tecvayli,TECLISTAMAB,1.7,ml,Biological,Prescription,Patheon Manufacturing Services LLC ,United States,Valid,4/20/2025,,
Tecvayli,TECLISTAMAB,3,ml,Biological,Prescription,Patheon Manufacturing Services LLC ,United States,Valid,4/20/2025,,
Liptyn,LINAGLIPTIN,-,-,Generic,Prescription,Hetero Labs Limited Unit – V,India,Valid,9/15/2024,,
Beyfortus 100 mg per 1 ml,NIRSEVIMAB,1,ml,Biological,Prescription,Patheon Manufacturing Services LLC ,United States,Valid,12/31/2024,,
Beyfortus,NIRSEVIMAB,0.5,ml,Biological,Prescription,Patheon Manufacturing Services LLC ,United States,Valid,1/23/2025,,
Solfarin,WARFARIN SODIUM,150,ml,NCE,Prescription,Rosemont Pharmaceuticals Ltd,United Kingdom,Valid,-,,
Bivalirudin ,BIVALIRUDIN,5,ml,Generic,Prescription,Hainan Shuangcheng Pharmaceuticals Co. Ltd,China,Valid,2/28/2024,,
Glandacet,CINACALCET,-,-,Generic,Prescription,Piramal Pharma Limited,India,Valid,2/29/2024,,
Glandacet,CINACALCET,-,-,Generic,Prescription,Piramal Pharma Limited,India,Valid,-,,
Glandacet,CINACALCET,-,-,Generic,Prescription,Piramal Pharma Limited,India,Valid,-,,
Omol,PARACETAMOL,-,-,Generic,OTC,NATIONAL PHARMACEUTICAL INDUSTRIES CO,Oman,Valid,2/10/2025,,
Omacip,CIPROFLOXACIN,-,-,Generic,Prescription,NATIONAL PHARMACEUTICAL INDUSTRIES CO,Oman,Valid,-,,
Omcet,CETIRIZINE HYDROCHLORIDE,-,-,Generic,Prescription,NATIONAL PHARMACEUTICAL INDUSTRIES CO,Oman,Valid,2/19/2025,,
semglee,INSULIN GLARGINE,3,ml,Biological,Prescription,Biocon SDN. BHD,Malaysia,Valid,1/13/2025,,
Myteb,TERIFLUNOMIDE,-,-,Generic,Prescription,"Aizant Drug Research Solutions Pvt.Ltd	",India,Valid,5/5/2024,,
Ravegza 2.3 mg per 0.23 ml,RANIBIZUMAB,-,-,Biological,Prescription,AJINOMOTO ALTHEA INCORPORATED,United States,Valid,2/29/2024,,
Amgevita 20 mg per 0.4 ml,ADALIMUMAB,0.4,ml,Biological,Prescription,AMGEN MANUFACTURING LIMITED,United States,Valid,2/29/2024,,
Tyenne 80 me per 4 ml ,TOCILIZUMAB,4,ml,Biological,Prescription,Fresenius Kabi Austria GmbH,Austria,Valid,-,,
Tyenne 162 mg per 0.9 ml,TOCILIZUMAB,0.9,ml,Biological,Prescription,Fresenius Kabi Austria GmbH,Austria,Valid,-,,
Tyenne 200 mg per 10 ml,TOCILIZUMAB,10,ml,Biological,Prescription,Fresenius Kabi Austria GmbH,Austria,Valid,-,,
Tyenne 400 mg per 20 ml,TOCILIZUMAB,20,ml,Biological,Prescription,Fresenius Kabi Austria GmbH,Austria,Valid,-,,
iPAT,OLOPATADINE,5,ml,Generic,Prescription,Amman Pharmaceutical Industries (API),Jordan,Valid,12/15/2024,,
Decozal menthol,XYLOMETAZOLINE HYDROCHLORIDE,10,ml,Generic,OTC,Amman Pharmaceutical Industries (API),Jordan,Valid,12/15/2024,,
MASTROCIN ,CLARITHROMYCIN,-,-,Generic,Prescription,ANFARM HELLAS S.A,Greece,Valid,8/3/2025,,
Nepexto,ETANERCEPT,-,-,Biological,Prescription,Lupin Limited Biotech division,India,Valid,10/8/2024,,
Acumen,ATOMOXETINE HYDROCHLORIDE,-,-,Generic,Prescription,PHARMATHEN INTERNATIONAL,Greece,Valid,1/27/2025,,
Acumen,ATOMOXETINE HYDROCHLORIDE,-,-,Generic,Prescription,PHARMATHEN INTERNATIONAL,Greece,Valid,1/27/2025,,
Acumen,ATOMOXETINE HYDROCHLORIDE,-,-,Generic,Prescription,PHARMATHEN INTERNATIONAL,Greece,Valid,1/27/2025,,
Acumen,ATOMOXETINE HYDROCHLORIDE,-,-,Generic,Prescription,PHARMATHEN INTERNATIONAL,Greece,Valid,1/27/2025,,
Acumen,ATOMOXETINE HYDROCHLORIDE,-,-,Generic,Prescription,PHARMATHEN INTERNATIONAL,Greece,Valid,1/27/2025,,
Arexvy,Recombinant respiratory syncytial virus prefusion F protein adjuvanted with AS01E,-,-,Biological,Prescription,GlaxoSmithKline Biologicals ,Belgium,Valid,6/9/2024,,
Paricalcitol Spectro,PARICALCITOL,2,ml,Generic,Prescription,PHARMATHEN INTERNATIONAL,Greece,Valid,3/19/2025,,
Andexxa,Andexanet alfa,-,-,Biological,Prescription,"Baxter Pharmaceutical Solutions, LLC ",United States,Valid,3/3/2025,,
Tepezza,Teprotumumab,-,-,Biological,Prescription,Catalent Indiana LLC formerly Cook Pharmica LLC,United States,Valid,-,,
Norepinephrine Kalceks,Noradrenaline,4,ml,Generic,Prescription,HBM Pharma s.r.o.,Slovakia,Valid,3/10/2024,,
DUCRESSA,"DEXAMETHASONE,LEVOFLOXACIN",5,ml,NCE,Prescription,Tubilux Pharma S.p.A,Italy,Valid,1/6/2025,,
RECOTHROM,Thrombin alfa,-,-,Biological,Prescription,Patheon Italia S.P.A.,Italy,Valid,3/11/2024,,
Ecinq,ULIPRISTAL ACETATE,-,-,Generic,OTC,Haupt Pharma Münster GmbH ,Germany,Valid,3/6/2025,,
Eulax,POLYETHYLENE GLYCOL,-,-,Generic,OTC,M/s Annora Pharma Private Limited,India,Valid,3/17/2024,,
Rina Extra,"DESLORATADINE,PSEUDOEPHEDRINE",-,-,Generic,OTC,DAR ALDAWA,Jordan,Valid,-,,
Abiraterone SPC,ABIRATERONE ACETATE,-,-,Generic,Prescription,"Aizant Drug Research Solutions Pvt.Ltd	",India,Valid,-,,
Vizarsin,SILDENAFIL,-,-,Generic,Prescription,KRKA dd Novo mesto,Slovenia,Valid,11/12/2024,,
Daptomycin Amarox,DAPTOMYCIN,-,-,Generic,Prescription,ASPIRO PHARMA LIMITED,India,Valid,5/27/2024,,
Daptomycin Amarox,DAPTOMYCIN,-,-,Generic,Prescription,ASPIRO PHARMA LIMITED,India,Valid,5/27/2024,,
Famotidine Amarox,FAMOTIDINE,-,-,Generic,Prescription,M/s Annora Pharma Private Limited,India,Valid,1/21/2025,,
Famotidine Amarox,FAMOTIDINE,-,-,Generic,Prescription,M/s Annora Pharma Private Limited,India,Valid,1/21/2025,,
Famotidine Amarox,FAMOTIDINE,-,-,Generic,Prescription,M/s Annora Pharma Private Limited,India,Valid,1/21/2025,,
Opsutin,MACITENTAN,-,-,Generic,Prescription,Hetero Labs Limited Unit – III,India,Valid,5/27/2024,,
Nepexto,ETANERCEPT,1,ml,Biological,Prescription,Lupin Limited Biotech division,India,Valid,10/9/2024,,
Nepexto,ETANERCEPT,0.5,ml,Biological,Prescription,Lupin Limited Biotech division,India,Valid,10/8/2024,,
Diphereline P.R.,TRIPTORELIN,-,-,NCE,Prescription,Debiopharm Research & Manufacturing S.A.,Switzerland,Valid,10/7/2024,,
abroten,ABIRATERONE ACETATE,-,-,Generic,Prescription,Jodas Expoim Pvt Ltd,India,Valid,-,,
abroten,ABIRATERONE ACETATE,-,-,Generic,Prescription,Jodas Expoim Pvt Ltd,India,Valid,-,,
Tqmint,SILDENAFIL,-,-,Generic,Prescription,Al-Taqaddom pharmaceutical Industries ,Jordan,Valid,8/28/2024,,
Tqmint,SILDENAFIL,-,-,Generic,Prescription,Al-Taqaddom pharmaceutical Industries ,Jordan,Valid,8/28/2024,,
Tqmint,SILDENAFIL,-,-,Generic,Prescription,Al-Taqaddom pharmaceutical Industries ,Jordan,Valid,8/28/2024,,
Ralzyo,RASAGILINE,-,-,Generic,Prescription,UNITED PHARMACEUTICAL COMPANY,Jordan,Valid,-,,
Ralzyo,RASAGILINE,-,-,Generic,Prescription,UNITED PHARMACEUTICAL COMPANY,Jordan,Valid,-,,
Fomepizole BOS,FOMEPIZOLE,1.5,ml,Generic,Prescription,Gland Pharma Limited ,India,Valid,-,,
Bimatoprost BOS,BIMATOPROST,2.5,ml,Generic,Prescription,Gland Pharma Limited ,India,Valid,10/3/2024,,
Busulfan BOS,BUSULFAN,10,ml,Generic,Prescription,Gland Pharma Limited ,India,Valid,10/3/2024,,
Triova,TIOTROPIUM,-,-,Generic,Prescription,Laboratorios Liconsa S.A,Spain,Valid,-,,
ABRYSVO,"RSV SUBGROUP A STABILISED PREFUSION F,RSV SUBGROUP B STABILISED PREFUSION F",0.5,ml,Biological,Prescription,Pfizer Manufacturing Belgium N.V.,Belgium,Valid,1/6/2025,,
ABRYSVO,"RSV SUBGROUP A STABILISED PREFUSION F,RSV SUBGROUP B STABILISED PREFUSION F",0.5,ml,Biological,Prescription,Pfizer Manufacturing Belgium N.V.,Belgium,Valid,1/6/2025,,
Eptop,TOPIRAMATE,-,-,Generic,Prescription,PHARMATHEN INTERNATIONAL,Greece,Valid,-,,
Eptop,TOPIRAMATE,-,-,Generic,Prescription,PHARMATHEN INTERNATIONAL,Greece,Valid,-,,
Eptop,TOPIRAMATE,-,-,Generic,Prescription,PHARMATHEN INTERNATIONAL,Greece,Valid,-,,
RECOTHROM,Thrombin alfa,-,-,Biological,Prescription,Patheon Italia S.P.A.,Italy,Valid,-,,
Uptravi 800 mcg,SELEXIPAG,-,-,NCE,Prescription,EXCELLA GmbH & Co. KG,Germany,Valid,5/21/2025,,
Uptravi 400 mcg,SELEXIPAG,-,-,NCE,Prescription,EXCELLA GmbH & Co. KG,Germany,Valid,5/21/2025,,
Lunginib,GEFITINIB,-,-,Generic,Prescription,"LOTUS PHARMACEUTICAL CO., LTD",Taiwan,Valid,4/28/2024,,
Tiotropium Eva,TIOTROPIUM,-,-,Generic,Prescription,Eva Pharma for Pharmaceuticals and Medical Appliances,Egypt,Valid,-,,
Nyvepria,PEGFILGRASTIM,0.6,ml,Biological,Prescription,HOSPIRA ZAGREB D.O.O.,Croatia,Valid,3/13/2025,,
Orfadin,NITISINONE,90,ml,NCE,Prescription,APOTEK PRODUKTION & LABORATORIER AB,Sweden,Valid,12/27/2024,,
Morphine sulfate 10 mg per 5 ml,MORPHINE SULFATE,100,ml,Generic,Prescription,MACARTHYS LABORATORIES LIMITED T\A MARTINDALE PHARMA,United Kingdom,Valid,-,,
Retalex 50 mg per 5 ml ,ATRACURIUM BESILATE,5,ml,Generic,Prescription,MS Pharma ,Jordan,Valid,5/21/2025,,
Sotyktu,DEUCRAVACITINIB,-,-,NCE,Prescription,Patheon Inc.,Canada,Valid,-,,
Mucoplexil,OXOMEMAZINE,150,ml,NCE,OTC,A. NATTERMANN & CIE GmbH,Germany,Valid,5/21/2024,,
Trientine dihydrochloride Tillomed,TRIENTINE DIHYDROCHLORIDE,-,-,Generic,Prescription,Emcure Pharmaceuticals Ltd. ,India,Valid,4/22/2024,,
Minjuvi,TAFASITAMAB,-,-,Biological,Prescription,Boehringer Ingelheim Pharma GmbH & Co. KG,Germany,Valid,6/17/2025,,
Sudex 500 mg per 5 ml,SUGAMMADEX,5,ml,Generic,Prescription,ASPIRO PHARMA LIMITED,India,Valid,5/27/2024,,
Sudex 200 mg per 2 ml,SUGAMMADEX,2,ml,Generic,Prescription,ASPIRO PHARMA LIMITED,India,Valid,5/27/2024,,
Fibrosta,TIROFIBAN,50,ml,Generic,Prescription,Hikma Farmaceutica,Portugal,Valid,-,,
Jaypirca,PIRTOBRUTINIB,-,-,NCE,Prescription,ELI LILLY,United States,Valid,8/28/2024,,
Jaypirca,PIRTOBRUTINIB,-,-,NCE,Prescription,ELI LILLY,United States,Valid,8/28/2024,,
Jaypirca,PIRTOBRUTINIB,-,-,NCE,Prescription,ELI LILLY,United States,Valid,8/28/2024,,
Lammalid,LENALIDOMIDE,-,-,Generic,Prescription,Synthon Chile LTDA,Chile,Valid,4/29/2024,,
Lammalid,LENALIDOMIDE,-,-,Generic,Prescription,Synthon Chile LTDA,Chile,Valid,-,,
Lammalid,LENALIDOMIDE,-,-,Generic,Prescription,Synthon Chile LTDA,Chile,Valid,-,,
Lammalid,LENALIDOMIDE,-,-,Generic,Prescription,Synthon Chile LTDA,Chile,Valid,-,,
PROSTIN E2 2MG VAGINAL GEL IN APPLICATOR,DINOPROSTONE,3,g,NCE,Prescription,Pfizer Manufacturing Belgium N.V.,Belgium,Valid,5/5/2024,,
Ravopro,TRAVOPROST,2.5,ml,Generic,Prescription,RAFARM S.A,Greece,Valid,5/9/2024,,
Warfarin Macleods,WARFARIN SODIUM,-,-,Generic,Prescription,Macleods Pharmaceuticals Ltd.,India,Valid,-,,
Propylthiouracil MACLEODS,PROPYLTHIOURACIL,-,-,Generic,Prescription,Macleods Pharmaceuticals Ltd.,India,Valid,-,,
Tenival,"AMLODIPINE BESILATE,VALSARTAN",-,-,Generic,Prescription,Macleods Pharmaceuticals Limited,India,Valid,-,,
Tenival,"AMLODIPINE BESILATE,VALSARTAN",-,-,Generic,Prescription,Macleods Pharmaceuticals Limited,India,Valid,-,,
Sedafol,PROPOFOL,20,ml,Generic,Prescription,ASPIRO PHARMA LIMITED,India,Valid,5/27/2024,,
Trumavar,"TRIFLURIDINE,TIPIRACIL",-,-,Generic,Prescription,Natco Pharma Limited,India,Valid,-,,
Trumavar,"TRIFLURIDINE,TIPIRACIL",-,-,Generic,Prescription,Natco Pharma Limited,India,Valid,-,,
VERKAZIA,CICLOSPORIN,0.3,ml,NCE,Prescription,Excelvision,France,Valid,8/4/2024,,
ARIKAYCE,AMIKACIN,10,ml,NCE,Prescription,Resilience Biotechnologies Inc,Canada,Valid,5/9/2024,,
Haegarda,HUMAN C1-ESTERASE INHIBITOR,-,-,Biological,Prescription,CSL BEHRING,Germany,Valid,-,,
Haegarda,HUMAN C1-ESTERASE INHIBITOR,-,-,Biological,Prescription,CSL BEHRING,Germany,Valid,-,,
Lornoxicam- GPI,LORNOXICAM,10,ml,Generic,Prescription,Global Pharmaceutical Industries,Egypt,Valid,5/9/2024,,
Ataben,ATAZANAVIR,-,-,Generic,Prescription,Hetero Labs Limited Unit – III,India,Valid,5/27/2024,,
Ataben,ATAZANAVIR,-,-,Generic,Prescription,Hetero Labs Limited Unit – III,India,Valid,5/27/2024,,
Camzyos,MAVACAMTEN,-,-,NCE,Prescription,Patheon Inc.,Canada,Valid,-,,
Camzyos,MAVACAMTEN,-,-,NCE,Prescription,PATHEON INC,Canada,Valid,-,,
Camzyos,MAVACAMTEN,-,-,NCE,Prescription,PATHEON INC,Canada,Valid,-,,
Camzyos,MAVACAMTEN,-,-,NCE,Prescription,PATHEON INC,Canada,Valid,-,,
Jemperli,DOSTARLIMAB,10,ml,Biological,Prescription,AJINOMOTO ALTHEA INCORPORATED,United States,Valid,6/9/2024,,
KRABEVA 100 per 4 ml,Bevacizumab,4,ml,Biological,Prescription,Biocon Limited ,India,Valid,-,,
KRABEVA 400 mg per 16 ml,Bevacizumab,16,ml,Biological,Prescription,Biocon Limited ,India,Valid,-,,
Idelvion,ALBUTREPENONACOG ALFA (RECOMBINANT FUSION PROTEIN LINKING COAGULATION FACTOR IX WITH ALBUMIN),2.5,ml,Biological,Prescription,CSL BEHRING,Germany,Valid,-,,
Idelvion,ALBUTREPENONACOG ALFA (RECOMBINANT FUSION PROTEIN LINKING COAGULATION FACTOR IX WITH ALBUMIN),2.5,ml,Biological,Prescription,CSL BEHRING,Germany,Valid,-,,
Idelvion,ALBUTREPENONACOG ALFA (RECOMBINANT FUSION PROTEIN LINKING COAGULATION FACTOR IX WITH ALBUMIN),2.5,ml,Biological,Prescription,CSL BEHRING,Germany,Valid,-,,
Idelvion,ALBUTREPENONACOG ALFA (RECOMBINANT FUSION PROTEIN LINKING COAGULATION FACTOR IX WITH ALBUMIN),5,ml,Biological,Prescription,CSL BEHRING,Germany,Valid,-,,
Idelvion,ALBUTREPENONACOG ALFA (RECOMBINANT FUSION PROTEIN LINKING COAGULATION FACTOR IX WITH ALBUMIN),5,ml,Biological,Prescription,CSL BEHRING,Germany,Valid,-,,
Etalon 0.25 mg per 5 ml,PALONOSETRON HYDROCHLORIDE,5,ml,Generic,Prescription,ANFARM HELLAS S.A,Greece,Valid,-,,
Propofol - Lipuro 1000 mg per 50 ml,PROPOFOL,50,ml,Generic,Prescription,B. BRAUN MELSUNGEN AG,Germany,Valid,1/16/2025,,
Calquence,Acalabrutinib,-,-,NCE,Prescription,AstraZeneca AB,Sweden,Valid,6/27/2024,,
Bylvay,ODEVIXIBAT,-,-,NCE,Prescription,PATHEON FRANCE,France,Valid,11/11/2024,,
Bylvay,ODEVIXIBAT,-,-,NCE,Prescription,PATHEON FRANCE,France,Valid,11/11/2024,,
Bylvay,ODEVIXIBAT,-,-,NCE,Prescription,PATHEON FRANCE,France,Valid,11/11/2024,,
Bylvay,ODEVIXIBAT,-,-,NCE,Prescription,PATHEON FRANCE,France,Valid,11/11/2024,,
Dupixent 300 mg Solution for injection in pre-filled pen,DUPILUMAB,2,ml,Biological,Prescription,Sanofi aventis Deutschland GmbH,Germany,Valid,6/2/2024,,
Dupixent 200 mg Solution for injection in pre-filled pen,DUPILUMAB,1.14,ml,Biological,Prescription,SANOFI WINTHROP INDUSTRIE,France,Valid,10/29/2024,,
Bastix,BACLOFEN,-,-,Generic,Prescription,Labatec Farmaceutica S.A,Portugal,Valid,5/19/2025,,
Bastix,BACLOFEN,-,-,Generic,Prescription,Labatec Farmaceutica S.A,Portugal,Valid,5/19/2025,,
Zelyssa 18 mg per 3 ml,LIRAGLUTIDE,3,ml,Generic,Prescription,Gland Pharma Limited ,India,Valid,-,,
Evonanz 18 mg per 3 ml,LIRAGLUTIDE,3,ml,Generic,Prescription,Gland Pharma Limited ,India,Valid,-,,
Milorizast 10 mg  - 20 mg - 30 mg starter pack,APREMILAST,-,-,Generic,Prescription,Glenmark Pharmaceuticals Limited - Baddi,India,Valid,7/22/2025,,
Ambiful 250 mg per 5 ml,FULVESTRANT,5,ml,Generic,Prescription,EVER PHARMA JENA GMBH,Germany,Valid,-,,
SUNLENCA,LENACAPAVIR,-,-,NCE,Prescription,ROTTENDORF PHARMA GMBH,Germany,Valid,-,,
SUNLENCA,LENACAPAVIR,-,-,NCE,Prescription,ROTTENDORF PHARMA GMBH,Germany,Valid,6/5/2024,,
SUNLENCA 463.5 mg per 1.5 ml,LENACAPAVIR,1.5,ml,NCE,Prescription,Patheon Italia S.P.A.,Italy,Valid,5/29/2025,,
Racitam,LEVETIRACETAM,150,ml,Generic,Prescription,Hetero Labs Limited Unit – III,India,Valid,-,,
Cymbatex,DULOXETINE,-,-,Generic,Prescription,Eva Pharma for Pharmaceuticals and Medical Appliances,Egypt,Valid,4/30/2025,,
Cymbatex,DULOXETINE,-,-,Generic,Prescription,Eva Pharma for Pharmaceuticals and Medical Appliances,Egypt,Valid,4/30/2025,,
Olmy,OLMESARTAN MEDOXOMIL,-,-,Generic,Prescription,Hetero Labs Limited Unit – V,India,Valid,-,,
Olmy,OLMESARTAN MEDOXOMIL,-,-,Generic,Prescription,Hetero Labs Limited Unit – V,India,Valid,-,,
Vasopressin BOS,VASOPRESSIN,1,ml,Generic,Prescription,Gland Pharma Limited ,India,Valid,-,,
Cryptario,PALBOCICLIB,-,-,Generic,Prescription,Synthon Hispania SL,Spain,Valid,-,,
Cryptario,PALBOCICLIB,-,-,Generic,Prescription,Synthon Hispania SL,Spain,Valid,-,,
Cryptario,PALBOCICLIB,-,-,Generic,Prescription,Synthon Hispania SL,Spain,Valid,-,,
PORENZA,PAZOPANIB HYDROCHLORIDE,-,-,Generic,Prescription,Pharmacare Premium Ltd,Malta,Valid,6/6/2024,,
PORENZA,PAZOPANIB HYDROCHLORIDE,-,-,Generic,Prescription,Pharmacare Premium Ltd,Malta,Valid,6/6/2024,,
Pabrolib,PALBOCICLIB,-,-,Generic,Prescription,"Aizant Drug Research Solutions Pvt.Ltd	",India,Valid,-,,
Pabrolib,PALBOCICLIB,-,-,Generic,Prescription,"Aizant Drug Research Solutions Pvt.Ltd	",India,Valid,-,,
Redunix 100 mg per 20 ml,TREPROSTINIL,20,ml,Generic,Prescription,DR. REDDY,India,Valid,-,,
Redunix 50 mg per 20 ml ,TREPROSTINIL,20,ml,Generic,Prescription,DR. REDDY,India,Valid,-,,
Specrodoce,DOCETAXEL,8,ml,Generic,Prescription,Shilpa Medicare Ltd,India,Valid,1/27/2025,,
Jusprin,ACETYLSALICYLIC ACID,-,-,Generic,Prescription,Gulf Pharmaceutical Industries (Julphar),United Arab Emirates,Valid,9/17/2024,,
Vizarsin,SILDENAFIL,-,-,Generic,Prescription,KRKA dd Novo mesto,Slovenia,Valid,1/12/2025,,
Sogroya 15 mg / 1.5 ml,SOMAPACITAN,1.5,ml,Biological,Prescription,NOVO NORDISK,Denmark,Valid,7/23/2024,,
trolac,KETOROLAC TROMETHAMINE,1,ml,Generic,Prescription,steril gene life sciences LTD,India,Valid,-,,
trolac,KETOROLAC TROMETHAMINE,1,ml,Generic,Prescription,steril gene life sciences LTD,India,Valid,-,,
Famotidine for oral suspension,FAMOTIDINE,50,ml,Generic,Prescription,Apothecon Pharmaceuticals PVT Limited,India,Valid,-,,
Famotidine Amarox,FAMOTIDINE,50,ml,Generic,Prescription,M/s Annora Pharma Private Limited,India,Valid,-,,
Akeega,"NIRAPARIB,ABIRATERONE",-,-,NCE,Prescription,PATHEON,France,Valid,-,,
Akeega,"NIRAPARIB,ABIRATERONE",-,-,NCE,Prescription,PATHEON,France,Valid,-,,
Cuprtin,TRIENTINE HYDROCHLORIDE,-,-,Generic,Prescription,Hetero Labs Limited Unit – III,India,Valid,-,,
Stamagen,ABIRATERONE ACETATE,-,-,Generic,Prescription,DELPHARM LILLE S.A.S.,France,Valid,7/22/2025,,
Pomalidomide BOS,POMALIDOMIDE,-,-,Generic,Prescription,Natco Pharma Limited,India,Valid,7/28/2025,,
Pomalidomide BOS,POMALIDOMIDE,-,-,Generic,Prescription,Natco Pharma Limited,India,Valid,7/28/2025,,
Pomalidomide BOS,POMALIDOMIDE,-,-,Generic,Prescription,Natco Pharma Limited,India,Valid,7/28/2025,,
Pomalidomide BOS,POMALIDOMIDE,-,-,Generic,Prescription,Natco Pharma Limited,India,Valid,7/28/2025,,
Ensutine,BENDAMUSTINE HYDROCHLORIDE,4,ml,Generic,Prescription,DR. REDDY,India,Valid,7/22/2025,,
Teralas,TERIFLUNOMIDE,-,-,Generic,Prescription,Pharmacare Premium Ltd,Malta,Valid,-,,
Sildenafil,SILDENAFIL,112,ml,Generic,Prescription,Novitium Pharma LLC ,United States,Valid,7/28/2024,,
CEVENFACTA,Eptacog beta,-,-,Biological,Prescription,sanofi S.R.L,Italy,Valid,7/3/2024,,
CEVENFACTA,Eptacog beta,-,-,Biological,Prescription,sanofi S.R.L,Italy,Valid,-,,
CEVENFACTA,Eptacog beta,-,-,Biological,Prescription,sanofi S.R.L,Italy,Valid,-,,
Cabozantinib BOS,CABOZANTINIB,-,-,Generic,Prescription,Natco Pharma Limited,India,Valid,10/3/2024,,
Cabozantinib BOS,CABOZANTINIB,-,-,Generic,Prescription,Natco Pharma Limited,India,Valid,-,,
Cabozantinib BOS,CABOZANTINIB,-,-,Generic,Prescription,Natco Pharma Limited,India,Valid,-,,
Tepkinly,Epcoritamab,0.8,ml,Biological,Prescription,VETTER PHARMA,Germany,Valid,11/21/2024,,
Tepkinly,Epcoritamab,0.8,ml,Biological,Prescription,VETTER PHARMA,Germany,Valid,11/21/2024,,
Epiduo Forte,"BENZOYL PEROXIDE,ADAPALENE",30,g,NCE,Prescription,LABORATOIRES GALDERMA,France,Valid,-,,
Influvac Tetra,"A Brisbane 02 2018 H1N1, A Kansas 14 2017 H3N2, B Colorado 06 2017, B Phuket 3073 2013",0.5,ml,Biological,Prescription,ABBOTT BIOLOGICALS,Netherlands,Valid,-,,
Essential D-3,CHOLECALCIFEROL,-,-,Generic,Prescription, ARNET PHARMACEUTICAL CORP,United States,Valid,4/29/2025,,
Essential D-3,CHOLECALCIFEROL,-,-,Generic,Prescription, ARNET PHARMACEUTICAL CORP,United States,Valid,4/29/2025,,
Vizoden,VILAZODONE,-,-,Generic,Prescription,UNITED PHARMACEUTICAL COMPANY,Jordan,Valid,-,,
Vizoden,VILAZODONE,-,-,Generic,Prescription,UNITED PHARMACEUTICAL COMPANY,Jordan,Valid,-,,
Vizoden,VILAZODONE,-,-,Generic,Prescription,UNITED PHARMACEUTICAL COMPANY,Jordan,Valid,-,,
NERLYNX,NERATINIB,-,-,NCE,Prescription,Pierre Fabre Medicament Production,France,Valid,2/3/2025,,
Ultavan,VANCOMYCIN,200,ml,Generic,Prescription,Inforlife S A,Swaziland,Valid,7/22/2025,,
Levogand,LEVOTHYROXINE SODIUM,-,-,Generic,Prescription,Acme Generics LLP,India,Valid,5/8/2025,,
Levogand,LEVOTHYROXINE SODIUM,-,-,Generic,Prescription,Acme Generics LLP,India,Valid,5/8/2025,,
JARDIANCE 10 mg film-coated tablet,EMPAGLIFLOZIN,-,-,NCE,Prescription,BOEHRINGER INGELHEIM,Germany,Valid,11/12/2024,,
JARDIANCE 25 mg film-coated tablet,EMPAGLIFLOZIN,-,-,NCE,Prescription,BOEHRINGER INGELHEIM,Germany,Valid,11/12/2024,,
Docrosa,ROSUVASTATIN,-,-,Generic,Prescription,Macleods Pharmaceuticals Limited,India,Valid,-,,
Docrosa,ROSUVASTATIN,-,-,Generic,Prescription,Macleods Pharmaceuticals Limited,India,Valid,-,,
Docrosa,ROSUVASTATIN,-,-,Generic,Prescription,Macleods Pharmaceuticals Limited,India,Valid,-,,
Docrosa,ROSUVASTATIN,-,-,Generic,Prescription,Macleods Pharmaceuticals Limited,India,Valid,-,,
Bicalutamide Pharmacare,Bicalutamide,-,-,Generic,Prescription,Pharmacare Premium Ltd,Malta,Valid,10/3/2024,,
Azafor,PLERIXAFOR,1.2,ml,Generic,Prescription,Sichuan Huiyu Pharmaceutical Company Limited,China,Valid,-,,
Penmat,PEMETREXED,-,-,Generic,Prescription,Shilpa Medicare Ltd,India,Valid,1/27/2025,,
Elbag,ELTROMBOPAG OLAMINE,-,-,Generic,Prescription,Synthon Hispania SL,Spain,Valid,5/8/2025,,
Elbag,ELTROMBOPAG OLAMINE,-,-,Generic,Prescription,Synthon Hispania SL,Spain,Valid,5/8/2025,,
Aprolin,HYDRALAZINE,-,-,Generic,Prescription,Hetero Labs Limited Unit – III,India,Valid,5/8/2025,,
Aprolin,HYDRALAZINE,-,-,Generic,Prescription,Hetero Labs Limited Unit – III,India,Valid,5/8/2025,,
Methotrexate Venus,METHOTREXATE,5,ml,Generic,Prescription,VENUS REMEDIES LIMITED,India,Valid,-,,
Methotrexate Venus,METHOTREXATE,2,ml,Generic,Prescription,VENUS REMEDIES LIMITED,India,Valid,10/3/2024,,
Rezurock,BELUMOSUDIL MESYLATE,-,-,NCE,Prescription,UPM Pharmaceuticals,United States,Valid,2/17/2025,,
Ultasil,SILDENAFIL,-,-,NCE,Prescription,ALTERGON ITALIA S.r.l,Italy,Valid,7/22/2024,,
Ultasil,SILDENAFIL,-,-,NCE,Prescription,ALTERGON ITALIA S.r.l,Italy,Valid,7/22/2024,,
Ultasil,SILDENAFIL,-,-,NCE,Prescription,ALTERGON ITALIA S.r.l,Italy,Valid,7/22/2024,,
Nuvessa,METRONIDAZOLE,5,g,NCE,Prescription,Laboratories Liconsa SA,Spain,Valid,-,,
Concentia,METHYLPHENIDATE,-,-,Generic,Prescription,Laboratorios Liconsa S.A,Spain,Valid,-,,
Concentia,METHYLPHENIDATE,-,-,Generic,Prescription,Laboratorios Liconsa S.A,Spain,Valid,-,,
Mictonorm XL,PROPIVERINE HYDROCHLORIDE,-,-,NCE,Prescription,LOSAN PHARMA GMBH ,Germany,Valid,7/3/2025,,
Trovapt,TERIFLUNOMIDE,-,-,Generic,Prescription,APOTEX INC. (SIGNET SITE),Canada,Valid,8/7/2024,,
Trisuva,TREPROSTINIL,10,ml,Generic,Prescription,Lyocontract GmbH,Germany,Valid,-,,
Trisuva,TREPROSTINIL,10,mg/ml,Generic,Prescription,Lyocontract GmbH,Germany,Valid,8/7/2024,,
Levogand,LEVOTHYROXINE SODIUM,-,-,Generic,Prescription,Acme Generics LLP,India,Valid,5/8/2025,,
Hyponal,HYOSCINE BUTYLBROMIDE,1,ml,Generic,Prescription,Egyptian International Pharmaceutical Industries Company (EIPICO),Egypt,Valid,-,,
ELZONRIS,TAGRAXOFUSP,1,dose,Biological,Prescription,Alcami Carolinas Corporation,United States,Valid,-,,
Malaquon,"ATOVAQUONE,PROGUNAIL",-,-,Generic,Prescription,Hetero Labs Limited Unit – V,India,Valid,8/8/2024,,
Malaquon,"ATOVAQUONE,PROGUNAIL",-,-,Generic,Prescription,Hetero Labs Limited Unit – V,India,Valid,8/8/2024,,
TACROZ Forte,TACROLIMUS,30,g,Generic,Prescription,Glenmark Pharmaceuticals Limited - Baddi,India,Valid,-,,
Tacroz,TACROLIMUS,30,g,Generic,Prescription,Glenmark Pharmaceuticals Limited - Baddi,India,Valid,-,,
Ligra,LIRAGLUTIDE,3,ml,Biological,Prescription,NOVOCOL,Canada,Valid,-,,
Foscavir,FOSCARNET,250,ml,NCE,Prescription,FRESENIUS KABI,Austria,Valid,-,,
Tulepsy,TOPIRAMATE,-,-,Generic,Prescription,PHARMATHEN INTERNATIONAL,Greece,Valid,8/28/2024,,
Tymlos,ABALOPARATIDE,30,dose,NCE,Prescription,"VETTER PHARMA-FERTIGUNG, GMBH & CO. KG",Germany,Valid,-,,
Mounjaro KwikPen,TIRZEPATIDE,3,ml,NCE,Prescription,Eli Lilly Italia SpA,Italy,Valid,10/9/2024,,
Mounjaro KwikPen,TIRZEPATIDE,3,ml,NCE,Prescription,Eli Lilly Italia SpA,Italy,Valid,10/9/2024,,
Mounjaro KwikPen,TIRZEPATIDE,3,ml,NCE,Prescription,Eli Lilly Italia SpA,Italy,Valid,10/9/2024,,
Mounjaro KwikPen,TIRZEPATIDE,3,ml,NCE,Prescription,Eli Lilly Italia SpA,Italy,Valid,10/9/2024,,
Mounjaro KwikPen,TIRZEPATIDE,3,ml,NCE,Prescription,Eli Lilly Italia SpA,Italy,Valid,10/9/2024,,
Mounjaro KwikPen,TIRZEPATIDE,3,ml,NCE,Prescription,Eli Lilly Italia SpA,Italy,Valid,10/9/2024,,
PLUVICTO,LUTETIUM 177LU VIPIVOTIDE TETRAXETAN,12.5,ml,Radiopharmaceutical,Prescription,Advanced Accelerator Applications,Italy,Valid,-,,
Fludarabine Phosphate Neapolis,FLUDARABINE PHOSPHATE,2,ml,Generic,Prescription,LES LABORATORIES NEAPOLIS PHARMA,Tunisia,Valid,2/2/2025,,
Pabrolib,PALBOCICLIB,-,-,Generic,Prescription,"Aizant Drug Research Solutions Pvt.Ltd	",India,Valid,-,,
Fomepizole Injection,FOMEPIZOLE,1.5,ml,Generic,Prescription,Immacule Lifesciences Private Limited,India,Valid,8/22/2024,,
Rosol,MESALAZINE,-,-,Generic,Prescription,"FAES FARMA, S.A.",Spain,Valid,5/14/2025,,
Specrodoce,DOCETAXEL,2,ml,Generic,Prescription,Shilpa Medicare Ltd,India,Valid,1/27/2025,,
Sprynat,DASATINIB,-,-,Generic,Prescription,PHARMASCIENCE INC.,Canada,Valid,-,,
Sprynat,DASATINIB,-,-,Generic,Prescription,PHARMASCIENCE INC.,Canada,Valid,-,,
Tugatev,TIGECYCLINE,-,-,Generic,Prescription,"Sofarimex Indústria Química e Farmacêutica, S.A.. ",Portugal,Valid,7/22/2025,,
Sprynat,DASATINIB,-,-,Generic,Prescription,PHARMASCIENCE INC.,Canada,Valid,1/8/2025,,
Onivyde pegylated liposomal,IRINOTECAN,10,ml,NCE,Prescription,LES LABORATOIRES SERVIER INDUSTRIE,France,Valid,9/2/2024,,
Vresq,VORICONAZOLE,-,-,Generic,Prescription,Immacule Lifesciences Private Limited,India,Valid,5/8/2025,,
Ortyka,LAPATINIB,-,-,Generic,Prescription,REMEDICA,Cyprus,Valid,-,,
sirolimus,SIROLIMUS,60,ml,Generic,Prescription,Novitium Pharma LLC ,United States,Valid,-,,
Aladin,SILDENAFIL,-,-,Generic,Prescription,NATIONAL PHARMACEUTICAL INDUSTRIES CO,Oman,Valid,-,,
Aladin,SILDENAFIL,-,-,Generic,Prescription,NATIONAL PHARMACEUTICAL INDUSTRIES CO,Oman,Valid,-,,
Lohist,LORATADINE,-,-,Generic,OTC,NATIONAL PHARMACEUTICAL INDUSTRIES CO,Oman,Valid,2/10/2025,,
Peditrace,"ZINC CHLORIDE,SODIUM FLUORIDE,COPPER CHLORIDE,MANGANESE CHLORIDE,POTASSIUM IODIDE,SODIUM SELENITE ANHYDROUS",10,ml,NCE,Prescription,FRESENIUS KABI NORGE AS,Norway,Valid,12/31/2024,,
CANGIN,CASPOFUNGIN ACETATE,-,-,Generic,Prescription,MS Pharma ,Jordan,Valid,2/4/2025,,
CANGIN,CASPOFUNGIN ACETATE,-,-,Generic,Prescription,MS Pharma ,Jordan,Valid,2/4/2025,,
Gavomeg,GANCICLOVIR,-,-,Generic,Prescription,MS Pharma ,Jordan,Valid,2/24/2025,,
ORS,"ANHYDROUS DEXTROSE,TRISODIUM CITRATE ANHYDROUS,POTASSIUM CHLORIDE,SODIUM CHLORIDE",-,-,Generic,OTC,NATIONAL PHARMACEUTICAL INDUSTRIES CO,Oman,Valid,-,,
Potassium Chloride Extended-Release Tablets USP,POTASSIUM CHLORIDE,-,-,Generic,Prescription,Granules Pharmaceuticals Inc,United States,Valid,-,,
Posazox,POSACONAZOLE,-,-,Generic,Prescription,Hetero Labs Limited Unit – III,India,Valid,9/15/2024,,
Uridisitol,TOLTERODINE TARTRATE,-,-,Generic,Prescription,Hetero Labs Limited Unit – V,India,Valid,9/15/2024,,
Mofecon-DR,MYCOPHENOLATE SODIUM,-,-,Generic,Prescription,Concord Biotech LTD,India,Valid,5/8/2025,,
Mofecon-DR,MYCOPHENOLATE SODIUM,-,-,Generic,Prescription,Concord Biotech LTD,India,Valid,5/8/2025,,
"Dopamine Hydrochloride in 5% Dextrose, 1600 mcg/ml",DOPAMINE HYDROCHLORIDE,250,ml,-,Prescription,BAXTER HEALTHCARE CORPORATION,Puerto Rico,Valid,-,,
"Dopamine Hydrochloride in 5% Dextrose, 3200 mcg/ml",DOPAMINE HYDROCHLORIDE,250,ml,NCE,Prescription,BAXTER HEALTHCARE CORPORATION,Puerto Rico,Valid,10/3/2024,,
ROCLANDA,"LATANOPROST,NETARSUDIL MESYLATE",2.5,ml,NCE,Prescription,Aerie Pharmaceuticals Ireland Limited,Ireland,Valid,-,,
Siromune,SIROLIMUS,60,ml,Generic,Prescription,M/s Annora Pharma Private Limited,India,Valid,-,,
Taycan,VANCOMYCIN,5,ml,Generic,Prescription,ANFARM HELLAS S.A,Greece,Valid,-,,
Avores,MOXIFLOXACIN HYDROCHLORIDE,-,-,Generic,Prescription,Jordanian pharmaceutical manufacturing company,Jordan,Valid,1/19/2025,,
Cytomag,GANCICLOVIR,500,mg,Generic,Prescription,"Hainan Poly Pharm. Co., Ltd.",China,Valid,4/14/2025,,
Sapropterin Amarox,SAPROPTERIN,-,-,Generic,Prescription,M/s Annora Pharma Private Limited,India,Valid,10/6/2024,,
Sapropterin Amarox,SAPROPTERIN,-,-,Generic,Prescription,M/s Annora Pharma Private Limited,India,Valid,10/6/2024,,
Sapropterin Amarox,SAPROPTERIN,-,-,Generic,Prescription,M/s Annora Pharma Private Limited,India,Valid,10/6/2024,,
Rufzel,RUFINAMIDE,460,ml,Generic,Prescription,Hetero Labs Limited Unit – III,India,Valid,10/6/2024,,
Gliptus,VILDAGLIPTIN,-,-,Generic,Prescription,Eva Pharma for Pharmaceuticals and Medical Appliances,Egypt,Valid,5/8/2025,,
 Docetaxel BOS,DOCETAXEL,2,ml,Generic,Prescription,Gland Pharma Limited ,India,Valid,-,,
Docetaxel BOS,DOCETAXEL,8,ml,Generic,Prescription,Gland Pharma Limited ,India,Valid,-,,
Erelzi,ETANERCEPT,1,ml,Biological,Prescription,SANDOZ,Austria,Valid,6/18/2025,,
Erelzi,ETANERCEPT,1,ml,Biological,Prescription,SANDOZ,Austria,Valid,6/18/2025,,
Erelzi,ETANERCEPT,0.5,ml,Biological,Prescription,SANDOZ,Austria,Valid,6/18/2025,,
Abiraterone Acetate Neapolis,ABIRATERONE ACETATE,-,-,Generic,Prescription,LES LABORATORIES NEAPOLIS PHARMA,Tunisia,Valid,-,,
Redex,TADALAFIL,-,-,Generic,Prescription,Al-Taqaddom pharmaceutical Industries ,Jordan,Valid,5/8/2025,,
 Mictonorm XL,PROPIVERINE HYDROCHLORIDE,-,-,NCE,Prescription,LOSAN PHARMA GMBH ,Germany,Valid,7/3/2025,,
Ondavell,ONDANSETRON,2,ml,Generic,Prescription,PT. Novell Pharmaceutical Laboratories ,Indonesia,Valid,-,,
Ondavell,ONDANSETRON,4,ml,Generic,Prescription,PT. Novell Pharmaceutical Laboratories ,Indonesia,Valid,-,,
Gripdi,DAPAGLIFLOZIN,-,-,Generic,Prescription,APOTEX INC. (SIGNET SITE),Canada,Valid,-,,
Gripdi,DAPAGLIFLOZIN,-,-,Generic,Prescription,APOTEX INC. (SIGNET SITE),Canada,Valid,-,,
Litfulo,RITLECITINIB,-,-,NCE,Prescription,Pfizer Manufacturing Deutschland GmbH,Germany,Valid,-,,
Atomibe,"ATORVASTATIN CALCIUM,EZETIMIBE",-,-,Generic,Prescription,"Ind Swift Limited	",India,Valid,5/8/2025,,
Atomibe,"ATORVASTATIN CALCIUM,EZETIMIBE",-,-,Generic,Prescription,"Ind Swift Limited	",India,Valid,5/8/2025,,
Atomibe,"ATORVASTATIN CALCIUM,EZETIMIBE",-,-,Generic,Prescription,"Ind Swift Limited	",India,Valid,4/30/2025,,
DASATINIB NEAPOLIS,DASATINIB,-,-,Generic,Prescription,LES LABORATORIES NEAPOLIS PHARMA,Tunisia,Valid,-,,
BEKEMV,ECULIZUMAB,30,ml,Biological,Prescription,AMGEN TECHNOLOGY,Ireland,Valid,-,,
Matroda,METOPROLOL TARTRATE,-,-,Generic,Prescription,DAR ALDAWA,Jordan,Valid,10/17/2024,,
Matroda,METOPROLOL TARTRATE,-,-,Generic,Prescription,DAR ALDAWA,Jordan,Valid,-,,
Panadrex,PARACETAMOL,-,-,Generic,OTC,KUWAIT SAUDI PHARMACEUTICAL INDUSTRIES,Kuwait,Valid,1/16/2025,,
Revestive,TEDUGLUTIDE,-,-,Biological,Prescription,Patheon Italia S.P.A.,Italy,Valid,-,,
Haemocomplettan P,HUMAN FIBRINOGEN,-,-,Biological,Prescription,CSL BEHRING,Germany,Valid,5/8/2025,,
Haemocomplettan P,HUMAN FIBRINOGEN,-,-,Biological,Prescription,CSL BEHRING,Germany,Valid,5/8/2025,,
Bilvardi,BIVALIRUDIN,-,-,Generic,Prescription,"Hainan Poly Pharm. Co., Ltd.",China,Valid,10/17/2024,,
Tavlesse,FOSTAMATINIB DISODIUM HEXAHYDRATE,-,-,NCE,Prescription,PATHEON INC,Canada,Valid,10/17/2024,,
Tavlesse,FOSTAMATINIB DISODIUM HEXAHYDRATE,-,-,NCE,Prescription,PATHEON INC,Canada,Valid,10/17/2024,,
Saventi,"SACUBITRIL,VALSARTAN",-,-,Generic,Prescription,MSN LABORATORIES PRIVATE LIMITED ,India,Valid,11/13/2024,,
Saventi,"SACUBITRIL,VALSARTAN",-,-,Generic,Prescription,MSN LABORATORIES PRIVATE LIMITED ,India,Valid,10/17/2024,,
Saventi,"SACUBITRIL,VALSARTAN",-,-,Generic,Prescription,MSN LABORATORIES PRIVATE LIMITED ,India,Valid,10/17/2024,,
Cetraxal plus,"CIPROFLOXACIN,FLUOCINOLONE ACETONIDE",0.25,ml,NCE,Prescription,"Laboratories SALVAT, S.A",Spain,Valid,10/17/2024,,
Dormidex,DEXMEDETOMIDINE,2,ml,Generic,Prescription,B. BRAUN MEDICAL S.A,Spain,Valid,-,,
Dormidex,DEXMEDETOMIDINE,4,ml,Generic,Prescription,B. BRAUN MEDICAL S.A,Spain,Valid,-,,
Dormidex,DEXMEDETOMIDINE,10,ml,Generic,Prescription,B. BRAUN MEDICAL S.A,Spain,Valid,-,,
Tonall,Nalbuphine,1,ml,Generic,Prescription, Amoun Pharmaceutical Company,Egypt,Valid,-,,
Cimuquit,VARENICLINE,-,-,Generic,Prescription,Lee Pharma,India,Valid,-,,
Cimuquit,VARENICLINE,-,-,Generic,Prescription,Lee Pharma,India,Valid,-,,
Cimuquit,VARENICLINE,-,-,Generic,Prescription,Lee Pharma,India,Valid,-,,
Flamex,CELECOXIB,-,-,Generic,Prescription,Jordan Sweden Medical and Sterilization Co.,Jordan,Valid,6/4/2025,,
Flamex,CELECOXIB,-,-,Generic,Prescription,Jordan Sweden Medical and Sterilization Co.,Jordan,Valid,6/4/2025,,
VECANZOL,VORICONAZOLE,-,-,Generic,Prescription,MS Pharma ,Jordan,Valid,-,,
Monofer,FERRIC DERISOMALTOSE,5,ml,NCE,Prescription,Wasserburger arzneimittel werk GmbH,Germany,Valid,-,,
Timard,TOFACITINIB,-,-,Generic,Prescription,Granules India Limited Unit V,India,Valid,2/3/2025,,
Timard,TOFACITINIB,-,-,Generic,Prescription,Granules India Limited Unit V,India,Valid,-,,
Arthfre,LEFLUNOMIDE,-,-,Generic,Prescription,Eva Pharma for Pharmaceuticals and Medical Appliances,Egypt,Valid,7/6/2025,,
Spasmopan,HYOSCINE BUTYLBROMIDE,-,-,Generic,OTC,The Arab Pharmaceutical Manufacturing PSC Sult,Jordan,Valid,-,,
Baqsimi,GLUCAGON,-,-,NCE,Prescription,ELI LILLY,United States,Valid,-,,
ROVASTIN,ROSUVASTATIN,-,-,Generic,Prescription,Atlantic Pharma ,Portugal,Valid,-,,
ROVASTIN,ROSUVASTATIN,-,-,Generic,Prescription,Atlantic Pharma ,Portugal,Valid,-,,
ROVASTIN,ROSUVASTATIN,-,-,Generic,Prescription,Atlantic Pharma ,Portugal,Valid,-,,
TEOSYAL ULTRA DEEP,HYALURONIC ACID,1.2,ml,Generic,Prescription,TeoxaneSA,Swaziland,Valid,-,,
TEOSYAL ULTIMATE,HYALURONIC ACID,3,ml,Generic,Prescription,TeoxaneSA,Swaziland,Valid,-,,
Evanthia,HYALURONIC ACID,1,ml,Generic,Prescription,IRAIstitutoRicerche Applicate SpA,Italy,Valid,-,,
Evanthia,HYALURONIC ACID,1,ml,Generic,Prescription,IRAIstitutoRicerche Applicate SpA,Italy,Valid,-,,
Evanthia,HYALURONIC ACID,1,ml,Generic,Prescription,IRAIstitutoRicerche Applicate SpA,Italy,Valid,-,,
Auralya,HYALURONIC ACID,1,ml,Generic,Prescription,IRAIstitutoRicerche Applicate SpA,Italy,Valid,-,,
Auralya,HYALURONIC ACID,1,ml,Generic,Prescription,IRAIstitutoRicerche Applicate SpA,Italy,Valid,-,,
Auralya,HYALURONIC ACID,1.5,ml,Generic,Prescription,IRAIstitutoRicerche Applicate SpA,Italy,Valid,-,,
THEALOZ DUO GEL,"TREHALOSE,SODIUM HYALURONATE,CARBOMER",0.4,g,Generic,Prescription,LABORATORIES THEA S.I.S,France,Valid,7/14/2025,,
TEOSYAL KISS,HYALURONIC ACID,1,ml,Generic,Prescription,TeoxaneSA,Swaziland,Valid,-,,
Teosyal PureSense KISS,"HYALURONIC ACID,LIDOCAINE",1,ml,Generic,Prescription,TeoxaneSA,Swaziland,Valid,-,,
TEOSYAL PureSense ULTIMATE,"HYALURONIC ACID,LIDOCAINE",1,ml,Generic,Prescription,TeoxaneSA,Swaziland,Valid,-,,
TEOSYAL PureSence ULTRA DEEP,"HYALURONIC ACID,LIDOCAINE",1.2,ml,Generic,Prescription,TeoxaneSA,Swaziland,Valid,-,,
TEOSYAL PureSense REDENSITY 2,"HYALURONIC ACID,LIDOCAINE",1,ml,Generic,Prescription,TeoxaneSA,Swaziland,Valid,-,,
Pemetrexed EVER Pharma,PEMETREXED,20,ml,Generic,Prescription,EVER PHARMA JENA GMBH,Germany,Valid,-,,
 Pemetrexed EVER Pharma,PEMETREXED,40,ml,Generic,Prescription,EVER PHARMA JENA GMBH,Germany,Valid,-,,
Restomap,ESOMEPRAZOLE MAGNESIUM,-,-,Generic,Prescription,Lee Pharma,India,Valid,-,,
 Oseltamivir PPI,OSELTAMIVIR,-,-,Generic,Prescription,Natco Pharma Limited,India,Valid,-,,
Oseltamivir PPI,OSELTAMIVIR,-,-,Generic,Prescription,Natco Pharma Limited,India,Valid,-,,
Oseltamivir PPI,OSELTAMIVIR,-,-,Generic,Prescription,Natco Pharma Limited,India,Valid,-,,
PROTON IV,PANTOPRAZOLE,-,-,Generic,Prescription,"Sofarimex Indústria Química e Farmacêutica, S.A.. ",Portugal,Valid,-,,
Emopack,OMEPRAZOLE,-,-,Generic,Prescription,"Sofarimex Indústria Química e Farmacêutica, S.A.. ",Portugal,Valid,6/2/2025,,
Levox,LEVOFLOXACIN,100,ml,Generic,Prescription,PHARMATHEN INTERNATIONAL,Greece,Valid,-,,
BOSULIF TABLETS,BOSUTINIB,-,-,NCE,Prescription,Pfizer Manufacturing Deutschland GmbH,Germany,Valid,-,,
BOSULIF TABLETS,BOSUTINIB,-,-,NCE,Prescription,Pfizer Manufacturing Deutschland GmbH,Germany,Valid,-,,
Perinam,"PERINDOPRIL ARGININE,AMLODIPINE BESILATE",-,-,Generic,Prescription,APOTEX RESEARCH PRIVATE LIMITED,India,Valid,-,,
Perinam,"PERINDOPRIL ARGININE,AMLODIPINE BESILATE",-,-,Generic,Prescription,APOTEX RESEARCH PRIVATE LIMITED,India,Valid,-,,
Perinam,"PERINDOPRIL ARGININE,AMLODIPINE BESILATE",-,-,Generic,Prescription,APOTEX RESEARCH PRIVATE LIMITED,India,Valid,-,,
Trulicity,DULAGLUTIDE,0.5,ml,Biological,Prescription,ELI LILLY,Spain,Valid,-,,
Trulicity,DULAGLUTIDE,0.5,ml,Biological,Prescription,ELI LILLY,United States,Valid,-,,
Soliris,ECULIZUMAB,30,ml,Biological,Prescription,Alexion Pharma International Operations Unlimited Company,Ireland,Valid,-,,
Flamotal 600 mg,IBUPROFEN,-,-,Generic,Prescription,Future Pharmaceutical Indistries,Egypt,Valid,12/1/2024,,
Altan,PRUCALOPRIDE,-,-,Generic,Prescription,UNITED PHARMACEUTICAL COMPANY,Jordan,Valid,7/24/2025,,
Altan,PRUCALOPRIDE,-,-,Generic,Prescription,UNITED PHARMACEUTICAL COMPANY,Jordan,Valid,-,,
daroxime,CEFUROXIME AXETIL,-,-,Generic,Prescription,DAR ALDAWA,Jordan,Valid,-,,
Duvalsa,"SACUBITRIL,VALSARTAN",-,-,Generic,Prescription,Synthon Chile LTDA,Chile,Valid,-,,
Duvalsa,"SACUBITRIL,VALSARTAN",-,-,Generic,Prescription,Synthon Chile LTDA,Chile,Valid,-,,
Duvalsa,"SACUBITRIL,VALSARTAN",-,-,Generic,Prescription,Synthon Chile LTDA,Chile,Valid,-,,
Famodine,FAMOTIDINE,2,ml,Generic,Prescription,HIKMA ITALIA SPA,Italy,Valid,-,,
Mictonorm,PROPIVERINE HYDROCHLORIDE,-,-,NCE,Prescription,ROTTENDORF PHARMA GMBH,Germany,Valid,5/19/2025,,
Lotemax,LOTEPREDNOL ETABONATE,5,ml,NCE,Prescription,"Bausch & Lomb, Incorporated",United States,Valid,-,,
Vtreat,VILDAGLIPTIN,-,-,Generic,Prescription,PHARMATHEN INTERNATIONAL,Greece,Valid,-,,
Treprostinil Tillomed,TREPROSTINIL,20,ml,Generic,Prescription,Emcure Pharmaceuticals Ltd. ,India,Valid,-,,
Treprostinil Tillomed,TREPROSTINIL,20,ml,Generic,Prescription,Emcure Pharmaceuticals Ltd. ,India,Valid,-,,
 Treprostinil Tillomed,TREPROSTINIL,20,ml,Generic,Prescription,Emcure Pharmaceuticals Ltd. ,India,Valid,-,,
Vtreat,VILDAGLIPTIN,-,-,Generic,Prescription,PHARMATHEN INTERNATIONAL,Greece,Valid,-,,
 Fluzone High Dose Quadrivalent,INACTIVATED SPLIT INFLUENZA VIRUS,0.7,ml,Biological,Prescription,SANOFI PASTEUR,United States,Valid,-,,
Anastrozole Pharmacare,ANASTROZOLE,-,-,Generic,Prescription,Pharmacare Premium Ltd,Malta,Valid,-,,
Warfarin ZYD,WARFARIN SODIUM,-,-,Generic,Prescription,Zydus Lifesciences Limited,India,Valid,-,,
Warfarin ZYD,WARFARIN SODIUM,-,-,Generic,Prescription,Zydus Lifesciences Limited,India,Valid,-,,
Warfarin ZYD,WARFARIN SODIUM,-,-,Generic,Prescription,Zydus Lifesciences Limited,India,Valid,-,,
Warfarin ZYD,WARFARIN SODIUM,-,-,Generic,Prescription,Zydus Lifesciences Limited,India,Valid,-,,
Warfarin ZYD,WARFARIN SODIUM,-,-,Generic,Prescription,Zydus Lifesciences Limited,India,Valid,-,,
 Warfarin ZYD,WARFARIN SODIUM,-,-,Generic,Prescription,Zydus Lifesciences Limited,India,Valid,-,,
Padcev,ENFORTUMAB,-,-,Biological,Prescription,BAXTER ONCOLOGY GmbH,Germany,Valid,-,,
Padcev,ENFORTUMAB,-,-,Biological,Prescription,BAXTER ONCOLOGY GmbH,Germany,Valid,-,,
Sondelbay,TERIPARATIDE,2.4,ml,Biological,Prescription,INTAS PHARMACEUTICALS LIMITED,India,Valid,-,,
Enrylaze,RECOMBINANT CRISANTASPASE,0.5,ml,Biological,Prescription,Patheon Manufacturing Services LLC ,United States,Valid,-,,
Funzol,FLUCONAZOLE,-,-,Generic,Prescription,The Jordanian Pharmaceutical Manufacturing Medical Equipment Co. Ltd. (JPM),Jordan,Valid,-,,
Retalex,ATRACURIUM BESILATE,2.5,ml,Generic,Prescription,MS Pharma ,Jordan,Valid,-,,
Cefuroxime-Kotra,CEFUROXIME SODIUM,-,-,Generic,Prescription,Kotra Pharma M Sdn Bhd,Malaysia,Valid,-,,
Racad,RACECADOTRIL,-,-,Generic,Prescription,Athena Drug Delivery Solutions Pvt. Ltd,India,Valid,-,,
Racad,RACECADOTRIL,-,-,Generic,Prescription,Athena Drug Delivery Solutions Pvt. Ltd,India,Valid,-,,
Relavers,SUGAMMADEX,2,ml,Generic,Prescription,Immacule Lifesciences Private Limited,India,Valid,-,,
Eranza,ERTAPENEM SODIUM,-,-,Generic,Prescription,ACS Dobfar S.P.A,Italy,Valid,-,,
Voydeya,DANICOPAN,180,        -,NCE,Prescription,Alexion Pharma International Operations Unlimited Company,Ireland,Valid,12/2/2024,,
Voydeya,DANICOPAN,180,        -,NCE,Prescription,Alexion Pharma International Operations Unlimited Company,Ireland,Valid,-,,
Rovanzy,"EFAVIRENZ,EMTRICITABINE,TENOFOVIR DISOPROXIL",-,-,NCE,Prescription,Macleods Pharmaceuticals Limited,India,Valid,-,,
Lyumjev Tempo Pen,INSULIN LISPRO,3,ml,Biological,Prescription,ELI LILLY,United States,Valid,-,,
Parlotin,PAROXETINE,-,-,Generic,Prescription,"BLUEPHARMA INDUSTRIA FARMACEUTICA, S.A",Portugal,Valid,-,,
Laperto,"LOPINAVIR,RITONAVIR",-,-,Generic,Prescription,Macleods Pharmaceuticals Limited,India,Valid,-,,
Sayen,TADALAFIL,-,-,NCE,Prescription,E-Pharma Trento SpA,Italy,Valid,-,,
AMOCLAN,"CLAVULANIC ACID,AMOXICILLIN",-,-,Generic,Prescription,LABORATORIO REIG JOFRE,Spain,Valid,-,,
CRONOXAM PLUS,"SITAGLIPTIN HYDROCHLORIDE,METFORMIN HYDROCHLORIDE",-,-,Generic,Prescription,PHARMACEUTICAL WORKS POLPHARMA S.A.,Poland,Valid,-,,
CRONOXAM PLUS,"SITAGLIPTIN HYDROCHLORIDE,METFORMIN HYDROCHLORIDE",-,-,Generic,Prescription,PHARMACEUTICAL WORKS POLPHARMA S.A.,Poland,Valid,-,,
Gemcitabine Neapolis,GEMCITABINE,-,-,Generic,Prescription,LES LABORATORIES NEAPOLIS PHARMA,Tunisia,Valid,-,,
Bicalutamide Pharmacare,Bicalutamide,-,-,Generic,Prescription,Pharmacare Premium Ltd,Malta,Valid,-,,
Selenium Aguettant,SODIUM SELENITE ANHYDROUS,10,ml,NCE,Prescription,LABORATOIRE AGUETTANT,France,Valid,-,,
ADOL 500 MG CAPLET,PARACETAMOL,-,-,Generic,OTC,Gulf Pharmaceutical Industries (Julphar),United Arab Emirates,Valid,-,,
ADOL 500 MG CAPLET,PARACETAMOL,-,-,Generic,OTC,Gulf Pharmaceutical Industries (Julphar),United Arab Emirates,Valid,-,,
Sodium Nitroprusside,SODIUM NITROPRUSSIDE,2,ml,Generic,Prescription,"Hainan Poly Pharm. Co., Ltd.",China,Valid,-,,
Casgevy,Exagamglogene Autotemcel,20,ml,Biological,Prescription,Charles River Laboratories Inc,United States,Valid,6/22/2025,,
Capitan,ISOTRETINOIN,-,-,Generic,Prescription,GAP SA PHARMACEUTICAL,Greece,Valid,-,,
Capitan,ISOTRETINOIN,-,-,Generic,Prescription,GAP SA PHARMACEUTICAL,Greece,Valid,-,,
Caffate,CAFFEINE CITRATE,3,ml,Generic,Prescription,MS Pharma ,Jordan,Valid,-,,
Octreotide BOS,OCTREOTIDE ACETATE,1,ml,Generic,Prescription,Gland Pharma Limited ,India,Valid,-,,
Fibryga,HUMAN FIBRINOGEN,50,ml,Biological,Prescription,Octapharma Pharmazeutika Produktionsges.m.b.h,Austria,Valid,3/18/2025,,
Evox,LEVOFLOXACIN,-,-,Generic,Prescription,Jordan Sweden Medical and Sterilization Co.,Jordan,Valid,6/4/2025,,
Xadago,SAFINAMIDE,-,-,NCE,Prescription,Zambon SpA,Italy,Valid,-,,
VYZULTA,LATANOPROSTENE BUNOD,5,ml,NCE,Prescription,"Bausch & Lomb, Incorporated",United States,Valid,-,,
Ambracy,AMBRISENTAN,-,-,Generic,Prescription,MSN LABORATORIES PRIVATE LIMITED ,India,Valid,-,,
Enzular,ENZALUTAMIDE,-,-,Generic,Prescription,Cipla Limited ,India,Valid,-,,
Ambracy,AMBRISENTAN,-,-,Generic,Prescription,MSN LABORATORIES PRIVATE LIMITED ,India,Valid,-,,
Antagra,LEVETIRACETAM,-,-,Generic,Prescription,UNITED PHARMACEUTICAL COMPANY,Jordan,Valid,-,,
Antagra,LEVETIRACETAM,-,-,Generic,Prescription,UNITED PHARMACEUTICAL COMPANY,Jordan,Valid,-,,
Ravac,Rabies Vaccine Inactivated,-,-,Biological,Prescription,Serum Institute,India,Valid,-,,
Sugmastad,SUGAMMADEX,2,ml,Generic,Prescription,Hemofarm AD Vrsac ,Serbia,Valid,-,,
Sugmastad,SUGAMMADEX,5,ml,Generic,Prescription,Hemofarm AD Vrsac ,Serbia,Valid,-,,
Domassel,TICAGRELOR,-,-,Generic,Prescription,DR. REDDY,India,Valid,-,,
Comirnaty JN.1,BNT162b2 Omicron XBB.1.5 mRNA,0.48,ml,Biological,Prescription,Pfizer Manufacturing Belgium N.V.,Belgium,Valid,5/8/2025,,
Comirnaty JN.1,BNT162b2 Omicron XBB.1.5 mRNA,0.48,ml,Biological,Prescription,Pfizer Manufacturing Belgium N.V.,Belgium,Valid,5/8/2025,,
Irinotecan BOS,IRINOTECAN,5,ml,Generic,Prescription,Gland Pharma Limited ,India,Valid,-,,
Restomap,ESOMEPRAZOLE,-,-,Generic,Prescription,Lee Pharma,India,Valid,-,,
XIFAXAN,RIFAXIMIN,-,-,NCE,Prescription,Alfasigma S.p.A,Italy,Valid,-,,
ETOPOSIDE-VENUS,ETOPOSIDE,5,ml,Generic,Prescription,VENUS REMEDIES LIMITED,India,Valid,-,,
Wegovy,SEMAGLUTIDE,4,dose,Biological,Prescription,NOVO NORDISK,Denmark,Valid,-,,
Wegovy,SEMAGLUTIDE,4,dose,Biological,Prescription,NOVO NORDISK,Denmark,Valid,-,,
Wegovy,SEMAGLUTIDE,4,dose,Biological,Prescription,NOVO NORDISK,Denmark,Valid,-,,
Wegovy,SEMAGLUTIDE,4,dose,Biological,Prescription,NOVO NORDISK,Denmark,Valid,-,,
Wegovy,SEMAGLUTIDE,4,dose,Biological,Prescription,NOVO NORDISK,Denmark,Valid,-,,
SACVALY,"SACUBITRIL,VALSARTAN",-,-,Generic,Prescription,Hetero Labs Limited Unit – III,India,Valid,3/4/2025,,
SACVALY,"SACUBITRIL,VALSARTAN",-,-,Generic,Prescription,Hetero Labs Limited Unit – III,India,Valid,3/4/2025,,
SACVALY,"SACUBITRIL,VALSARTAN",-,-,Generic,Prescription,Hetero Labs Limited Unit – III,India,Valid,3/4/2025,,
Flamotal 600 mg,IBUPROFEN,-,-,Generic,Prescription,Future Pharmaceutical Indistries,Egypt,Valid,5/8/2025,,
DAYVIGO,LEMBOREXANT,-,-,NCE,Prescription,EISAI MANUFACTURING LIMITED,United Kingdom,Valid,-,,
DAYVIGO,LEMBOREXANT,-,-,NCE,Prescription,EISAI MANUFACTURING LIMITED,United Kingdom,Valid,-,,
Ryzodeg FlexPen,"INSULIN ASPART, INSULIN DEGLUDEC",3,ml,Biological,Prescription,NOVO NORDISK,Denmark,Valid,-,,
Norditropin FlexPro,SOMATROPIN,1.5,ml,Biological,Prescription,NOVO NORDISK,Denmark,Valid,-,,
Norditropin FlexPro,SOMATROPIN,1.5,ml,Biological,Prescription,NOVO NORDISK,Denmark,Valid,-,,
Norditropin FlexPro,SOMATROPIN,1.5,ml,Biological,Prescription,NOVO NORDISK,Denmark,Valid,-,,
Tresiba FlexPen,INSULIN DEGLUDEC,3,ml,Biological,Prescription,NOVO NORDISK PRODUCTION S.A.S,France,Valid,-,,
Movapo,APOMORPHINE,3,ml,NCE,Prescription,CP PHARMACEUTICAL LIMITED,United Kingdom,Valid,-,,
Meteospasmyl,"ALVERINE CITRATE,SIMETICONE",-,-,NCE,Prescription,LABORATOIRES GALÉNIQUE VERNIN,France,Valid,5/8/2025,,
Trelegy Ellipta,"FLUTICASONE FUROATE, UMECLIDINIUM BROMIDE, VILANTEROL TRIFENATATE",30,dose,NCE,Prescription,Glaxo Operations UK Limited ,United Kingdom,Valid,5/4/2025,,
Acetazolamide,ACETAZOLAMIDE,-,-,Generic,Prescription,REMEDICA,Cyprus,Valid,7/3/2025,,
skyclarys,OMAVELOXOLONE,-,-,NCE,Prescription,Patheon Pharmaceuticals Inc. ,United States,Valid,4/29/2025,,
jodaxed,PEMETREXED,-,-,Generic,Prescription,Jodas Expoim Pvt Ltd,India,Valid,-,,
Aubomide,TERIFLUNOMIDE,-,-,Generic,Prescription,AET Laboratories Pvt. Ltd.,India,Valid,-,,
Capgin,CASPOFUNGIN ACETATE,-,-,Generic,Prescription,MSN LABORATORIES PRIVATE LIMITED ,India,Valid,-,,
Capgin,CASPOFUNGIN ACETATE,-,-,Generic,Prescription,MSN LABORATORIES PRIVATE LIMITED ,India,Valid,-,,
Oxintel,TAMSULOSIN HYDROCHLORIDE,-,-,Generic,Prescription,Macleods Pharmaceuticals Limited,India,Valid,-,,
SITALIX,SITAGLIPTIN HYDROCHLORIDE,-,-,Generic,Prescription,PHARMACEUTICAL WORKS POLPHARMA S.A.,Poland,Valid,-,,
Tofaci,TOFACITINIB,-,-,Generic,Prescription,M/s Annora Pharma Private Limited,India,Valid,-,,
Tofaci,TOFACITINIB,-,-,Generic,Prescription,M/s Annora Pharma Private Limited,India,Valid,-,,
Lexipia,SELEXIPAG,-,-,Generic,Prescription,MSN LABORATORIES PRIVATE LIMITED ,India,Valid,-,,
Lexipia,SELEXIPAG,-,-,Generic,Prescription,MSN LABORATORIES PRIVATE LIMITED ,India,Valid,-,,
baclocan,BACLOFEN,-,-,Generic,Prescription,PHARMASCIENCE INC.,Canada,Valid,-,,
Nilo,NILOTINIB,-,-,Generic,Prescription,Hetero Labs Limited Unit – V,India,Valid,-,,
Nilo,NILOTINIB,-,-,Generic,Prescription,Hetero Labs Limited Unit – V,India,Valid,-,,
Plasma-Lyte 148 (pH 7.4) and Glucose 5% w/v,"SODIUM CHLORIDE,POTASSIUM CHLORIDE,MAGNESIUM CHLORIDE HEXAHYDRATE,SODIUM ACETATE TRIHYDRATE,SODIUM GLUCONATE,GLUCOSE MONOHYDRATE",500,ml,Generic,Prescription,Bieffe Medital S.A,Spain,Valid,-,,
Polygynax,"NEOMYCIN SULFATE,POLYMYXIN B,NYSTATIN",-,-,NCE,Prescription,CATALENT,France,Valid,-,,
Cotrax,CARBETOCIN,1,ml,Generic,Prescription,PharmIdea SIA,Latvia,Valid,-,,
Alatript,AMITRIPTYLINE HYDROCHLORIDE,-,-,Generic,Prescription,Hetero Labs Limited Unit – V,India,Valid,3/4/2025,,
Alatript,AMITRIPTYLINE HYDROCHLORIDE,-,-,Generic,Prescription,Hetero Labs Limited Unit – V,India,Valid,3/4/2025,,
Alatript,AMITRIPTYLINE HYDROCHLORIDE,-,-,Generic,Prescription,Hetero Labs Limited Unit – V,India,Valid,3/4/2025,,
Lexipia,SELEXIPAG,-,-,Generic,Prescription,MSN LABORATORIES PRIVATE LIMITED ,India,Valid,-,,
Brevie,BRIVARACETAM,-,-,Generic,Prescription,MSN LABORATORIES PRIVATE LIMITED ,India,Valid,-,,
 Brevie,BRIVARACETAM,-,-,Generic,Prescription,MSN LABORATORIES PRIVATE LIMITED ,India,Valid,-,,
Speranta,NERATINIB,-,-,Generic,Prescription,THE ARAB PHARMACEUTICAL MANUFACTURING PSC,Jordan,Valid,-,,
Vumerity,Diroximel fumarate ,-,-,NCE,Prescription,CORDEN PHARMA FRIBOURG AG,Switzerland,Valid,3/11/2025,,
Elrexfio,Elranatamab,1.1,ml,Biological,Prescription,PHARMACIA UPJOHN,United States,Valid,-,,
Elrexfio,Elranatamab,1.9,ml,Biological,Prescription,PHARMACIA UPJOHN,United States,Valid,3/11/2025,,
Bloka,OMEPRAZOLE,-,-,Generic,Prescription,ANFARM HELLAS S.A,Greece,Valid,4/29/2025,,
Abilify Asimtufii,ARIPIPRAZOLE,3.2,ml,NCE,Prescription,"OTSUKA PHARMACEUTICAL CO., LTD",Japan,Valid,6/18/2025,,
Paricalcitol Spectro,PARICALCITOL,1,ml,Generic,Prescription,PHARMATHEN INTERNATIONAL,Greece,Valid,-,,
Filozad,CARFILZOMIB,-,-,Generic,Prescription,Eugia Pharma Specialties Limited,India,Valid,-,,
 Rezzayo,"	Rezafungin acetate",-,-,NCE,Prescription,Patheon Italia S.P.A.,Italy,Valid,-,,
Hemgenix,Etranacogene dezaparvovec ,10,ml,Biological,Prescription,UniQure,United States,Valid,-,,
Salofalk,MESALAZINE,-,-,NCE,Prescription,LOSAN PHARMA GMBH ,Germany,Valid,-,,
Salofalk,MESALAZINE,-,-,NCE,Prescription,LOSAN PHARMA GMBH ,Germany,Valid,-,,
Salofalk,MESALAZINE,-,-,NCE,Prescription,LOSAN PHARMA GMBH ,Germany,Valid,-,,
Salofalk,MESALAZINE,-,-,NCE,Prescription,LOSAN PHARMA GMBH ,Germany,Valid,-,,
Diclopid,DICLOFENAC POTASSIUM,-,-,Generic,Prescription,NATIONAL PHARMACEUTICAL INDUSTRIES CO,Oman,Valid,-,,
Omace,LISINOPRIL,-,-,Generic,Prescription,NATIONAL PHARMACEUTICAL INDUSTRIES CO,Oman,Valid,-,,
Omace,LISINOPRIL,-,-,Generic,Prescription,NATIONAL PHARMACEUTICAL INDUSTRIES CO,Oman,Valid,-,,
Omace,LISINOPRIL,-,-,Generic,Prescription,NATIONAL PHARMACEUTICAL INDUSTRIES CO,Oman,Valid,-,,
Mycophenolate Mofetil Marcan,MYCOPHENOLATE MOFETIL,175,ml,Generic,Prescription,Emcure Pharmaceuticals Ltd. ,India,Valid,-,,
Soluvit N,"BIOTIN,CYANOCOBALAMIN,FOLIC ACID,NICOTINAMIDE,PYRIDOXINE (VITAMIN B6),RIBOFLAVIN,SODIUM ASCORBATE,SODIUM PANTOTHENATE,THIAMINE",-,-,NCE,Prescription,Fresenius Kabi SSPC,China,Valid,5/7/2025,,
Motilone,DOMPERIDONE,-,-,Generic,Prescription,NATIONAL PHARMACEUTICAL INDUSTRIES CO,Oman,Valid,-,,
Paclitaxel Kabi,PACLITAXEL,5,ml,Generic,Prescription,Fresenius Kabi Oncology Ltd,India,Valid,5/7/2025,,
Paclitaxel Kabi,PACLITAXEL,16.7,ml,Generic,Prescription,Fresenius Kabi Oncology Ltd,India,Valid,5/7/2025,,
Paclitaxel Kabi,PACLITAXEL,25,ml,Generic,Prescription,Fresenius Kabi Oncology Ltd,India,Valid,5/7/2025,,
Paclitaxel Kabi,PACLITAXEL,43.4,ml,Generic,Prescription,Fresenius Kabi Oncology Ltd,India,Valid,5/7/2025,,
Paclitaxel Kabi,PACLITAXEL,50,ml,Generic,Prescription,Fresenius Kabi Oncology Ltd,India,Valid,5/7/2025,,
Imjudo,TREMELIMUMAB,15,ml,Biological,Prescription,Vetter Pharma-Fertigung GmbH & Co.KG,Germany,Valid,-,,
Yuflyma,ADALIMUMAB,-,-,Biological,Prescription,CELLTRION INC,KOREA,Valid,-,,
Taycan,VANCOMYCIN,-,-,Generic,Prescription,ANFARM HELLAS S.A,Greece,Valid,3/20/2025,,
Plasma-Lyte 148 (pH 7.4) and Glucose 5% w/v,"SODIUM CHLORIDE,POTASSIUM CHLORIDE,MAGNESIUM CHLORIDE HEXAHYDRATE,SODIUM ACETATE TRIHYDRATE,SODIUM GLUCONATE,GLUCOSE MONOHYDRATE",1000,ml,Generic,Prescription,Bieffe Medital S.A,Spain,Valid,-,,
Dexrofex,DEFERASIROX,-,-,Generic,Prescription,M/s Annora Pharma Private Limited,India,Valid,3/20/2025,,
Dexrofex,DEFERASIROX,-,-,Generic,Prescription,M/s Annora Pharma Private Limited,India,Valid,-,,
Dexrofex,DEFERASIROX,-,-,Generic,Prescription,M/s Annora Pharma Private Limited,India,Valid,-,,
MOVAPO,APOMORPHINE,20,ml,NCE,Prescription,Hemofarm AD Vrsac ,Serbia,Valid,-,,
Clodreb,CLADRIBINE,-,-,Generic,Prescription,THE ARAB PHARMACEUTICAL MANUFACTURING PSC,Jordan,Valid,-,,
Clodreb,CLADRIBINE,-,-,-,Prescription,THE ARAB PHARMACEUTICAL MANUFACTURING PSC,Jordan,Valid,-,,
Clodreb,CLADRIBINE,-,-,Generic,Prescription,THE ARAB PHARMACEUTICAL MANUFACTURING PSC,Jordan,Valid,-,,
Olaparib BOS,OLAPARIB,-,-,Generic,Prescription,Natco Pharma Limited,India,Valid,3/20/2025,,
Fluxetyl,FLUOXETINE,70,ml,-,Prescription,SyriMed,United Kingdom,Valid,-,,
Omacillin,AMOXICILLIN,-,-,Generic,Prescription,NATIONAL PHARMACEUTICAL INDUSTRIES CO,Oman,Valid,-,,
Dunarez,DARUNAVIR,-,-,Generic,Prescription,MSN LABORATORIES PRIVATE LIMITED ,India,Valid,-,,
Dunarez,DARUNAVIR,-,-,Generic,Prescription,MSN LABORATORIES PRIVATE LIMITED ,India,Valid,-,,
Sugammadex Kabi,SUGAMMADEX,2,ml,Generic,Prescription,"Labesfal Laboratorios Almiro S.A., Fresenius Kabi Group",Portugal,Valid,-,,
Sugammadex Kabi,SUGAMMADEX,5,ml,Generic,Prescription,"Labesfal Laboratorios Almiro S.A., Fresenius Kabi Group",Portugal,Valid,-,,
Gupisone,PREDNISOLONE,-,-,Generic,Prescription,GULF PHARMACEUTICAL INDUSTIRES- JULPHAR,United Arab Emirates,Valid,-,,
Xadago,SAFINAMIDE,-,-,NCE,Prescription,Zambon SpA,Italy,Valid,-,,
 Plasma-Lyte 148 (pH 7.4),"SODIUM CHLORIDE,POTASSIUM CHLORIDE,MAGNESIUM CHLORIDE HEXAHYDRATE,SODIUM ACETATE TRIHYDRATE,SODIUM GLUCONATE",500,ml,Generic,Prescription,Bieffe Medital S.A,Spain,Valid,3/24/2025,,
 Plasma-Lyte 148 (pH 7.4),"SODIUM CHLORIDE,POTASSIUM CHLORIDE,MAGNESIUM CHLORIDE HEXAHYDRATE,SODIUM ACETATE TRIHYDRATE,SODIUM GLUCONATE",1000,ml,Generic,Prescription,-,-,Valid,3/24/2025,,
Gabanet,GABAPENTIN,-,-,Generic,Prescription,The Jordanian Pharmaceutical Manufacturing Medical Equipment Co. Ltd. (JPM),Jordan,Valid,-,,
Gabanet,GABAPENTIN,-,-,Generic,Prescription,The Jordanian Pharmaceutical Manufacturing Medical Equipment Co. Ltd. (JPM),Jordan,Valid,-,,
Oxytocin EVER Pharma,OXYTOCIN,1,ml,Generic,Prescription,EVER PHARMA JENA GMBH,Germany,Valid,-,,
Donfer,PIRFENIDONE,-,-,Generic,Prescription,Recipharm Pharma Services Limited,India,Valid,-,,
Donfer,PIRFENIDONE,-,-,Generic,Prescription,Recipharm Pharma Services Limited,India,Valid,-,,
Sitaglu,SITAGLIPTIN HYDROCHLORIDE,-,-,Generic,Prescription,DR. REDDY,India,Valid,-,,
Sitaglu,SITAGLIPTIN HYDROCHLORIDE,-,-,Generic,Prescription,DR. REDDY,India,Valid,-,,
Sitaglu,SITAGLIPTIN HYDROCHLORIDE,-,-,Generic,Prescription,DR. REDDY,India,Valid,-,,
Quillivant XR,METHYLPHENIDATE,-,-,-,Prescription,"Tris Pharma, Inc",United States,Valid,3/26/2025,,
Quillivant XR,METHYLPHENIDATE,-,-,Generic,Prescription,"Tris Pharma, Inc",United States,Valid,-,,
Quillivant XR,METHYLPHENIDATE,-,-,Generic,Prescription,"Tris Pharma, Inc",United States,Valid,3/26/2025,,
Bindolent,BENDAMUSTINE HYDROCHLORIDE,-,-,Generic,Prescription,Sichuan Huiyu Pharmaceutical Company Limited,China,Valid,-,,
Bindolent,BENDAMUSTINE HYDROCHLORIDE,-,-,Generic,Prescription,Sichuan Huiyu Pharmaceutical Company Limited,China,Valid,-,,
Senso,LIDOCAINE,-,-,Generic,Prescription,Teh Seng Pharmaceutical Mfg. Co,China,Valid,-,,
Epirelefan,TRIAMCINOLONE ACETONIDE,1,ml,Generic,Prescription,EIPICO,Egypt,Valid,-,,
Hydralazine Sciegen,HYDRALAZINE,-,-,Generic,Prescription,"ScieGen Pharmaceuticals, Inc",United States,Valid,-,,
Hydralazine Sciegen,HYDRALAZINE,-,-,Generic,Prescription,"ScieGen Pharmaceuticals, Inc",United States,Valid,-,,
Cisatracurium BOS,CISATRACURIUM,10,ml,Generic,Prescription,Gland Pharma Limited ,India,Valid,-,,
 Tzield,Teplizumab ,2,ml,Biological,Prescription,AJINOMOTO ALTHEA INCORPORATED,United States,Valid,-,,
Ebglyss,Lebrikizumab,2,ml,Biological,Prescription,"Eli Lilly and Company, Clinton Laboratories",United States,Valid,-,,
Amvuttra,Vutrisiran,0.5,ml,NCE,Prescription,Vetter Pharma-Fertigung GmbH & Co.KG,Germany,Valid,-,,
Imjudo,TREMELIMUMAB,1.25,ml,Biological,Prescription,"VETTER PHARMA-FERTIGUNG, GMBH & CO. KG",Germany,Valid,-,,
Ocuotan Plus,"LATANOPROST,TIMOLOL",2.5,ml,Generic,Prescription,RAFARM S.A,Greece,Valid,-,,
Sefarix,CEFDINIR,-,-,Generic,Prescription,Pharma International Co.,Jordan,Valid,-,,
Erleada,APALUTAMIDE,-,-,NCE,Prescription,JANSSEN PHARMACEUTICA N.V.,Belgium,Valid,-,,
Metoject,METHOTREXATE,0.15,ml,NCE,Prescription,ONCOTEC PHARMA PRODUCTION GmbH,Germany,Valid,4/20/2025,,
Metoject,METHOTREXATE,0.25,ml,NCE,Prescription,ONCOTEC PHARMA PRODUCTION GmbH,Germany,Valid,-,,
Arsenic Trioxide,ARSENIC TRIOXIDE,-,-,Generic,Prescription,HAUPT PHARMA WOLFRATSHAUSEN GMBH,Germany,Valid,-,,
Falofil ,TADALAFIL,-,-,Generic,Prescription,Ajanta Pharma Limited,India,Valid,5/7/2025,,
Imuldosa,USTEKINUMAB,0.5,ml,Biological,Prescription,"STgen Bio Co., Ltd.",South Korea,Valid,-,,
Imuldosa,USTEKINUMAB,1,ml,Biological,Prescription,"STgen Bio Co., Ltd.",South Korea,Valid,-,,
Columvi,Glofitamab,2.5,ml,Biological,Prescription,"Genentech, Inc",United States,Valid,4/23/2025,,
Columvi,Glofitamab,10,ml,Biological,Prescription,"Genentech, Inc",United States,Valid,-,,
Tremfya,GUSELKUMAB,20,ml,Biological,Prescription,"Cilag AG, Schaffhausen, Switzerland",Switzerland,Valid,-,,
Tremfya,GUSELKUMAB,2,ml,Biological,Prescription,"Cilag AG, Schaffhausen, Switzerland",Switzerland,Valid,5/18/2025,,
 Spikevax XBB,ANDUSOMERAN,0.5,ml,Biological,Prescription,Rovi Pharma Industrial Service,Spain,Conditional Approval,-,,
Spikevax XBB,ANDUSOMERAN,2.5,ml,Biological,Prescription,Rovi Pharma Industrial Service,Spain,Conditional Approval,-,,
Spikevax JN1 50 Micrograms dispersion for injection in pre filled syringe,ANDUSOMERAN,0.5,ml,Biological,Prescription,Rovi Pharma Industrial Service,Spain,Conditional Approval,-,,
Verotec,BETAHISTINE DIHYDROCHLORIDE,-,-,Generic,Prescription,Jordanian pharmaceutical manufacturing company,Jordan,Valid,-,,
Verotec,BETAHISTINE DIHYDROCHLORIDE,-,-,Generic,Prescription,Jordanian pharmaceutical manufacturing company,Jordan,Valid,-,,
Talvey,TALQUETAMAB,1.5,ml,Biological,Prescription,Patheon Manufacturing Services LLC ,United States,Valid,-,,
Talvey,TALQUETAMAB,1,ml,Biological,Prescription,Patheon Manufacturing Services LLC ,United States,Valid,-,,
Winrevair,SOTATERCEPT,-,-,Biological,Prescription,Patheon Italia S.P.A.,Italy,Valid,-,,
Winrevair,SOTATERCEPT,-,-,Biological,Prescription,Patheon Italia S.P.A.,Italy,Valid,-,,
Truqap,Capivasertib,-,-,NCE,Prescription,AstraZeneca AB,Sweden,Valid,-,,
Truqap,Capivasertib,-,-,NCE,Prescription,AstraZeneca AB,Sweden,Valid,5/6/2025,,
Promazi,Chlorpromazine Hydrochloride ,-,-,Generic,Prescription,M/s Annora Pharma Private Limited,India,Valid,5/6/2025,,
Zercepac,Trastuzumab,-,-,Biological,Prescription,Shanghai Henlius Biopharmaceutical Co Ltd,China,Valid,-,,
Nucala,MEPOLIZUMAB,0.4,ml,Biological,Prescription,Glaxo Operations UK Ltd ,United Kingdom,Valid,-,,
Acura,Bevacizumab,4,ml,Biological,Prescription,UNIVERSAL FARMA SL,Spain,Valid,-,,
Acura,Bevacizumab,16,ml,Biological,Prescription,UNIVERSAL FARMA SL,Spain,Valid,-,,
Docetere,DOCETAXEL,4,ml,Generic,Prescription,Hetero Labs Limited Unit – V,India,Valid,-,,
Docetere,DOCETAXEL,8,ml,Generic,Prescription,Hetero Labs Limited Unit – V,India,Valid,-,,
Betaten,ATENOLOL,-,-,Generic,Prescription,NATIONAL PHARMACEUTICAL INDUSTRIES CO,Oman,Valid,-,,
Betaten,ATENOLOL,-,-,Generic,Prescription,NATIONAL PHARMACEUTICAL INDUSTRIES CO,Oman,Valid,-,,
Pafinur,RUPATADINE FUMARATE,120,ml,NCE,Prescription,ITALFARMACO SA,Spain,Valid,8/3/2025,,
 Risek Plus,"OMEPRAZOLE,SODIUM BICARBONATE",-,-,Generic,Prescription,Gulf Pharmaceutical Industries (Julphar),United Arab Emirates,Valid,-,,
Rufzel,RUFINAMIDE,-,-,Generic,Prescription,Hetero Labs Limited Unit – III,India,Valid,-,,
Rufzel,RUFINAMIDE,-,-,Generic,Prescription,Hetero Labs Limited Unit – III,India,Valid,-,,
Pinolanz,OLANZAPINE,-,-,Generic,Prescription,ASPIRO PHARMA LIMITED,India,Valid,-,,
Amiroic,AMINOCAPROIC ACID,236.5,ml,Generic,Prescription,M/s Annora Pharma Private Limited,India,Valid,-,,
Promazi,Chlorpromazine Hydrochloride ,-,-,Generic,Prescription,M/s Annora Pharma Private Limited,India,Valid,-,,
Itranox,ITRACONAZOLE,-,-,Generic,Prescription,M/s Annora Pharma Private Limited,India,Valid,-,,
Sildenafil Amarox,SILDENAFIL,1,ml,Generic,Prescription,Hetero Labs Limited Unit – V,India,Valid,-,,
 Tadalafil SPI,TADALAFIL,-,-,Generic,Prescription,Jubilant Generics Limited,India,Valid,-,,
Tadalafil SPI,TADALAFIL,-,-,Generic,Prescription,Jubilant Generics Limited,India,Valid,-,,
Toxefro,DEFERASIROX,-,-,Generic,Prescription,UNITED PHARMACEUTICAL COMPANY,Jordan,Valid,-,,
Toxefro,DEFERASIROX,-,-,Generic,Prescription,UNITED PHARMACEUTICAL COMPANY,Jordan,Valid,-,,
Promazi,Chlorpromazine Hydrochloride ,2,ml,Generic,Prescription,ASPIRO PHARMA LIMITED,India,Valid,5/13/2025,,
Tagbro,TICAGRELOR,-,-,Generic,Prescription,UNITED PHARMACEUTICAL COMPANY,Jordan,Valid,-,,
Tyruko,NATALIZUMAB,15,ml,Biological,Prescription,Patheon Italia S.P.A.,Italy,Valid,-,,
 Carfilzomib BOS,CARFILZOMIB,-,-,Generic,Prescription,Natco Pharma Limited,India,Valid,-,,
Carfilzomib BOS,CARFILZOMIB,-,-,Generic,Prescription,Natco Pharma Limited,India,Valid,5/13/2025,,
Carfilzomib BOS,CARFILZOMIB,-,-,Generic,Prescription,Natco Pharma Limited,India,Valid,-,,
 Varenya,DESVENLAFAXINE SUCCINATE,-,-,Generic,Prescription,Zydus Lifesciences Limited,India,Valid,-,,
 Varenya,DESVENLAFAXINE SUCCINATE,-,-,Generic,Prescription,Zydus Lifesciences Limited,India,Valid,-,,
Inveris,PALIPERIDONE,2.25,ml,Generic,Prescription,PHARMASCIENCE INC.,Canada,Valid,-,,
Inveris,PALIPERIDONE,1,ml,Generic,Prescription,PHARMASCIENCE INC.,Canada,Valid,-,,
Pemetrexed Seacross,PEMETREXED,-,-,Generic,Prescription,Sichuan Huiyu Pharmaceutical Company Limited,China,Valid,-,,
 Pemetrexed Seacross,PEMETREXED,-,-,Generic,Prescription,Sichuan Huiyu Pharmaceutical Company Limited,China,Valid,-,,
Closa,"CLOPIDOGREL,ACETYLSALICYLIC ACID",-,-,Generic,Prescription,ACTAVIS,Malta,Valid,-,,
ORSERDU,Elacestrant Dihydrochloride ,-,-,NCE,Prescription,CATALENT,United States,Valid,-,,
ORSERDU,Elacestrant Dihydrochloride ,-,-,NCE,Prescription,CATALENT,United States,Valid,-,,
Tecartus,Brexucabtagene autoleucel ,1,ml,Biological,Prescription,Kite Pharma ,United States,Valid,-,,
Tecartus,Brexucabtagene autoleucel ,2,ml,Biological,Prescription,Kite Pharma ,United States,Valid,-,,
Filsuvez gel,Triterpene extract ,23.4,g,NCE,Prescription,Lichtenheldt GmbH,Germany,Valid,-,,
MenQuadfi,"MENINGOCOCCAL (SEROGROUP A) POLYSACCHARIDE,MENINGOCOCCAL (SEROGROUP C) POLYSACCHARIDE,MENINGOCOCCAL (SEROGROUP Y) POLYSACCHARIDE,MENINGOCOCCAL (SEROGROUP W135) POLYSACCHARIDE,TETANUS TOXOID",0.5,ml,Biological,Prescription,SANOFI PASTEUR,United States,Valid,-,,
Ticaglob,TICAGRELOR,-,-,Generic,Prescription,Global NAPI Pharmaceuticals (GNP),Egypt,Valid,-,,
BAGENTA,GENTAMICIN,2,ml,Generic,Prescription,Egyptian International Pharmaceutical Industries Company (EIPICO),Egypt,Valid,-,,
NIMENRIX,"MENINGOCOCCAL GROUP A, C, W135, Y,TETANUS TOXOID",-,-,Biological,Prescription,Pfizer Manufacturing Belgium N.V.,Belgium,Valid,-,,
Bucaine Spinal,BUPIVACAINE,4,ml,Generic,Prescription,HIKMA ITALIA SPA,Italy,Valid,-,,
Briglor,TICAGRELOR,-,-,Generic,Prescription,M/s Annora Pharma Private Limited,India,Valid,-,,
Briglor,TICAGRELOR,-,-,Generic,Prescription,M/s Annora Pharma Private Limited,India,Valid,-,,
 Monovira,EFAVIRENZ,-,-,Generic,Prescription,Hetero Labs Limited Unit – III,India,Valid,-,,
Solitract Plus,"SOLIFENACIN SUCCINATE,TAMSULOSIN HYDROCHLORIDE",-,-,Generic,Prescription,Eva Pharma for Pharmaceuticals and Medical Appliances,Egypt,Valid,6/3/2025,,
PREVYMIS,LETERMOVIR,-,-,NCE,Prescription,MSD INTERNATIONAL GMBH,Ireland,Valid,-,,
Lacosamide QO,LACOSAMIDE,200,ml,Generic,Prescription,LM Manufacturing Limited,United Kingdom,Valid,-,,
Fentanyl Kalceks,FENTANYL,2,ml,Generic,Prescription,HBM Pharma s.r.o.,Slovakia,Valid,-,,
Fentanyl Kalceks,FENTANYL,10,ml,Generic,Prescription,HBM Pharma s.r.o.,Slovakia,Valid,-,,
Epixx,LEVETIRACETAM,-,-,Generic,Prescription,Abdi Ibrahim Ilac San ve Tic A.S.,Turkey,Valid,-,,
Epixx,LEVETIRACETAM,-,-,Generic,Prescription,Abdi Ibrahim Ilac San ve Tic A.S.,Turkey,Valid,-,,
Epixx,LEVETIRACETAM,-,-,Generic,Prescription,Abdi Ibrahim Ilac San ve Tic A.S.,Turkey,Valid,-,,
Empamac Met,"EMPAGLIFLOZIN,METFORMIN HYDROCHLORIDE",-,-,Generic,Prescription,Ajanta Pharma Limited,India,Valid,-,,
Ultavan,VANCOMYCIN,100,ml,Generic,Prescription,Inforlife S A,Swaziland,Valid,-,,
Toycin,"TOBRAMYCIN,DEXAMETHASONE",5,ml,Generic,Prescription,RAFARM S.A,Greece,Valid,-,,
Tasylev,SEMAGLUTIDE,1.5,ml,Generic,Prescription, Stelis Biopharma Private Limited,India,Valid,-,,
Tasylev,SEMAGLUTIDE,3,ml,Generic,Prescription, Stelis Biopharma Private Limited,India,Valid,-,,
Stenar,CARMUSTINE,-,-,Generic,Prescription,MSN LABORATORIES PRIVATE LIMITED ,India,Valid,-,,
Oxlumo,LUMASIRAN,0.5,ml,NCE,Prescription,"VETTER PHARMA-FERTIGUNG, GMBH & CO. KG",Germany,Valid,-,,
Medrolone,METHYLPREDNISOLONE,500,mg,Generic,Prescription,HIKMA ITALIA SPA,Italy,Valid,-,,
Jakenz,TOFACITINIB,-,-,Generic,Prescription,MSN LABORATORIES PRIVATE LIMITED ,India,Valid,7/29/2025,,
Jakenz,TOFACITINIB,-,-,Generic,Prescription,MSN LABORATORIES PRIVATE LIMITED ,India,Valid,7/29/2025,,
IMCIVREE,SETMELANOTIDE,1,ml,NCE,Prescription,RECIPHARMA,France,Valid,-,,
Gynocin,OXYTOCIN,0.5,ml,Generic,Prescription,Hikma Farmaceutica,Portugal,Valid,-,,
Cardioprol,BISOPROLOL FUMARATE,-,-,Generic,Prescription,The Jordanian Pharmaceutical Manufacturing Medical Equipment Co. Ltd. (JPM),Jordan,Valid,7/14/2025,,
Cardioprol,BISOPROLOL FUMARATE,-,-,Generic,Prescription,The Jordanian Pharmaceutical Manufacturing Medical Equipment Co. Ltd. (JPM),Jordan,Valid,7/14/2025,,
ESOXO,ESOMEPRAZOLE,-,-,Generic,Prescription,Jubilant Generics Limited,India,Valid,6/23/2025,,
 ESOXO,ESOMEPRAZOLE,-,-,Generic,Prescription,Jubilant Generics Limited,India,Valid,-,,
Chinasi,PALBOCICLIB,-,-,Generic,Prescription,Qilu Pharmaceutical Hainan Co Ltd,China,Valid,-,,
Chinasi,PALBOCICLIB,-,-,Generic,Prescription,Qilu Pharmaceutical Hainan Co Ltd,China,Valid,-,,
 Chinasi,PALBOCICLIB,-,-,Generic,Prescription,Qilu Pharmaceutical Hainan Co Ltd,China,Valid,-,,
Catafenac,DICLOFENAC POTASSIUM,-,-,Generic,Prescription,M/s Annora Pharma Private Limited,India,Valid,6/23/2025,,
 Catafenac,DICLOFENAC POTASSIUM,-,-,Generic,Prescription,M/s Annora Pharma Private Limited,India,Valid,6/23/2025,,
FINALLERG,CETIRIZINE HYDROCHLORIDE,-,-,Generic,OTC,Pharma International Co.,Jordan,Valid,-,,
Brevie,BRIVARACETAM,5,ml,Generic,Prescription,MSN LABORATORIES PRIVATE LIMITED ,India,Valid,-,,
Barolex,HYDRALAZINE,-,-,Generic,Prescription,Cadila Healthcare Limited Div Zydus Animal Health,India,Valid,6/23/2025,,
Barolex,HYDRALAZINE,-,-,Generic,Prescription,Cadila Healthcare Limited Div Zydus Animal Health,India,Valid,-,,
Fomicyt,FOSFOMYCIN,100,ml,NCE,Prescription,Fisiopharma S.r.L,Italy,Valid,6/25/2025,,
Fomicyt,FOSFOMYCIN,200,ml,NCE,Prescription,Fisiopharma S.r.L,Italy,Valid,6/25/2025,,
Fomicyt,FOSFOMYCIN,50,ml,NCE,Prescription,Fisiopharma S.r.L,Italy,Valid,-,,
Glycimille,"METFORMIN HYDROCHLORIDE , SITAGLIPTIN",-,-,Generic,Prescription,Macleods Pharmaceuticals Limited,India,Valid,-,,
Gynocin,OXYTOCIN,1,ml,Generic,Prescription,Hikma Farmaceutica,Portugal,Valid,-,,
Polmena,BUDESONIDE,2,ml,-,Prescription,"CF PharmTech, Inc.",China,Valid,8/3/2025,,
FINALLERG,CETIRIZINE DIHYDROCHLORIDE,-,-,Generic,OTC,Pharma International Co.,Jordan,Valid,7/3/2025,,
LABETALOL SALF,LABETALOL HYDROCHLORIDE,20,ml,Generic,Prescription,S.A.L.F. S.p.A. Laboratorio Farmacologico,Italy,Valid,-,,
Barolex,HYDRALAZINE,-,-,Generic,Prescription,Cadila Pharmaceutical LTD,India,Valid,7/3/2025,,
Barolex,HYDRALAZINE,-,-,Generic,Prescription,Cadila Pharmaceutical LTD,India,Valid,-,,
Catafenac,DICLOFENAC POTASSIUM,-,-,Generic,Prescription,M/s Annora Pharma Private Limited,India,Valid,-,,
Catafenac,DICLOFENAC POTASSIUM,-,-,Generic,Prescription,M/s Annora Pharma Private Limited,India,Valid,-,,
Sunitinib Pharmacare,SUNITINIB,-,-,Generic,Prescription,Pharmacare Premium Ltd,Malta,Valid,-,,
Sunitinib Pharmacare,SUNITINIB,-,-,Generic,Prescription,Pharmacare Premium Ltd,Malta,Valid,-,,
Sunitinib Pharmacare,SUNITINIB,-,-,Generic,Prescription,Pharmacare Premium Ltd,Malta,Valid,-,,
Azitromicina Azevedos,AZITHROMYCIN,-,-,Generic,Prescription,"Sofarimex Indústria Química e Farmacêutica, S.A.. ",Portugal,Valid,-,,
Azitromicina Azevedos,AZITHROMYCIN,-,-,Generic,Prescription,"Sofarimex Indústria Química e Farmacêutica, S.A.. ",Portugal,Valid,-,,
Glucose-Na-K Baxter 50 mg/mL,"GLUCOSE MONOHYDRATE,SODIUM CHLORIDE,POTASSIUM CHLORIDE,SODIUM ACETATE TRIHYDRATE,MAGNESIUM CHLORIDE HEXAHYDRATE",1000,ml,Generic,Prescription,Bieffe Medital S.A,Spain,Valid,7/7/2025,,
Epysqli,ECULIZUMAB,30,ml,Biological,Prescription,Eurofins Biopharma Product Testing Ireland Limited ,Ireland,Valid,7/7/2025,,
Brevie,BRIVARACETAM,5,ml,Generic,Prescription,MSN LABORATORIES PRIVATE LIMITED ,India,Valid,-,,
Esoxo,ESOMEPRAZOLE,-,-,Generic,Prescription,Jubilant Generics Limited,India,Valid,-,,
Esoxo,ESOMEPRAZOLE,-,-,Generic,Prescription,Jubilant Generics Limited,India,Valid,-,,
Farinox,ENOXAPARIN SODIUM,1,ml,Biological,Prescription,MS Pharma ,Jordan,Valid,-,,
Vegzelma,Bevacizumab,16,ml,Biological,Prescription,CELLTRION INC,KOREA,Valid,-,,
Vegzelma,Bevacizumab,4,ml,Biological,Prescription,CELLTRION INC,KOREA,Valid,-,,
Forsdapa,DAPAGLIFLOZIN,-,-,Generic,Prescription,Inventia Healthcare Limited,India,Valid,7/7/2025,,
BENDAMUSTINE-VENUS,BENDAMUSTINE HYDROCHLORIDE,-,-,Generic,Prescription,VENUS REMEDIES LIMITED,India,Valid,7/8/2025,,
Palpocent,PALBOCICLIB,-,-,Generic,Prescription,Hetero Labs Limited Unit – V,India,Valid,7/14/2025,,
Palpocent,PALBOCICLIB,-,-,Generic,Prescription,Hetero Labs Limited Unit – V,India,Valid,7/14/2025,,
Palpocent,PALBOCICLIB,-,-,Generic,Prescription,Hetero Labs Limited Unit – V,India,Valid,-,,
EMBA,EMPAGLIFLOZIN,-,-,Generic,Prescription,M/s Annora Pharma Private Limited,India,Valid,-,,
EMBA,EMPAGLIFLOZIN,-,-,Generic,Prescription,M/s Annora Pharma Private Limited,India,Valid,-,,
Olaparib BOS,OLAPARIB,-,-,Generic,Prescription,Natco Pharma Limited,India,Valid,-,,
Vecanzol,VORICONAZOLE,-,-,Generic,Prescription,UNITED PHARMACEUTICAL COMPANY,Jordan,Valid,-,,
Dolutegravir Eva,DOLUTEGRAVIR SODIUM,-,-,Generic,Prescription,Eva Pharma for Pharmaceuticals and Medical Appliances,Egypt,Valid,7/14/2025,,
Eribulin BOS,ERIBULIN MESILATE,2,ml,Generic,Prescription,Natco Pharma Limited,India,Valid,-,,
clopidogrel ALH,CLOPIDOGREL,-,-,Generic,Prescription,MSN LABORATORIES PRIVATE LIMITED ,India,Valid,7/14/2025,,
 Abetyl,ABIRATERONE ACETATE,-,-,Generic,Prescription,Abdi Ibrahim Ilac San ve Tic A.S.,Turkey,Valid,7/21/2025,,
Sodium Valproate,SODIUM VALPROATE,4,ml,Generic,Prescription,Sichuan Huiyu Pharmaceutical Company Limited,China,Valid,-,,
Sitagia,SITAGLIPTIN HYDROCHLORIDE,-,-,Generic,Prescription,MEDREICH LIMITED Unit 7,India,Valid,7/16/2025,,
Nintib,NINTEDANIB,-,-,Generic,Prescription,Cipla Limited ,India,Valid,-,,
Nintib,NINTEDANIB,-,-,Generic,Prescription,Cipla Limited ,India,Valid,-,,
RINOMEL,MILRINONE,10,ml,Generic,Prescription,Emcure Pharmaceuticals Ltd. ,India,Valid,7/16/2025,,
Olesten,COLISTIMETHATE SODIUM,-,-,Generic,Prescription,MS Pharma ,Jordan,Valid,7/16/2025,,
Vascorin,ISOPRENALINE,5,ml,Generic,Prescription,Emcure Pharmaceuticals Ltd. ,India,Valid,-,,
Vascorin,ISOPRENALINE,1,ml,Generic,Prescription,Emcure Pharmaceuticals Ltd. ,India,Valid,-,,
Liv-Gamma,HUMAN NORMAL IMMUNOGLOBULIN,50,ml,Biological,Prescription,SK Plasma Co. Ltd,South Korea,Conditional Approval,-,,
Zolabri,BREXPIPRAZOLE,-,-,Generic,Prescription,Hetero Labs Limited Unit – V,India,Valid,-,,
Zolabri,BREXPIPRAZOLE,-,-,Generic,Prescription,Hetero Labs Limited Unit – V,India,Valid,-,,
Zolabri,BREXPIPRAZOLE,-,-,Generic,Prescription,Hetero Labs Limited Unit – V,India,Valid,-,,
Zolabri,BREXPIPRAZOLE,-,-,Generic,Prescription,Hetero Labs Limited Unit – V,India,Valid,-,,
Zolabri,BREXPIPRAZOLE,-,-,Generic,Prescription,Hetero Labs Limited Unit – V,India,Valid,-,,
Zolabri,BREXPIPRAZOLE,-,-,Generic,Prescription,Hetero Labs Limited Unit – V,India,Valid,-,,
Xonvea,"DOXYLAMINE SUCCINATE,PYRIDOXINE",-,-,NCE,Prescription,Duchesnay Inc,Canada,Valid,-,,
Jedara,IMIQUIMOD,-,-,Generic,Prescription,JERASH PHARMACEUTICALS LIMITED COMPANY,Jordan,Valid,-,,
Lazcluze,Lazertinib,-,-,-,Prescription,Janssen cilag SpA,Italy,Valid,-,,
Lazcluze,Lazertinib,-,-,NCE,Prescription,Janssen cilag SpA,Italy,Valid,-,,
Polivy,POLATUZUMAB VEDOTIN,-,-,Biological,Prescription,F. Hoffmann-La Roche Ltd.,Switzerland,Valid,-,,
TIDILOR,LORATADINE,-,-,Generic,OTC,Pharma International Co.,Jordan,Valid,7/17/2025,,
Glofel,TADALAFIL,-,-,Generic,Prescription,GLOBAL PHARMA,United Arab Emirates,Valid,-,,
Tekam,KETAMINE,10,ml,Generic,Prescription,Hikma Farmaceutica,Portugal,Valid,-,,
Omisec,OMEPRAZOLE,-,-,Generic,Prescription,MS Pharma ,Jordan,Valid,-,,
Zistan,CHLORPHENIRAMINE MALEATE,-,-,Generic,OTC,KUWAIT SAUDI PHARMACEUTICAL INDUSTRIES,Kuwait,Valid,-,,
Olmidip HCT,"OLMESARTAN MEDOXOMIL,AMLODIPINE BESILATE,HYDROCHLOROTHIAZIDE",-,-,Generic,Prescription,LABORATORIOS CINFA SA,Spain,Valid,7/17/2025,,
Olmidip HCT,"OLMESARTAN MEDOXOMIL,AMLODIPINE BESILATE,HYDROCHLOROTHIAZIDE",-,-,Generic,Prescription,LABORATORIOS CINFA SA,Spain,Valid,-,,
Olmidip HCT,"OLMESARTAN MEDOXOMIL,AMLODIPINE BESILATE,HYDROCHLOROTHIAZIDE",-,-,Generic,Prescription,LABORATORIOS CINFA SA,Spain,Valid,-,,
Olmidip HCT,"OLMESARTAN MEDOXOMIL,AMLODIPINE BESILATE,HYDROCHLOROTHIAZIDE",-,-,Generic,Prescription,LABORATORIOS CINFA SA,Spain,Valid,-,,
Olmidip HCT,"OLMESARTAN MEDOXOMIL,AMLODIPINE BESILATE,HYDROCHLOROTHIAZIDE",-,-,Generic,Prescription,LABORATORIOS CINFA SA,Spain,Valid,-,,
Solitrol,SOLIFENACIN SUCCINATE,-,-,Generic,Prescription,Apex Pharma Egypt,Egypt,Valid,7/17/2025,,
Solitrol,SOLIFENACIN SUCCINATE,-,-,Generic,Prescription,Apex Pharma Egypt,Egypt,Valid,-,,
Coduro,TADALAFIL,-,-,Generic,Prescription,LABORATORIOS CINFA SA,Spain,Valid,-,,
Coduro,TADALAFIL,-,-,Generic,Prescription,LABORATORIOS CINFA SA,Spain,Valid,-,,
Coduro,TADALAFIL,-,-,Generic,Prescription,LABORATORIOS CINFA SA,Spain,Valid,-,,
Arsenic Trioxide Nexus,ARSENIC TRIOXIDE,10,ml,Generic,Prescription,CENEXI-LABORATORIES,Belgium,Valid,-,,
Dapagloz,DAPAGLIFLOZIN,-,-,Generic,Prescription,Apex Pharma Egypt,Egypt,Valid,-,,
Dapagloz,DAPAGLIFLOZIN,-,-,Generic,Prescription,Apex Pharma Egypt,Egypt,Valid,-,,
Hadlima,ADALIMUMAB,0.4,ml,Biological,Prescription,Catalent Belgium SA,Belgium,Valid,-,,
Hadlima,ADALIMUMAB,0.4,ml,Biological,Prescription,Catalent Belgium SA,Belgium,Valid,-,,
Pulmistad,BUDESONIDE,2,ml,Generic,Prescription,Genetic S.p.A,Italy,Valid,-,,
Pulmistad,BUDESONIDE,2,ml,Generic,Prescription,Genetic S.p.A,Italy,Valid,-,,
Dexrofex,DEFERASIROX,-,-,Generic,Prescription,M/s Annora Pharma Private Limited,India,Valid,-,,
Telfast,FEXOFENADINE HYDROCHLORIDE,-,-,NCE,OTC,SANOFI WINTHROP INDUSTRIE,France,Valid,-,,
Telfast,FEXOFENADINE HYDROCHLORIDE,-,-,NCE,OTC,SANOFI WINTHROP INDUSTRIE,France,Valid,-,,
Amelivu,RANIBIZUMAB,0.23,ml,Biological,Prescription,Patheon Italia S.P.A.,Italy,Valid,-,,
Cystadane,BETAINE,-,-,NCE,Prescription,ROPACKINC,Canada,Valid,-,,
Raltavir,RALTEGRAVIR POTASSIUM,-,-,Generic,Prescription,Hetero Labs Limited Unit – III,India,Valid,-,,
Lidolinz,LINEZOLID,-,-,Generic,Prescription,ACTAVIS,Malta,Valid,-,,
NTARIBZ,NINTEDANIB,-,-,Generic,Prescription,OLIVE HEALTHCARE,India,Valid,-,,
NTARIBZ,NINTEDANIB,-,-,Generic,Prescription,OLIVE HEALTHCARE,India,Valid,-,,
SITAJUB,Sitagliptin Phosphate Monohydrate,-,-,Generic,Prescription,Jubilant Generics Limited,India,Valid,-,,
SITAJUB,Sitagliptin Phosphate Monohydrate,-,-,Generic,Prescription,Jubilant Generics Limited,India,Valid,-,,
SITAJUB,Sitagliptin Phosphate Monohydrate,-,-,Generic,Prescription,Jubilant Generics Limited,India,Valid,-,,
Ruconest,recombinant human C1 esterase inhibitor,-,-,Biological,Prescription,BioConnection B.V,Netherlands,Valid,-,,
VELOMAXTO,ABIRATERONE ACETATE,-,-,Generic,Prescription,Glenmark Pharmaceuticals Limited - Baddi,India,Valid,-,,
VELOMAXTO,ABIRATERONE ACETATE,-,-,Generic,Prescription,Glenmark Pharmaceuticals Limited - Baddi,India,Valid,-,,
Losapil,LACOSAMIDE,-,-,Generic,Prescription,UNITED PHARMACEUTICAL COMPANY,Jordan,Valid,-,,
Losapil,LACOSAMIDE,-,-,Generic,Prescription,UNITED PHARMACEUTICAL COMPANY,Jordan,Valid,-,,
Losapil,LACOSAMIDE,-,-,Generic,Prescription,UNITED PHARMACEUTICAL COMPANY,Jordan,Valid,-,,
Altan,PRUCALOPRIDE,-,-,Generic,Prescription,UNITED PHARMACEUTICAL COMPANY,Jordan,Valid,-,,
Alfacort,HYDROCORTISONE,30,g,Generic,Prescription,Gulf Pharmaceutical Industries (Julphar),United Arab Emirates,Valid,-,,
Ucedane,CARGLUMIC ACID,-,-,Generic,Prescription,UNITHER DEVELOPPEMENT BORDEAUX,France,Valid,-,,
Ucedane,CARGLUMIC ACID,-,-,Generic,Prescription,UNITHER DEVELOPPEMENT BORDEAUX,France,Valid,-,,
Welldorm Elixir,CHLORAL HYDRATE,150,ml,NCE,Prescription,Laboratorium Sanitatis,Spain,Valid,-,,
Survilor,TICAGRELOR,-,-,Generic,Prescription,Apex Pharma Egypt,Egypt,Valid,-,,
chinasi,PALBOCICLIB,-,-,Generic,Prescription,Qilu Pharmaceutical Hainan Co Ltd,China,Valid,-,,
Chinasi,PALBOCICLIB,-,-,Generic,Prescription,Qilu Pharmaceutical Hainan Co Ltd,China,Valid,-,,
Chinasi,PALBOCICLIB,-,-,Generic,Prescription,Qilu Pharmaceutical Hainan Co Ltd,China,Valid,-,,
Aminoplasmal paed,Amino Acids ,250,ml,Generic,Prescription,B. BRAUN,Germany,Valid,7/31/2025,,
Cladribine Atnahs,CLADRIBINE,10,ml,NCE,Prescription,Zydus Hospira Oncology Private Limited ZHOPL ,India,Valid,-,,
Dapagliflozin Evapharma,DAPAGLIFLOZIN,-,-,Generic,Prescription,EVA PHARMA,Egypt,Valid,-,,
Dapagliflozin Evapharma,DAPAGLIFLOZIN,-,-,Generic,Prescription,EVA PHARMA,Egypt,Valid,-,,
Leqembi,LECANEMAB,2,ml,Biological,Prescription,Biogen MA Inc,United States,Valid,-,,
Leqembi,LECANEMAB,5,ml,Biological,Prescription,Biogen MA Inc,United States,Valid,-,,
PIRDONE,PIRFENIDONE,-,-,Generic,Prescription,Hetero Labs Limited Unit – V,India,Valid,-,,
